{
    "gmd_bus": {
        "5": {
            "volt_mag": -484.4312196038996,
            "gic_blocker": 1.000000009963691
        },
        "16": {
            "volt_mag": 0.0,
            "gic_blocker": 0.0
        },
        "20": {
            "volt_mag": 0.0,
            "gic_blocker": 0.0
        },
        "12": {
            "volt_mag": -618.1807929095241,
            "gic_blocker": 0.0
        },
        "24": {
            "volt_mag": 0.0,
            "gic_blocker": 0.0
        },
        "8": {
            "volt_mag": 1266.823656187349,
            "gic_blocker": 0.9999999999984112
        },
        "17": {
            "volt_mag": 722.7343712449181,
            "gic_blocker": 0.0
        },
        "1": {
            "volt_mag": 0.0,
            "gic_blocker": 0.0
        },
        "19": {
            "volt_mag": 0.0,
            "gic_blocker": 0.0
        },
        "22": {
            "volt_mag": -1.1655264591917989e-5,
            "gic_blocker": 0.0
        },
        "23": {
            "volt_mag": -413.1934441934857,
            "gic_blocker": 0.0
        },
        "6": {
            "volt_mag": 450.82864291765236,
            "gic_blocker": 0.9999999999930235
        },
        "11": {
            "volt_mag": -618.1708122389789,
            "gic_blocker": 0.0
        },
        "9": {
            "volt_mag": 0.0,
            "gic_blocker": 0.0
        },
        "14": {
            "volt_mag": 450.82864291843873,
            "gic_blocker": 0.0
        },
        "3": {
            "volt_mag": -1.1279288323855534e-5,
            "gic_blocker": 0.0
        },
        "7": {
            "volt_mag": 0.0,
            "gic_blocker": 0.0
        },
        "25": {
            "volt_mag": 0.0,
            "gic_blocker": 0.0
        },
        "4": {
            "volt_mag": -618.1720598473993,
            "gic_blocker": 1.000000009562517
        },
        "13": {
            "volt_mag": -484.43161099180776,
            "gic_blocker": 0.0
        },
        "15": {
            "volt_mag": 0.0,
            "gic_blocker": 0.0
        },
        "2": {
            "volt_mag": -413.1934442295915,
            "gic_blocker": 1.0000000010485892
        },
        "10": {
            "volt_mag": -1017.352828105798,
            "gic_blocker": 0.0
        },
        "18": {
            "volt_mag": 1266.823656187684,
            "gic_blocker": 0.0
        },
        "21": {
            "volt_mag": 0.013176015266260815,
            "gic_blocker": 0.0
        },
        "26": {
            "volt_mag": -484.43063203935026,
            "gic_blocker": 0.0
        },
        "27": {
            "volt_mag": -484.3555622835516,
            "gic_blocker": 0.0
        }
    },
    "bus": {
        "5": {
            "qd": 2.975,
            "pd": 10.8
        },
        "16": {
            "qd": 2.0,
            "pd": 4.0
        },
        "20": {
            "qd": 0.0,
            "pd": 0.0
        },
        "12": {
            "qd": 0.0,
            "pd": 0.0
        },
        "8": {
            "qd": 0.0,
            "pd": 0.0
        },
        "17": {
            "qd": 0.0,
            "pd": 0.0
        },
        "1": {
            "qd": 0.0,
            "pd": 0.0
        },
        "19": {
            "qd": 0.0,
            "pd": 0.0
        },
        "6": {
            "qd": 1.7249999999999999,
            "pd": 3.1500000000000004
        },
        "11": {
            "qd": 0.0,
            "pd": 0.0
        },
        "14": {
            "qd": 0.0,
            "pd": 0.0
        },
        "3": {
            "qd": 0.0,
            "pd": 0.0
        },
        "7": {
            "qd": 0.0,
            "pd": 0.0
        },
        "4": {
            "qd": 7.199999999999999,
            "pd": 14.25
        },
        "13": {
            "qd": 0.0,
            "pd": 0.0
        },
        "15": {
            "qd": 4.0,
            "pd": 13.200000000000001
        },
        "2": {
            "qd": 0.0,
            "pd": 0.0
        },
        "21": {
            "qd": 0.0,
            "pd": 0.0
        },
        "18": {
            "qd": 0.0,
            "pd": 0.0
        }
    }
}
