{
    "gmd_bus": {
        "5": {
            "volt_mag": -118.34605424784678,
            "gic_blocker": 0.0
        },
        "16": {
            "volt_mag": 0.0,
            "gic_blocker": 0.0
        },
        "20": {
            "volt_mag": 0.0,
            "gic_blocker": 0.0
        },
        "12": {
            "volt_mag": -364.75581987683546,
            "gic_blocker": 0.0
        },
        "24": {
            "volt_mag": 0.0,
            "gic_blocker": 0.0
        },
        "8": {
            "volt_mag": 69.28353545937564,
            "gic_blocker": 0.0
        },
        "17": {
            "volt_mag": 73.68890610559471,
            "gic_blocker": 0.0
        },
        "1": {
            "volt_mag": 0.0,
            "gic_blocker": 0.0
        },
        "19": {
            "volt_mag": 0.0,
            "gic_blocker": 0.0
        },
        "22": {
            "volt_mag": 51.96678105806468,
            "gic_blocker": 0.0
        },
        "23": {
            "volt_mag": -52.40218690440681,
            "gic_blocker": 0.0
        },
        "6": {
            "volt_mag": 109.32287914033897,
            "gic_blocker": 0.0
        },
        "11": {
            "volt_mag": -361.89256131164973,
            "gic_blocker": 0.0
        },
        "9": {
            "volt_mag": 0.0,
            "gic_blocker": 0.0
        },
        "14": {
            "volt_mag": 136.65359892542372,
            "gic_blocker": 0.0
        },
        "3": {
            "volt_mag": 51.96678105000524,
            "gic_blocker": 0.999999995347346
        },
        "7": {
            "volt_mag": 0.0,
            "gic_blocker": 0.0
        },
        "25": {
            "volt_mag": 0.0,
            "gic_blocker": 0.0
        },
        "4": {
            "volt_mag": -360.7473546618393,
            "gic_blocker": -7.286552093267522e-9
        },
        "13": {
            "volt_mag": -124.68670084724907,
            "gic_blocker": 0.0
        },
        "15": {
            "volt_mag": 0.0,
            "gic_blocker": 0.0
        },
        "2": {
            "volt_mag": -48.371249487430326,
            "gic_blocker": 0.0
        },
        "10": {
            "volt_mag": -708.9064944767496,
            "gic_blocker": 0.0
        },
        "18": {
            "volt_mag": 80.83079125379902,
            "gic_blocker": 0.0
        },
        "21": {
            "volt_mag": 47.68290785864276,
            "gic_blocker": 0.0
        },
        "26": {
            "volt_mag": -120.66968953575375,
            "gic_blocker": 0.0
        },
        "27": {
            "volt_mag": -1133.401027422875,
            "gic_blocker": 0.0
        }
    },
    "bus": {
        "5": {
            "qd": 4.2,
            "pd": 13.799999999999999
        },
        "16": {
            "qd": 1.9,
            "pd": 4.0
        },
        "20": {
            "qd": 0.0,
            "pd": 0.0
        },
        "12": {
            "qd": 0.0,
            "pd": 0.0
        },
        "8": {
            "qd": 0.0,
            "pd": 0.0
        },
        "17": {
            "qd": 0.0,
            "pd": 0.0
        },
        "1": {
            "qd": 0.0,
            "pd": 0.0
        },
        "19": {
            "qd": 0.0,
            "pd": 0.0
        },
        "6": {
            "qd": 1.2000000000000002,
            "pd": 2.55
        },
        "11": {
            "qd": 0.0,
            "pd": 0.0
        },
        "14": {
            "qd": 0.0,
            "pd": 0.0
        },
        "3": {
            "qd": 0.0,
            "pd": 0.0
        },
        "7": {
            "qd": 0.0,
            "pd": 0.0
        },
        "4": {
            "qd": 6.0,
            "pd": 13.5
        },
        "13": {
            "qd": 0.0,
            "pd": 0.0
        },
        "15": {
            "qd": 4.0,
            "pd": 13.799999999999999
        },
        "2": {
            "qd": 0.0,
            "pd": 0.0
        },
        "21": {
            "qd": 0.0,
            "pd": 0.0
        },
        "18": {
            "qd": 0.0,
            "pd": 0.0
        }
    }
}
