{
    "gmd_bus": {
        "5": {
            "volt_mag": -121.88679076205877,
            "gic_blocker": 0.0
        },
        "16": {
            "volt_mag": 0.0,
            "gic_blocker": 0.0
        },
        "20": {
            "volt_mag": 0.0,
            "gic_blocker": 0.0
        },
        "12": {
            "volt_mag": -374.1543467581076,
            "gic_blocker": 0.0
        },
        "24": {
            "volt_mag": 0.0,
            "gic_blocker": 0.0
        },
        "8": {
            "volt_mag": 68.88654051739024,
            "gic_blocker": 0.0
        },
        "17": {
            "volt_mag": 70.14903454021989,
            "gic_blocker": 0.0
        },
        "1": {
            "volt_mag": 0.0,
            "gic_blocker": 0.0
        },
        "19": {
            "volt_mag": 0.0,
            "gic_blocker": 0.0
        },
        "22": {
            "volt_mag": 22.87058221554774,
            "gic_blocker": 0.0
        },
        "23": {
            "volt_mag": -56.37360984843917,
            "gic_blocker": 0.0
        },
        "6": {
            "volt_mag": 104.95593478008755,
            "gic_blocker": 0.0
        },
        "11": {
            "volt_mag": -371.20866345250784,
            "gic_blocker": 0.0
        },
        "9": {
            "volt_mag": 0.0,
            "gic_blocker": 0.0
        },
        "14": {
            "volt_mag": 131.19491847510943,
            "gic_blocker": 0.0
        },
        "3": {
            "volt_mag": 22.132821516766217,
            "gic_blocker": 0.0
        },
        "7": {
            "volt_mag": 0.0,
            "gic_blocker": 0.0
        },
        "25": {
            "volt_mag": 0.0,
            "gic_blocker": 0.0
        },
        "4": {
            "volt_mag": -370.03506112969774,
            "gic_blocker": 0.0
        },
        "13": {
            "volt_mag": -128.3374265891275,
            "gic_blocker": 0.0
        },
        "15": {
            "volt_mag": 0.0,
            "gic_blocker": 0.0
        },
        "2": {
            "volt_mag": -52.03717836166475,
            "gic_blocker": 0.0
        },
        "10": {
            "volt_mag": -715.5547787444035,
            "gic_blocker": 0.0
        },
        "18": {
            "volt_mag": 80.36763048881105,
            "gic_blocker": 0.0
        },
        "21": {
            "volt_mag": 19.34375765624561,
            "gic_blocker": 0.0
        },
        "26": {
            "volt_mag": -124.39951585576273,
            "gic_blocker": 0.0
        },
        "27": {
            "volt_mag": -1136.9408989882497,
            "gic_blocker": 0.0
        }
    },
    "bus": {
        "5": {
            "qd": 2.8000000000000003,
            "pd": 14.399999999999999
        },
        "16": {
            "qd": 2.2,
            "pd": 6.0
        },
        "20": {
            "qd": 0.0,
            "pd": 0.0
        },
        "12": {
            "qd": 0.0,
            "pd": 0.0
        },
        "8": {
            "qd": 0.0,
            "pd": 0.0
        },
        "17": {
            "qd": 0.0,
            "pd": 0.0
        },
        "1": {
            "qd": 0.0,
            "pd": 0.0
        },
        "19": {
            "qd": 0.0,
            "pd": 0.0
        },
        "6": {
            "qd": 1.35,
            "pd": 3.5999999999999996
        },
        "11": {
            "qd": 0.0,
            "pd": 0.0
        },
        "14": {
            "qd": 0.0,
            "pd": 0.0
        },
        "3": {
            "qd": 0.0,
            "pd": 0.0
        },
        "7": {
            "qd": 0.0,
            "pd": 0.0
        },
        "4": {
            "qd": 5.699999999999999,
            "pd": 14.25
        },
        "13": {
            "qd": 0.0,
            "pd": 0.0
        },
        "15": {
            "qd": 4.25,
            "pd": 13.799999999999999
        },
        "2": {
            "qd": 0.0,
            "pd": 0.0
        },
        "21": {
            "qd": 0.0,
            "pd": 0.0
        },
        "18": {
            "qd": 0.0,
            "pd": 0.0
        }
    }
}
