{
    "gmd_bus": {
        "5": {
            "volt_mag": -108.16883624444182,
            "gic_blocker": -6.872840295904948e-9
        },
        "16": {
            "volt_mag": 0.0,
            "gic_blocker": 0.0
        },
        "20": {
            "volt_mag": 0.0,
            "gic_blocker": 0.0
        },
        "12": {
            "volt_mag": -343.57931896171897,
            "gic_blocker": 0.0
        },
        "24": {
            "volt_mag": 0.0,
            "gic_blocker": 0.0
        },
        "8": {
            "volt_mag": 1020.4308050942182,
            "gic_blocker": 1.0
        },
        "17": {
            "volt_mag": 476.3415201358527,
            "gic_blocker": 0.0
        },
        "1": {
            "volt_mag": 0.0,
            "gic_blocker": 1.0
        },
        "19": {
            "volt_mag": 0.0,
            "gic_blocker": 0.0
        },
        "22": {
            "volt_mag": 88.57355334046103,
            "gic_blocker": 0.0
        },
        "23": {
            "volt_mag": -46.35996249699424,
            "gic_blocker": 0.0
        },
        "6": {
            "volt_mag": 163.5486331631827,
            "gic_blocker": -8.454150963657192e-9
        },
        "11": {
            "volt_mag": -340.91150283069004,
            "gic_blocker": 0.0
        },
        "9": {
            "volt_mag": 0.0,
            "gic_blocker": 0.0
        },
        "14": {
            "volt_mag": 204.43579179964462,
            "gic_blocker": 0.0
        },
        "3": {
            "volt_mag": 88.57355269184656,
            "gic_blocker": 0.9999997803132621
        },
        "7": {
            "volt_mag": 0.0,
            "gic_blocker": 0.0
        },
        "25": {
            "volt_mag": 0.0,
            "gic_blocker": 1.0
        },
        "4": {
            "volt_mag": -339.8290255830516,
            "gic_blocker": -5.67132028049548e-9
        },
        "13": {
            "volt_mag": -113.94832480312044,
            "gic_blocker": 0.0
        },
        "15": {
            "volt_mag": 0.0,
            "gic_blocker": 0.0
        },
        "2": {
            "volt_mag": -42.79381177662859,
            "gic_blocker": 6.319377830850776e-8
        },
        "10": {
            "volt_mag": -695.3822144250562,
            "gic_blocker": 0.0
        },
        "18": {
            "volt_mag": 1020.4308050942182,
            "gic_blocker": 0.0
        },
        "21": {
            "volt_mag": 84.6808270796288,
            "gic_blocker": 0.0
        },
        "26": {
            "volt_mag": -110.31648688847996,
            "gic_blocker": 0.0
        },
        "27": {
            "volt_mag": -730.7484133926171,
            "gic_blocker": 0.0
        }
    },
    "bus": {
        "5": {
            "qd": 3.3249999999999997,
            "pd": 10.2
        },
        "16": {
            "qd": 2.2,
            "pd": 4.75
        },
        "20": {
            "qd": 0.0,
            "pd": 0.0
        },
        "12": {
            "qd": 0.0,
            "pd": 0.0
        },
        "8": {
            "qd": 0.0,
            "pd": 0.0
        },
        "17": {
            "qd": 0.0,
            "pd": 0.0
        },
        "1": {
            "qd": 0.0,
            "pd": 0.0
        },
        "19": {
            "qd": 0.0,
            "pd": 0.0
        },
        "6": {
            "qd": 1.275,
            "pd": 3.3000000000000003
        },
        "11": {
            "qd": 0.0,
            "pd": 0.0
        },
        "14": {
            "qd": 0.0,
            "pd": 0.0
        },
        "3": {
            "qd": 0.0,
            "pd": 0.0
        },
        "7": {
            "qd": 0.0,
            "pd": 0.0
        },
        "4": {
            "qd": 6.300000000000001,
            "pd": 17.25
        },
        "13": {
            "qd": 0.0,
            "pd": 0.0
        },
        "15": {
            "qd": 5.25,
            "pd": 12.600000000000001
        },
        "2": {
            "qd": 0.0,
            "pd": 0.0
        },
        "21": {
            "qd": 0.0,
            "pd": 0.0
        },
        "18": {
            "qd": 0.0,
            "pd": 0.0
        }
    }
}
