{
    "gmd_bus": {
        "5": {
            "volt_mag": -484.43121942196666,
            "gic_blocker": 1.0000000099639161
        },
        "16": {
            "volt_mag": 0.0,
            "gic_blocker": 0.0
        },
        "20": {
            "volt_mag": 0.0,
            "gic_blocker": 0.0
        },
        "12": {
            "volt_mag": -618.1807927358814,
            "gic_blocker": 0.0
        },
        "24": {
            "volt_mag": 0.0,
            "gic_blocker": 0.0
        },
        "8": {
            "volt_mag": 1266.8236563279197,
            "gic_blocker": 0.9999999999986945
        },
        "17": {
            "volt_mag": 722.7343713826477,
            "gic_blocker": 0.0
        },
        "1": {
            "volt_mag": 0.0,
            "gic_blocker": 0.0
        },
        "19": {
            "volt_mag": 0.0,
            "gic_blocker": 0.0
        },
        "22": {
            "volt_mag": -1.1555216996762232e-5,
            "gic_blocker": 0.0
        },
        "23": {
            "volt_mag": -413.1934437143133,
            "gic_blocker": 0.0
        },
        "6": {
            "volt_mag": 450.8286430535579,
            "gic_blocker": 0.9999999999922324
        },
        "11": {
            "volt_mag": -618.1708120644231,
            "gic_blocker": 1.0
        },
        "9": {
            "volt_mag": 0.0,
            "gic_blocker": 0.0
        },
        "14": {
            "volt_mag": 450.8286430544334,
            "gic_blocker": 0.0
        },
        "3": {
            "volt_mag": -1.1182468070400926e-5,
            "gic_blocker": 0.0
        },
        "7": {
            "volt_mag": 0.0,
            "gic_blocker": 0.0
        },
        "25": {
            "volt_mag": 0.0,
            "gic_blocker": 0.0
        },
        "4": {
            "volt_mag": -618.1720596730273,
            "gic_blocker": 1.0000000095895776
        },
        "13": {
            "volt_mag": -484.4316108103144,
            "gic_blocker": 0.0
        },
        "15": {
            "volt_mag": 0.0,
            "gic_blocker": 0.0
        },
        "2": {
            "volt_mag": -413.19344374205417,
            "gic_blocker": 1.0000000008056502
        },
        "10": {
            "volt_mag": -1017.3528277791917,
            "gic_blocker": 0.0
        },
        "18": {
            "volt_mag": 1266.8236563281955,
            "gic_blocker": 0.0
        },
        "21": {
            "volt_mag": 0.013176117105177085,
            "gic_blocker": 0.0
        },
        "26": {
            "volt_mag": -484.43063185674714,
            "gic_blocker": 0.0
        },
        "27": {
            "volt_mag": -484.355562145822,
            "gic_blocker": 0.0
        }
    },
    "bus": {
        "5": {
            "qd": 4.2,
            "pd": 13.200000000000001
        },
        "16": {
            "qd": 1.8,
            "pd": 4.75
        },
        "20": {
            "qd": 0.0,
            "pd": 0.0
        },
        "12": {
            "qd": 0.0,
            "pd": 0.0
        },
        "8": {
            "qd": 0.0,
            "pd": 0.0
        },
        "17": {
            "qd": 0.0,
            "pd": 0.0
        },
        "1": {
            "qd": 0.0,
            "pd": 0.0
        },
        "19": {
            "qd": 0.0,
            "pd": 0.0
        },
        "6": {
            "qd": 1.2000000000000002,
            "pd": 2.4000000000000004
        },
        "11": {
            "qd": 0.0,
            "pd": 0.0
        },
        "14": {
            "qd": 0.0,
            "pd": 0.0
        },
        "3": {
            "qd": 0.0,
            "pd": 0.0
        },
        "7": {
            "qd": 0.0,
            "pd": 0.0
        },
        "4": {
            "qd": 5.4,
            "pd": 13.5
        },
        "13": {
            "qd": 0.0,
            "pd": 0.0
        },
        "15": {
            "qd": 4.0,
            "pd": 12.600000000000001
        },
        "2": {
            "qd": 0.0,
            "pd": 0.0
        },
        "21": {
            "qd": 0.0,
            "pd": 0.0
        },
        "18": {
            "qd": 0.0,
            "pd": 0.0
        }
    }
}
