{
    "gmd_bus": {
        "5": {
            "volt_mag": -484.43121938322554,
            "gic_blocker": 1.0000000099634778
        },
        "16": {
            "volt_mag": 0.0,
            "gic_blocker": 0.0
        },
        "20": {
            "volt_mag": 0.0,
            "gic_blocker": 0.0
        },
        "12": {
            "volt_mag": -618.1807926974677,
            "gic_blocker": 0.0
        },
        "24": {
            "volt_mag": 0.0,
            "gic_blocker": 0.0
        },
        "8": {
            "volt_mag": 1266.8236563582423,
            "gic_blocker": 0.9999999999987721
        },
        "17": {
            "volt_mag": 722.7343714121909,
            "gic_blocker": 0.0
        },
        "1": {
            "volt_mag": 0.0,
            "gic_blocker": 0.0
        },
        "19": {
            "volt_mag": 0.0,
            "gic_blocker": 0.0
        },
        "22": {
            "volt_mag": -1.1534545865228088e-5,
            "gic_blocker": 0.0
        },
        "23": {
            "volt_mag": -413.19344362534497,
            "gic_blocker": 0.0
        },
        "6": {
            "volt_mag": 450.82864308261765,
            "gic_blocker": 0.9999999999921618
        },
        "11": {
            "volt_mag": -618.1708120257689,
            "gic_blocker": 0.0
        },
        "9": {
            "volt_mag": 0.0,
            "gic_blocker": 0.0
        },
        "14": {
            "volt_mag": 450.828643083501,
            "gic_blocker": 0.0
        },
        "3": {
            "volt_mag": -1.1162463749545299e-5,
            "gic_blocker": 0.0
        },
        "7": {
            "volt_mag": 0.0,
            "gic_blocker": 0.0
        },
        "25": {
            "volt_mag": 0.0,
            "gic_blocker": 0.0
        },
        "4": {
            "volt_mag": -618.1720596343608,
            "gic_blocker": 1.0000000095731056
        },
        "13": {
            "volt_mag": -484.4316107716422,
            "gic_blocker": 0.0
        },
        "15": {
            "volt_mag": 0.0,
            "gic_blocker": 0.0
        },
        "2": {
            "volt_mag": -413.19344365163505,
            "gic_blocker": 1.000000000763515
        },
        "10": {
            "volt_mag": -1017.352827715423,
            "gic_blocker": 0.0
        },
        "18": {
            "volt_mag": 1266.8236563585015,
            "gic_blocker": 0.0
        },
        "21": {
            "volt_mag": 0.013176138202822912,
            "gic_blocker": 0.0
        },
        "26": {
            "volt_mag": -484.4306318179238,
            "gic_blocker": 0.0
        },
        "27": {
            "volt_mag": -484.35556211627886,
            "gic_blocker": 0.0
        }
    },
    "bus": {
        "5": {
            "qd": 3.8500000000000005,
            "pd": 12.600000000000001
        },
        "16": {
            "qd": 1.7,
            "pd": 4.0
        },
        "20": {
            "qd": 0.0,
            "pd": 0.0
        },
        "12": {
            "qd": 0.0,
            "pd": 0.0
        },
        "8": {
            "qd": 0.0,
            "pd": 0.0
        },
        "17": {
            "qd": 0.0,
            "pd": 0.0
        },
        "1": {
            "qd": 0.0,
            "pd": 0.0
        },
        "19": {
            "qd": 0.0,
            "pd": 0.0
        },
        "6": {
            "qd": 1.5,
            "pd": 2.4000000000000004
        },
        "11": {
            "qd": 0.0,
            "pd": 0.0
        },
        "14": {
            "qd": 0.0,
            "pd": 0.0
        },
        "3": {
            "qd": 0.0,
            "pd": 0.0
        },
        "7": {
            "qd": 0.0,
            "pd": 0.0
        },
        "4": {
            "qd": 6.8999999999999995,
            "pd": 12.75
        },
        "13": {
            "qd": 0.0,
            "pd": 0.0
        },
        "15": {
            "qd": 4.0,
            "pd": 10.2
        },
        "2": {
            "qd": 0.0,
            "pd": 0.0
        },
        "21": {
            "qd": 0.0,
            "pd": 0.0
        },
        "18": {
            "qd": 0.0,
            "pd": 0.0
        }
    }
}
