{
    "gmd_bus": {
        "5": {
            "volt_mag": -484.43121940176906,
            "gic_blocker": 1.00000000996369
        },
        "16": {
            "volt_mag": 0.0,
            "gic_blocker": 0.0
        },
        "20": {
            "volt_mag": 0.0,
            "gic_blocker": 0.0
        },
        "12": {
            "volt_mag": -618.1807927153086,
            "gic_blocker": 0.0
        },
        "24": {
            "volt_mag": 0.0,
            "gic_blocker": 0.0
        },
        "8": {
            "volt_mag": 1266.8236563733105,
            "gic_blocker": 1.0000000000000273
        },
        "17": {
            "volt_mag": 722.7343714146714,
            "gic_blocker": 0.0
        },
        "1": {
            "volt_mag": 0.0,
            "gic_blocker": 0.0
        },
        "19": {
            "volt_mag": 0.0,
            "gic_blocker": 0.0
        },
        "22": {
            "volt_mag": -1.1544158232356796e-5,
            "gic_blocker": 0.0
        },
        "23": {
            "volt_mag": -413.19344369164577,
            "gic_blocker": 0.0
        },
        "6": {
            "volt_mag": 450.82864307777953,
            "gic_blocker": 0.9999999999954156
        },
        "11": {
            "volt_mag": -618.1708120437619,
            "gic_blocker": 0.0
        },
        "9": {
            "volt_mag": 0.0,
            "gic_blocker": 0.0
        },
        "14": {
            "volt_mag": 450.82864307829624,
            "gic_blocker": 0.0
        },
        "3": {
            "volt_mag": -1.1171766040322516e-5,
            "gic_blocker": 0.0
        },
        "7": {
            "volt_mag": 0.0,
            "gic_blocker": 0.0
        },
        "25": {
            "volt_mag": 0.0,
            "gic_blocker": 0.0
        },
        "4": {
            "volt_mag": -618.1720596523281,
            "gic_blocker": 1.0000000095705397
        },
        "13": {
            "volt_mag": -484.4316107900865,
            "gic_blocker": 0.0
        },
        "15": {
            "volt_mag": 0.0,
            "gic_blocker": 0.0
        },
        "2": {
            "volt_mag": -413.19344371922983,
            "gic_blocker": 1.0000000008010945
        },
        "10": {
            "volt_mag": -1017.352827757529,
            "gic_blocker": 0.0
        },
        "18": {
            "volt_mag": 1266.8236563733049,
            "gic_blocker": 0.0
        },
        "21": {
            "volt_mag": 0.013176128557071176,
            "gic_blocker": 0.0
        },
        "26": {
            "volt_mag": -484.4306318366059,
            "gic_blocker": 0.0
        },
        "27": {
            "volt_mag": -484.35556211379827,
            "gic_blocker": 0.0
        }
    },
    "bus": {
        "5": {
            "qd": 3.5,
            "pd": 9.600000000000001
        },
        "16": {
            "qd": 1.9,
            "pd": 4.0
        },
        "20": {
            "qd": 0.0,
            "pd": 0.0
        },
        "12": {
            "qd": 0.0,
            "pd": 0.0
        },
        "8": {
            "qd": 0.0,
            "pd": 0.0
        },
        "17": {
            "qd": 0.0,
            "pd": 0.0
        },
        "1": {
            "qd": 0.0,
            "pd": 0.0
        },
        "19": {
            "qd": 0.0,
            "pd": 0.0
        },
        "6": {
            "qd": 1.35,
            "pd": 2.7
        },
        "11": {
            "qd": 0.0,
            "pd": 0.0
        },
        "14": {
            "qd": 0.0,
            "pd": 0.0
        },
        "3": {
            "qd": 0.0,
            "pd": 0.0
        },
        "7": {
            "qd": 0.0,
            "pd": 0.0
        },
        "4": {
            "qd": 6.300000000000001,
            "pd": 15.75
        },
        "13": {
            "qd": 0.0,
            "pd": 0.0
        },
        "15": {
            "qd": 5.25,
            "pd": 11.399999999999999
        },
        "2": {
            "qd": 0.0,
            "pd": 0.0
        },
        "21": {
            "qd": 0.0,
            "pd": 0.0
        },
        "18": {
            "qd": 0.0,
            "pd": 0.0
        }
    }
}
