{
    "gmd_bus": {
        "5": {
            "volt_mag": -118.34605427050732,
            "gic_blocker": 0.0
        },
        "16": {
            "volt_mag": 0.0,
            "gic_blocker": 0.0
        },
        "20": {
            "volt_mag": 0.0,
            "gic_blocker": 0.0
        },
        "12": {
            "volt_mag": -364.75582023384345,
            "gic_blocker": 0.0
        },
        "24": {
            "volt_mag": 0.0,
            "gic_blocker": 0.0
        },
        "8": {
            "volt_mag": 69.28353546516084,
            "gic_blocker": 0.0
        },
        "17": {
            "volt_mag": 73.68890615717933,
            "gic_blocker": 0.0
        },
        "1": {
            "volt_mag": 0.0,
            "gic_blocker": 0.0
        },
        "19": {
            "volt_mag": 0.0,
            "gic_blocker": 0.0
        },
        "22": {
            "volt_mag": 51.9667816907312,
            "gic_blocker": 0.0
        },
        "23": {
            "volt_mag": -52.40218686527759,
            "gic_blocker": 0.0
        },
        "6": {
            "volt_mag": 109.32287920397609,
            "gic_blocker": 0.0
        },
        "11": {
            "volt_mag": -361.8925616864053,
            "gic_blocker": 0.0
        },
        "9": {
            "volt_mag": 0.0,
            "gic_blocker": 0.0
        },
        "14": {
            "volt_mag": 136.65359900497012,
            "gic_blocker": 0.0
        },
        "3": {
            "volt_mag": 51.96678170540947,
            "gic_blocker": 1.000000008473642
        },
        "7": {
            "volt_mag": 0.0,
            "gic_blocker": 0.0
        },
        "25": {
            "volt_mag": 0.0,
            "gic_blocker": 0.0
        },
        "4": {
            "volt_mag": -360.7473550458867,
            "gic_blocker": 1.4355910618823667e-9
        },
        "13": {
            "volt_mag": -124.68670087479748,
            "gic_blocker": 0.0
        },
        "15": {
            "volt_mag": 0.0,
            "gic_blocker": 0.0
        },
        "2": {
            "volt_mag": -48.37124945131105,
            "gic_blocker": 0.0
        },
        "10": {
            "volt_mag": -708.9064946449128,
            "gic_blocker": 0.0
        },
        "18": {
            "volt_mag": 80.83079126054841,
            "gic_blocker": 0.0
        },
        "21": {
            "volt_mag": 47.68290846583953,
            "gic_blocker": 0.0
        },
        "26": {
            "volt_mag": -120.66968955334858,
            "gic_blocker": 0.0
        },
        "27": {
            "volt_mag": -1133.4010273712904,
            "gic_blocker": 0.0
        }
    },
    "bus": {
        "5": {
            "qd": 2.975,
            "pd": 13.799999999999999
        },
        "16": {
            "qd": 1.9,
            "pd": 4.25
        },
        "20": {
            "qd": 0.0,
            "pd": 0.0
        },
        "12": {
            "qd": 0.0,
            "pd": 0.0
        },
        "8": {
            "qd": 0.0,
            "pd": 0.0
        },
        "17": {
            "qd": 0.0,
            "pd": 0.0
        },
        "1": {
            "qd": 0.0,
            "pd": 0.0
        },
        "19": {
            "qd": 0.0,
            "pd": 0.0
        },
        "6": {
            "qd": 1.5750000000000002,
            "pd": 2.4000000000000004
        },
        "11": {
            "qd": 0.0,
            "pd": 0.0
        },
        "14": {
            "qd": 0.0,
            "pd": 0.0
        },
        "3": {
            "qd": 0.0,
            "pd": 0.0
        },
        "7": {
            "qd": 0.0,
            "pd": 0.0
        },
        "4": {
            "qd": 5.699999999999999,
            "pd": 18.0
        },
        "13": {
            "qd": 0.0,
            "pd": 0.0
        },
        "15": {
            "qd": 5.25,
            "pd": 11.399999999999999
        },
        "2": {
            "qd": 0.0,
            "pd": 0.0
        },
        "21": {
            "qd": 0.0,
            "pd": 0.0
        },
        "18": {
            "qd": 0.0,
            "pd": 0.0
        }
    }
}
