{
    "gmd_bus": {
        "5": {
            "volt_mag": -119.97836053320958,
            "gic_blocker": 0.0
        },
        "16": {
            "volt_mag": 0.0,
            "gic_blocker": 0.0
        },
        "20": {
            "volt_mag": 0.0,
            "gic_blocker": 1.0
        },
        "12": {
            "volt_mag": -369.9238510188409,
            "gic_blocker": 0.0
        },
        "24": {
            "volt_mag": 0.0,
            "gic_blocker": 0.0
        },
        "8": {
            "volt_mag": 1011.7584093090046,
            "gic_blocker": 1.0
        },
        "17": {
            "volt_mag": 467.6691243506391,
            "gic_blocker": 0.0
        },
        "1": {
            "volt_mag": 0.0,
            "gic_blocker": 0.0
        },
        "19": {
            "volt_mag": 0.0,
            "gic_blocker": 0.0
        },
        "22": {
            "volt_mag": 52.57534433500949,
            "gic_blocker": 0.0
        },
        "23": {
            "volt_mag": -215.45882490187,
            "gic_blocker": 0.0
        },
        "6": {
            "volt_mag": 156.6107168115448,
            "gic_blocker": 0.0
        },
        "11": {
            "volt_mag": -367.553633282418,
            "gic_blocker": 0.0
        },
        "9": {
            "volt_mag": 0.0,
            "gic_blocker": 0.0
        },
        "14": {
            "volt_mag": 195.76339601443098,
            "gic_blocker": 0.0
        },
        "3": {
            "volt_mag": 52.57534433794459,
            "gic_blocker": 1.0000000016748003
        },
        "7": {
            "volt_mag": 0.0,
            "gic_blocker": 0.0
        },
        "25": {
            "volt_mag": 0.0,
            "gic_blocker": 0.0
        },
        "4": {
            "volt_mag": -366.32356234308617,
            "gic_blocker": 0.0
        },
        "13": {
            "volt_mag": -125.97891456352983,
            "gic_blocker": 0.0
        },
        "15": {
            "volt_mag": 0.0,
            "gic_blocker": 1.0
        },
        "2": {
            "volt_mag": -215.45882490187,
            "gic_blocker": 1.0
        },
        "10": {
            "volt_mag": -793.1321890835161,
            "gic_blocker": 0.0
        },
        "18": {
            "volt_mag": 1011.7584093090046,
            "gic_blocker": 0.0
        },
        "21": {
            "volt_mag": 49.365408258105,
            "gic_blocker": 0.0
        },
        "26": {
            "volt_mag": -122.9753653160294,
            "gic_blocker": 0.0
        },
        "27": {
            "volt_mag": -739.4208091778306,
            "gic_blocker": 0.0
        }
    },
    "bus": {
        "5": {
            "qd": 4.2,
            "pd": 11.399999999999999
        },
        "16": {
            "qd": 2.1,
            "pd": 5.5
        },
        "20": {
            "qd": 0.0,
            "pd": 0.0
        },
        "12": {
            "qd": 0.0,
            "pd": 0.0
        },
        "8": {
            "qd": 0.0,
            "pd": 0.0
        },
        "17": {
            "qd": 0.0,
            "pd": 0.0
        },
        "1": {
            "qd": 0.0,
            "pd": 0.0
        },
        "19": {
            "qd": 0.0,
            "pd": 0.0
        },
        "6": {
            "qd": 1.2000000000000002,
            "pd": 3.4499999999999997
        },
        "11": {
            "qd": 0.0,
            "pd": 0.0
        },
        "14": {
            "qd": 0.0,
            "pd": 0.0
        },
        "3": {
            "qd": 0.0,
            "pd": 0.0
        },
        "7": {
            "qd": 0.0,
            "pd": 0.0
        },
        "4": {
            "qd": 6.6000000000000005,
            "pd": 15.75
        },
        "13": {
            "qd": 0.0,
            "pd": 0.0
        },
        "15": {
            "qd": 5.5,
            "pd": 12.600000000000001
        },
        "2": {
            "qd": 0.0,
            "pd": 0.0
        },
        "21": {
            "qd": 0.0,
            "pd": 0.0
        },
        "18": {
            "qd": 0.0,
            "pd": 0.0
        }
    }
}
