{
    "gmd_bus": {
        "5": {
            "volt_mag": -108.16883612235421,
            "gic_blocker": -6.81526467419549e-9
        },
        "16": {
            "volt_mag": 0.0,
            "gic_blocker": 0.0
        },
        "20": {
            "volt_mag": 0.0,
            "gic_blocker": 0.0
        },
        "12": {
            "volt_mag": -343.57931863369424,
            "gic_blocker": 0.0
        },
        "24": {
            "volt_mag": 0.0,
            "gic_blocker": 0.0
        },
        "8": {
            "volt_mag": 1020.4308052850264,
            "gic_blocker": 1.0
        },
        "17": {
            "volt_mag": 476.3415203266608,
            "gic_blocker": 0.0
        },
        "1": {
            "volt_mag": 0.0,
            "gic_blocker": 0.0
        },
        "19": {
            "volt_mag": 0.0,
            "gic_blocker": 0.0
        },
        "22": {
            "volt_mag": 88.57355428523229,
            "gic_blocker": 0.0
        },
        "23": {
            "volt_mag": -46.35996214306896,
            "gic_blocker": 0.0
        },
        "6": {
            "volt_mag": 163.54863331598906,
            "gic_blocker": -8.449262717993e-9
        },
        "11": {
            "volt_mag": -340.9115025047081,
            "gic_blocker": 0.0
        },
        "9": {
            "volt_mag": 0.0,
            "gic_blocker": 0.0
        },
        "14": {
            "volt_mag": 204.43579199045269,
            "gic_blocker": 0.0
        },
        "3": {
            "volt_mag": 88.57355365916702,
            "gic_blocker": 0.999999787950717
        },
        "7": {
            "volt_mag": 0.0,
            "gic_blocker": 0.0
        },
        "25": {
            "volt_mag": 0.0,
            "gic_blocker": 0.0
        },
        "4": {
            "volt_mag": -339.8290252580992,
            "gic_blocker": -5.720119825875321e-9
        },
        "13": {
            "volt_mag": -113.94832467715754,
            "gic_blocker": 0.0
        },
        "15": {
            "volt_mag": 0.0,
            "gic_blocker": 0.0
        },
        "2": {
            "volt_mag": -42.793811427216454,
            "gic_blocker": 5.629431480525324e-8
        },
        "10": {
            "volt_mag": -695.3822140851263,
            "gic_blocker": 0.0
        },
        "18": {
            "volt_mag": 1020.4308052850264,
            "gic_blocker": 0.0
        },
        "21": {
            "volt_mag": 84.68082800042193,
            "gic_blocker": 0.0
        },
        "26": {
            "volt_mag": -110.31648675937372,
            "gic_blocker": 0.0
        },
        "27": {
            "volt_mag": -730.748413201809,
            "gic_blocker": 0.0
        }
    },
    "bus": {
        "5": {
            "qd": 3.3249999999999997,
            "pd": 14.399999999999999
        },
        "16": {
            "qd": 1.6,
            "pd": 6.0
        },
        "20": {
            "qd": 0.0,
            "pd": 0.0
        },
        "12": {
            "qd": 0.0,
            "pd": 0.0
        },
        "8": {
            "qd": 0.0,
            "pd": 0.0
        },
        "17": {
            "qd": 0.0,
            "pd": 0.0
        },
        "1": {
            "qd": 0.0,
            "pd": 0.0
        },
        "19": {
            "qd": 0.0,
            "pd": 0.0
        },
        "6": {
            "qd": 1.7999999999999998,
            "pd": 2.4000000000000004
        },
        "11": {
            "qd": 0.0,
            "pd": 0.0
        },
        "14": {
            "qd": 0.0,
            "pd": 0.0
        },
        "3": {
            "qd": 0.0,
            "pd": 0.0
        },
        "7": {
            "qd": 0.0,
            "pd": 0.0
        },
        "4": {
            "qd": 6.6000000000000005,
            "pd": 15.0
        },
        "13": {
            "qd": 0.0,
            "pd": 0.0
        },
        "15": {
            "qd": 5.0,
            "pd": 12.600000000000001
        },
        "2": {
            "qd": 0.0,
            "pd": 0.0
        },
        "21": {
            "qd": 0.0,
            "pd": 0.0
        },
        "18": {
            "qd": 0.0,
            "pd": 0.0
        }
    }
}
