{
    "gmd_bus": {
        "5": {
            "volt_mag": -484.4312194080702,
            "gic_blocker": 1.0000000099639645
        },
        "16": {
            "volt_mag": 0.0,
            "gic_blocker": 0.0
        },
        "20": {
            "volt_mag": 0.0,
            "gic_blocker": 0.0
        },
        "12": {
            "volt_mag": -618.1807927212411,
            "gic_blocker": 0.0
        },
        "24": {
            "volt_mag": 0.0,
            "gic_blocker": 0.0
        },
        "8": {
            "volt_mag": 1266.8236563718247,
            "gic_blocker": 1.0000000000001559
        },
        "17": {
            "volt_mag": 722.7343714118953,
            "gic_blocker": 0.0
        },
        "1": {
            "volt_mag": 0.0,
            "gic_blocker": 0.0
        },
        "19": {
            "volt_mag": 0.0,
            "gic_blocker": 0.0
        },
        "22": {
            "volt_mag": -1.1547396641998747e-5,
            "gic_blocker": 0.0
        },
        "23": {
            "volt_mag": -413.193443708549,
            "gic_blocker": 0.0
        },
        "6": {
            "volt_mag": 450.82864307426695,
            "gic_blocker": 0.999999999995871
        },
        "11": {
            "volt_mag": -618.1708120497315,
            "gic_blocker": 0.0
        },
        "9": {
            "volt_mag": 0.0,
            "gic_blocker": 0.0
        },
        "14": {
            "volt_mag": 450.8286430747324,
            "gic_blocker": 0.0
        },
        "3": {
            "volt_mag": -1.1174899985139836e-5,
            "gic_blocker": 0.0
        },
        "7": {
            "volt_mag": 0.0,
            "gic_blocker": 0.0
        },
        "25": {
            "volt_mag": 0.0,
            "gic_blocker": 0.0
        },
        "4": {
            "volt_mag": -618.172059658293,
            "gic_blocker": 1.0000000095705408
        },
        "13": {
            "volt_mag": -484.4316107963635,
            "gic_blocker": 0.0
        },
        "15": {
            "volt_mag": 0.0,
            "gic_blocker": 0.0
        },
        "2": {
            "volt_mag": -413.19344373643344,
            "gic_blocker": 1.0000000008098182
        },
        "10": {
            "volt_mag": -1017.3528277689561,
            "gic_blocker": 0.0
        },
        "18": {
            "volt_mag": 1266.8236563717917,
            "gic_blocker": 0.0
        },
        "21": {
            "volt_mag": 0.013176125272700174,
            "gic_blocker": 0.0
        },
        "26": {
            "volt_mag": -484.4306318429299,
            "gic_blocker": 0.0
        },
        "27": {
            "volt_mag": -484.35556211657445,
            "gic_blocker": 0.0
        }
    },
    "bus": {
        "5": {
            "qd": 3.15,
            "pd": 12.600000000000001
        },
        "16": {
            "qd": 1.7,
            "pd": 6.0
        },
        "20": {
            "qd": 0.0,
            "pd": 0.0
        },
        "12": {
            "qd": 0.0,
            "pd": 0.0
        },
        "8": {
            "qd": 0.0,
            "pd": 0.0
        },
        "17": {
            "qd": 0.0,
            "pd": 0.0
        },
        "1": {
            "qd": 0.0,
            "pd": 0.0
        },
        "19": {
            "qd": 0.0,
            "pd": 0.0
        },
        "6": {
            "qd": 1.2000000000000002,
            "pd": 2.4000000000000004
        },
        "11": {
            "qd": 0.0,
            "pd": 0.0
        },
        "14": {
            "qd": 0.0,
            "pd": 0.0
        },
        "3": {
            "qd": 0.0,
            "pd": 0.0
        },
        "7": {
            "qd": 0.0,
            "pd": 0.0
        },
        "4": {
            "qd": 6.8999999999999995,
            "pd": 12.0
        },
        "13": {
            "qd": 0.0,
            "pd": 0.0
        },
        "15": {
            "qd": 5.5,
            "pd": 10.8
        },
        "2": {
            "qd": 0.0,
            "pd": 0.0
        },
        "21": {
            "qd": 0.0,
            "pd": 0.0
        },
        "18": {
            "qd": 0.0,
            "pd": 0.0
        }
    }
}
