{
    "gmd_bus": {
        "5": {
            "volt_mag": -484.43121937838055,
            "gic_blocker": 1.0000000099622812
        },
        "16": {
            "volt_mag": 0.0,
            "gic_blocker": 0.0
        },
        "20": {
            "volt_mag": 0.0,
            "gic_blocker": 0.0
        },
        "12": {
            "volt_mag": -618.1807926923314,
            "gic_blocker": 0.0
        },
        "24": {
            "volt_mag": 0.0,
            "gic_blocker": 0.0
        },
        "8": {
            "volt_mag": 1266.8236563717717,
            "gic_blocker": 0.9999999999992251
        },
        "17": {
            "volt_mag": 722.7343714211785,
            "gic_blocker": 0.0
        },
        "1": {
            "volt_mag": 0.0,
            "gic_blocker": 0.0
        },
        "19": {
            "volt_mag": 0.0,
            "gic_blocker": 0.0
        },
        "22": {
            "volt_mag": -1.1532690631646133e-5,
            "gic_blocker": 0.0
        },
        "23": {
            "volt_mag": -413.1934436337968,
            "gic_blocker": 0.0
        },
        "6": {
            "volt_mag": 450.8286430889568,
            "gic_blocker": 0.9999999999932683
        },
        "11": {
            "volt_mag": -618.170812020605,
            "gic_blocker": 0.0
        },
        "9": {
            "volt_mag": 0.0,
            "gic_blocker": 0.0
        },
        "14": {
            "volt_mag": 450.8286430897155,
            "gic_blocker": 0.0
        },
        "3": {
            "volt_mag": -1.1160668362206473e-5,
            "gic_blocker": 0.0
        },
        "7": {
            "volt_mag": 0.0,
            "gic_blocker": 0.0
        },
        "25": {
            "volt_mag": 0.0,
            "gic_blocker": 0.0
        },
        "4": {
            "volt_mag": -618.1720596291561,
            "gic_blocker": 1.0000000095559527
        },
        "13": {
            "volt_mag": -484.43161076678336,
            "gic_blocker": 0.0
        },
        "15": {
            "volt_mag": 0.0,
            "gic_blocker": 0.0
        },
        "2": {
            "volt_mag": -413.19344366038933,
            "gic_blocker": 1.0000000007722996
        },
        "10": {
            "volt_mag": -1017.3528277170554,
            "gic_blocker": 0.0
        },
        "18": {
            "volt_mag": 1266.8236563719352,
            "gic_blocker": 0.0
        },
        "21": {
            "volt_mag": 0.013176140192517184,
            "gic_blocker": 0.0
        },
        "26": {
            "volt_mag": -484.4306318131575,
            "gic_blocker": 0.0
        },
        "27": {
            "volt_mag": -484.35556210729135,
            "gic_blocker": 0.0
        }
    },
    "bus": {
        "5": {
            "qd": 4.2,
            "pd": 10.2
        },
        "16": {
            "qd": 2.0,
            "pd": 5.5
        },
        "20": {
            "qd": 0.0,
            "pd": 0.0
        },
        "12": {
            "qd": 0.0,
            "pd": 0.0
        },
        "8": {
            "qd": 0.0,
            "pd": 0.0
        },
        "17": {
            "qd": 0.0,
            "pd": 0.0
        },
        "1": {
            "qd": 0.0,
            "pd": 0.0
        },
        "19": {
            "qd": 0.0,
            "pd": 0.0
        },
        "6": {
            "qd": 1.275,
            "pd": 3.0
        },
        "11": {
            "qd": 0.0,
            "pd": 0.0
        },
        "14": {
            "qd": 0.0,
            "pd": 0.0
        },
        "3": {
            "qd": 0.0,
            "pd": 0.0
        },
        "7": {
            "qd": 0.0,
            "pd": 0.0
        },
        "4": {
            "qd": 7.199999999999999,
            "pd": 13.5
        },
        "13": {
            "qd": 0.0,
            "pd": 0.0
        },
        "15": {
            "qd": 4.5,
            "pd": 12.0
        },
        "2": {
            "qd": 0.0,
            "pd": 0.0
        },
        "21": {
            "qd": 0.0,
            "pd": 0.0
        },
        "18": {
            "qd": 0.0,
            "pd": 0.0
        }
    }
}
