{
    "gmd_bus": {
        "5": {
            "volt_mag": -71.23776599810097,
            "gic_blocker": 1.000000009758044
        },
        "16": {
            "volt_mag": 0.0,
            "gic_blocker": 0.0
        },
        "20": {
            "volt_mag": 0.0,
            "gic_blocker": 0.0
        },
        "12": {
            "volt_mag": -204.98734543732647,
            "gic_blocker": 0.0
        },
        "24": {
            "volt_mag": 0.0,
            "gic_blocker": 0.0
        },
        "8": {
            "volt_mag": 1680.0170997696985,
            "gic_blocker": 1.0000000000042466
        },
        "17": {
            "volt_mag": 1135.9278147548534,
            "gic_blocker": 0.0
        },
        "1": {
            "volt_mag": 0.0,
            "gic_blocker": 0.0
        },
        "19": {
            "volt_mag": 0.0,
            "gic_blocker": 0.0
        },
        "22": {
            "volt_mag": 413.1934252840926,
            "gic_blocker": 0.0
        },
        "23": {
            "volt_mag": 4.754477264845483e-7,
            "gic_blocker": 0.0
        },
        "6": {
            "volt_mag": 864.0220863855676,
            "gic_blocker": 1.0000000000065015
        },
        "11": {
            "volt_mag": -204.97736474780882,
            "gic_blocker": 0.0
        },
        "9": {
            "volt_mag": 0.0,
            "gic_blocker": 0.0
        },
        "14": {
            "volt_mag": 864.0220863841632,
            "gic_blocker": 0.0
        },
        "3": {
            "volt_mag": 413.1934253562029,
            "gic_blocker": 1.0000000052355815
        },
        "7": {
            "volt_mag": 0.0,
            "gic_blocker": 0.0
        },
        "25": {
            "volt_mag": 0.0,
            "gic_blocker": 0.0
        },
        "4": {
            "volt_mag": -204.97861234146328,
            "gic_blocker": 1.0000000087729923
        },
        "13": {
            "volt_mag": -71.23815755457703,
            "gic_blocker": 0.0
        },
        "15": {
            "volt_mag": 0.0,
            "gic_blocker": 0.0
        },
        "2": {
            "volt_mag": 4.3887482478487136e-7,
            "gic_blocker": 0.0
        },
        "10": {
            "volt_mag": -604.1593820233586,
            "gic_blocker": 0.0
        },
        "18": {
            "volt_mag": 1680.0170997685093,
            "gic_blocker": 0.0
        },
        "21": {
            "volt_mag": 413.20661323836003,
            "gic_blocker": 0.0
        },
        "26": {
            "volt_mag": -71.23717859385808,
            "gic_blocker": 0.0
        },
        "27": {
            "volt_mag": -71.16211877361627,
            "gic_blocker": 0.0
        }
    },
    "bus": {
        "5": {
            "qd": 3.8500000000000005,
            "pd": 13.799999999999999
        },
        "16": {
            "qd": 2.0,
            "pd": 4.75
        },
        "20": {
            "qd": 0.0,
            "pd": 0.0
        },
        "12": {
            "qd": 0.0,
            "pd": 0.0
        },
        "8": {
            "qd": 0.0,
            "pd": 0.0
        },
        "17": {
            "qd": 0.0,
            "pd": 0.0
        },
        "1": {
            "qd": 0.0,
            "pd": 0.0
        },
        "19": {
            "qd": 0.0,
            "pd": 0.0
        },
        "6": {
            "qd": 1.2000000000000002,
            "pd": 3.1500000000000004
        },
        "11": {
            "qd": 0.0,
            "pd": 0.0
        },
        "14": {
            "qd": 0.0,
            "pd": 0.0
        },
        "3": {
            "qd": 0.0,
            "pd": 0.0
        },
        "7": {
            "qd": 0.0,
            "pd": 0.0
        },
        "4": {
            "qd": 4.800000000000001,
            "pd": 12.0
        },
        "13": {
            "qd": 0.0,
            "pd": 0.0
        },
        "15": {
            "qd": 4.0,
            "pd": 12.0
        },
        "2": {
            "qd": 0.0,
            "pd": 0.0
        },
        "21": {
            "qd": 0.0,
            "pd": 0.0
        },
        "18": {
            "qd": 0.0,
            "pd": 0.0
        }
    }
}
