{
    "gmd_bus": {
        "5": {
            "volt_mag": -108.16883397068099,
            "gic_blocker": -6.362124759758941e-9
        },
        "16": {
            "volt_mag": 0.0,
            "gic_blocker": 1.0
        },
        "20": {
            "volt_mag": 0.0,
            "gic_blocker": 0.0
        },
        "12": {
            "volt_mag": -343.57931284643337,
            "gic_blocker": 1.0
        },
        "24": {
            "volt_mag": 0.0,
            "gic_blocker": 0.0
        },
        "8": {
            "volt_mag": 1020.4308089005345,
            "gic_blocker": 1.0
        },
        "17": {
            "volt_mag": 476.3415239421691,
            "gic_blocker": 0.0
        },
        "1": {
            "volt_mag": 0.0,
            "gic_blocker": 0.0
        },
        "19": {
            "volt_mag": 0.0,
            "gic_blocker": 1.0
        },
        "22": {
            "volt_mag": 88.57357234213521,
            "gic_blocker": 1.0
        },
        "23": {
            "volt_mag": -46.3599603567478,
            "gic_blocker": 0.0
        },
        "6": {
            "volt_mag": 163.54863621510526,
            "gic_blocker": -8.24413852998936e-9
        },
        "11": {
            "volt_mag": -340.9114967706266,
            "gic_blocker": 0.0
        },
        "9": {
            "volt_mag": 0.0,
            "gic_blocker": 0.0
        },
        "14": {
            "volt_mag": 204.43579560596098,
            "gic_blocker": 0.0
        },
        "3": {
            "volt_mag": 88.57357217449922,
            "gic_blocker": 0.9999999432214407
        },
        "7": {
            "volt_mag": 0.0,
            "gic_blocker": 1.0
        },
        "25": {
            "volt_mag": 0.0,
            "gic_blocker": 0.0
        },
        "4": {
            "volt_mag": -339.8290195413239,
            "gic_blocker": -5.625636174603359e-9
        },
        "13": {
            "volt_mag": -113.9483224554246,
            "gic_blocker": 0.0
        },
        "15": {
            "volt_mag": 0.0,
            "gic_blocker": 0.0
        },
        "2": {
            "volt_mag": -42.793809846777584,
            "gic_blocker": 7.709518986894725e-8
        },
        "10": {
            "volt_mag": -695.3822103215849,
            "gic_blocker": 0.0
        },
        "18": {
            "volt_mag": 1020.4308089005345,
            "gic_blocker": 0.0
        },
        "21": {
            "volt_mag": 84.68084559135323,
            "gic_blocker": 0.0
        },
        "26": {
            "volt_mag": -110.31648449272124,
            "gic_blocker": 0.0
        },
        "27": {
            "volt_mag": -730.7484095863007,
            "gic_blocker": 0.0
        }
    },
    "bus": {
        "5": {
            "qd": 3.3249999999999997,
            "pd": 10.8
        },
        "16": {
            "qd": 1.8,
            "pd": 5.5
        },
        "20": {
            "qd": 0.0,
            "pd": 0.0
        },
        "12": {
            "qd": 0.0,
            "pd": 0.0
        },
        "8": {
            "qd": 0.0,
            "pd": 0.0
        },
        "17": {
            "qd": 0.0,
            "pd": 0.0
        },
        "1": {
            "qd": 0.0,
            "pd": 0.0
        },
        "19": {
            "qd": 0.0,
            "pd": 0.0
        },
        "6": {
            "qd": 1.35,
            "pd": 2.4000000000000004
        },
        "11": {
            "qd": 0.0,
            "pd": 0.0
        },
        "14": {
            "qd": 0.0,
            "pd": 0.0
        },
        "3": {
            "qd": 0.0,
            "pd": 0.0
        },
        "7": {
            "qd": 0.0,
            "pd": 0.0
        },
        "4": {
            "qd": 6.0,
            "pd": 17.25
        },
        "13": {
            "qd": 0.0,
            "pd": 0.0
        },
        "15": {
            "qd": 6.0,
            "pd": 12.600000000000001
        },
        "2": {
            "qd": 0.0,
            "pd": 0.0
        },
        "21": {
            "qd": 0.0,
            "pd": 0.0
        },
        "18": {
            "qd": 0.0,
            "pd": 0.0
        }
    }
}
