{
    "gmd_bus": {
        "5": {
            "volt_mag": -484.4312194106164,
            "gic_blocker": 1.0000000099632018
        },
        "16": {
            "volt_mag": 0.0,
            "gic_blocker": 0.0
        },
        "20": {
            "volt_mag": 0.0,
            "gic_blocker": 0.0
        },
        "12": {
            "volt_mag": -618.1807927243799,
            "gic_blocker": 0.0
        },
        "24": {
            "volt_mag": 0.0,
            "gic_blocker": 0.0
        },
        "8": {
            "volt_mag": 1266.8236563481232,
            "gic_blocker": 0.9999999999992345
        },
        "17": {
            "volt_mag": 722.7343713974351,
            "gic_blocker": 0.0
        },
        "1": {
            "volt_mag": 0.0,
            "gic_blocker": 0.0
        },
        "19": {
            "volt_mag": 0.0,
            "gic_blocker": 0.0
        },
        "22": {
            "volt_mag": -1.1549476931255842e-5,
            "gic_blocker": 0.0
        },
        "23": {
            "volt_mag": -413.19344370262434,
            "gic_blocker": 0.0
        },
        "6": {
            "volt_mag": 450.8286430651549,
            "gic_blocker": 0.9999999999932623
        },
        "11": {
            "volt_mag": -618.1708120528602,
            "gic_blocker": 0.0
        },
        "9": {
            "volt_mag": 0.0,
            "gic_blocker": 0.0
        },
        "14": {
            "volt_mag": 450.8286430659142,
            "gic_blocker": 0.0
        },
        "3": {
            "volt_mag": -1.1176913168293487e-5,
            "gic_blocker": 0.0
        },
        "7": {
            "volt_mag": 0.0,
            "gic_blocker": 0.0
        },
        "25": {
            "volt_mag": 0.0,
            "gic_blocker": 0.0
        },
        "4": {
            "volt_mag": -618.1720596614356,
            "gic_blocker": 1.0000000095753618
        },
        "13": {
            "volt_mag": -484.4316107989607,
            "gic_blocker": 0.0
        },
        "15": {
            "volt_mag": 0.0,
            "gic_blocker": 0.0
        },
        "2": {
            "volt_mag": -413.19344373029793,
            "gic_blocker": 1.0000000008036936
        },
        "10": {
            "volt_mag": -1017.3528277675658,
            "gic_blocker": 0.0
        },
        "18": {
            "volt_mag": 1266.8236563482849,
            "gic_blocker": 0.0
        },
        "21": {
            "volt_mag": 0.013176123043442555,
            "gic_blocker": 0.0
        },
        "26": {
            "volt_mag": -484.43063184543655,
            "gic_blocker": 0.0
        },
        "27": {
            "volt_mag": -484.3555621310347,
            "gic_blocker": 0.0
        }
    },
    "bus": {
        "5": {
            "qd": 4.0249999999999995,
            "pd": 11.399999999999999
        },
        "16": {
            "qd": 2.4,
            "pd": 5.25
        },
        "20": {
            "qd": 0.0,
            "pd": 0.0
        },
        "12": {
            "qd": 0.0,
            "pd": 0.0
        },
        "8": {
            "qd": 0.0,
            "pd": 0.0
        },
        "17": {
            "qd": 0.0,
            "pd": 0.0
        },
        "1": {
            "qd": 0.0,
            "pd": 0.0
        },
        "19": {
            "qd": 0.0,
            "pd": 0.0
        },
        "6": {
            "qd": 1.7249999999999999,
            "pd": 3.4499999999999997
        },
        "11": {
            "qd": 0.0,
            "pd": 0.0
        },
        "14": {
            "qd": 0.0,
            "pd": 0.0
        },
        "3": {
            "qd": 0.0,
            "pd": 0.0
        },
        "7": {
            "qd": 0.0,
            "pd": 0.0
        },
        "4": {
            "qd": 5.699999999999999,
            "pd": 15.75
        },
        "13": {
            "qd": 0.0,
            "pd": 0.0
        },
        "15": {
            "qd": 4.0,
            "pd": 10.2
        },
        "2": {
            "qd": 0.0,
            "pd": 0.0
        },
        "21": {
            "qd": 0.0,
            "pd": 0.0
        },
        "18": {
            "qd": 0.0,
            "pd": 0.0
        }
    }
}
