{
    "gmd_bus": {
        "5": {
            "volt_mag": -484.4312195642719,
            "gic_blocker": 1.0000000099634765
        },
        "16": {
            "volt_mag": 0.0,
            "gic_blocker": 0.0
        },
        "20": {
            "volt_mag": 0.0,
            "gic_blocker": 0.0
        },
        "12": {
            "volt_mag": -618.1807928717013,
            "gic_blocker": 0.0
        },
        "24": {
            "volt_mag": 0.0,
            "gic_blocker": 0.0
        },
        "8": {
            "volt_mag": 1266.8236562209865,
            "gic_blocker": 0.9999999999985887
        },
        "17": {
            "volt_mag": 722.7343712767757,
            "gic_blocker": 0.0
        },
        "1": {
            "volt_mag": 0.0,
            "gic_blocker": 0.0
        },
        "19": {
            "volt_mag": 0.0,
            "gic_blocker": 0.0
        },
        "22": {
            "volt_mag": -1.163359966283843e-5,
            "gic_blocker": 0.0
        },
        "23": {
            "volt_mag": -413.1934440945366,
            "gic_blocker": 0.0
        },
        "6": {
            "volt_mag": 450.82864294847815,
            "gic_blocker": 0.9999999999935126
        },
        "11": {
            "volt_mag": -618.1708122009637,
            "gic_blocker": 0.0
        },
        "9": {
            "volt_mag": 0.0,
            "gic_blocker": 0.0
        },
        "14": {
            "volt_mag": 450.82864294920927,
            "gic_blocker": 0.0
        },
        "3": {
            "volt_mag": -1.1258322263439061e-5,
            "gic_blocker": 0.0
        },
        "7": {
            "volt_mag": 0.0,
            "gic_blocker": 0.0
        },
        "25": {
            "volt_mag": 0.0,
            "gic_blocker": 0.0
        },
        "4": {
            "volt_mag": -618.1720598094163,
            "gic_blocker": 1.0000000095656472
        },
        "13": {
            "volt_mag": -484.4316109522683,
            "gic_blocker": 0.0
        },
        "15": {
            "volt_mag": 0.0,
            "gic_blocker": 0.0
        },
        "2": {
            "volt_mag": -413.1934441289545,
            "gic_blocker": 1.0000000009995698
        },
        "10": {
            "volt_mag": -1017.3528280373674,
            "gic_blocker": 0.0
        },
        "18": {
            "volt_mag": 1266.8236562212849,
            "gic_blocker": 0.0
        },
        "21": {
            "volt_mag": 0.013176037348506928,
            "gic_blocker": 0.0
        },
        "26": {
            "volt_mag": -484.43063199960056,
            "gic_blocker": 0.0
        },
        "27": {
            "volt_mag": -484.3555622516941,
            "gic_blocker": 0.0
        }
    },
    "bus": {
        "5": {
            "qd": 2.975,
            "pd": 13.799999999999999
        },
        "16": {
            "qd": 2.2,
            "pd": 4.0
        },
        "20": {
            "qd": 0.0,
            "pd": 0.0
        },
        "12": {
            "qd": 0.0,
            "pd": 0.0
        },
        "8": {
            "qd": 0.0,
            "pd": 0.0
        },
        "17": {
            "qd": 0.0,
            "pd": 0.0
        },
        "1": {
            "qd": 0.0,
            "pd": 0.0
        },
        "19": {
            "qd": 0.0,
            "pd": 0.0
        },
        "6": {
            "qd": 1.7999999999999998,
            "pd": 2.7
        },
        "11": {
            "qd": 0.0,
            "pd": 0.0
        },
        "14": {
            "qd": 0.0,
            "pd": 0.0
        },
        "3": {
            "qd": 0.0,
            "pd": 0.0
        },
        "7": {
            "qd": 0.0,
            "pd": 0.0
        },
        "4": {
            "qd": 6.6000000000000005,
            "pd": 14.25
        },
        "13": {
            "qd": 0.0,
            "pd": 0.0
        },
        "15": {
            "qd": 4.75,
            "pd": 10.2
        },
        "2": {
            "qd": 0.0,
            "pd": 0.0
        },
        "21": {
            "qd": 0.0,
            "pd": 0.0
        },
        "18": {
            "qd": 0.0,
            "pd": 0.0
        }
    }
}
