{
    "gmd_bus": {
        "5": {
            "volt_mag": -484.43121941801405,
            "gic_blocker": 1.0000000099638124
        },
        "16": {
            "volt_mag": 0.0,
            "gic_blocker": 0.0
        },
        "20": {
            "volt_mag": 0.0,
            "gic_blocker": 0.0
        },
        "12": {
            "volt_mag": -618.1807927320712,
            "gic_blocker": 0.0
        },
        "24": {
            "volt_mag": 0.0,
            "gic_blocker": 0.0
        },
        "8": {
            "volt_mag": 1266.8236563511477,
            "gic_blocker": 0.9999999999995948
        },
        "17": {
            "volt_mag": 722.7343713968462,
            "gic_blocker": 0.0
        },
        "1": {
            "volt_mag": 0.0,
            "gic_blocker": 0.0
        },
        "19": {
            "volt_mag": 0.0,
            "gic_blocker": 0.0
        },
        "22": {
            "volt_mag": -1.155286395540147e-5,
            "gic_blocker": 0.0
        },
        "23": {
            "volt_mag": -413.19344371887195,
            "gic_blocker": 0.0
        },
        "6": {
            "volt_mag": 450.8286430624727,
            "gic_blocker": 0.9999999999942635
        },
        "11": {
            "volt_mag": -618.1708120606273,
            "gic_blocker": 0.0
        },
        "9": {
            "volt_mag": 0.0,
            "gic_blocker": 0.0
        },
        "14": {
            "volt_mag": 450.8286430631193,
            "gic_blocker": 0.0
        },
        "3": {
            "volt_mag": -1.118019093359835e-5,
            "gic_blocker": 0.0
        },
        "7": {
            "volt_mag": 0.0,
            "gic_blocker": 0.0
        },
        "25": {
            "volt_mag": 0.0,
            "gic_blocker": 0.0
        },
        "4": {
            "volt_mag": -618.1720596692215,
            "gic_blocker": 1.000000009586362
        },
        "13": {
            "volt_mag": -484.4316108063331,
            "gic_blocker": 0.0
        },
        "15": {
            "volt_mag": 0.0,
            "gic_blocker": 0.0
        },
        "2": {
            "volt_mag": -413.1934437468073,
            "gic_blocker": 1.000000000811297
        },
        "10": {
            "volt_mag": -1017.3528277795659,
            "gic_blocker": 0.0
        },
        "18": {
            "volt_mag": 1266.8236563512332,
            "gic_blocker": 0.0
        },
        "21": {
            "volt_mag": 0.0131761196050153,
            "gic_blocker": 0.0
        },
        "26": {
            "volt_mag": -484.4306318528427,
            "gic_blocker": 0.0
        },
        "27": {
            "volt_mag": -484.35556213162357,
            "gic_blocker": 0.0
        }
    },
    "bus": {
        "5": {
            "qd": 4.0249999999999995,
            "pd": 9.600000000000001
        },
        "16": {
            "qd": 1.6,
            "pd": 4.5
        },
        "20": {
            "qd": 0.0,
            "pd": 0.0
        },
        "12": {
            "qd": 0.0,
            "pd": 0.0
        },
        "8": {
            "qd": 0.0,
            "pd": 0.0
        },
        "17": {
            "qd": 0.0,
            "pd": 0.0
        },
        "1": {
            "qd": 0.0,
            "pd": 0.0
        },
        "19": {
            "qd": 0.0,
            "pd": 0.0
        },
        "6": {
            "qd": 1.5,
            "pd": 2.7
        },
        "11": {
            "qd": 0.0,
            "pd": 0.0
        },
        "14": {
            "qd": 0.0,
            "pd": 0.0
        },
        "3": {
            "qd": 0.0,
            "pd": 0.0
        },
        "7": {
            "qd": 0.0,
            "pd": 0.0
        },
        "4": {
            "qd": 4.800000000000001,
            "pd": 17.25
        },
        "13": {
            "qd": 0.0,
            "pd": 0.0
        },
        "15": {
            "qd": 5.25,
            "pd": 12.0
        },
        "2": {
            "qd": 0.0,
            "pd": 0.0
        },
        "21": {
            "qd": 0.0,
            "pd": 0.0
        },
        "18": {
            "qd": 0.0,
            "pd": 0.0
        }
    }
}
