{
    "gmd_bus": {
        "5": {
            "volt_mag": -108.16883582214487,
            "gic_blocker": -7.055494043198839e-9
        },
        "16": {
            "volt_mag": 0.0,
            "gic_blocker": 0.0
        },
        "20": {
            "volt_mag": 0.0,
            "gic_blocker": 0.0
        },
        "12": {
            "volt_mag": -343.579317881683,
            "gic_blocker": 0.0
        },
        "24": {
            "volt_mag": 0.0,
            "gic_blocker": 0.0
        },
        "8": {
            "volt_mag": 1020.4308057343403,
            "gic_blocker": 1.0
        },
        "17": {
            "volt_mag": 476.34152077597474,
            "gic_blocker": 0.0
        },
        "1": {
            "volt_mag": 0.0,
            "gic_blocker": 0.0
        },
        "19": {
            "volt_mag": 0.0,
            "gic_blocker": 0.0
        },
        "22": {
            "volt_mag": 88.57355657677482,
            "gic_blocker": 0.0
        },
        "23": {
            "volt_mag": -46.35996182062401,
            "gic_blocker": 0.0
        },
        "6": {
            "volt_mag": 163.54863367254757,
            "gic_blocker": -8.537697297457016e-9
        },
        "11": {
            "volt_mag": -340.91150175927044,
            "gic_blocker": 0.0
        },
        "9": {
            "volt_mag": 0.0,
            "gic_blocker": 0.0
        },
        "14": {
            "volt_mag": 204.43579243976666,
            "gic_blocker": 0.0
        },
        "3": {
            "volt_mag": 88.57355600829615,
            "gic_blocker": 0.9999998074553924
        },
        "7": {
            "volt_mag": 0.0,
            "gic_blocker": 0.0
        },
        "25": {
            "volt_mag": 0.0,
            "gic_blocker": 0.0
        },
        "4": {
            "volt_mag": -339.82902451493277,
            "gic_blocker": -5.722641031321577e-9
        },
        "13": {
            "volt_mag": -113.94832436845721,
            "gic_blocker": 0.0
        },
        "15": {
            "volt_mag": 0.0,
            "gic_blocker": 0.0
        },
        "2": {
            "volt_mag": -42.79381112882519,
            "gic_blocker": 5.606655032886847e-8
        },
        "10": {
            "volt_mag": -695.382213550827,
            "gic_blocker": 0.0
        },
        "18": {
            "volt_mag": 1020.4308057343403,
            "gic_blocker": 0.0
        },
        "21": {
            "volt_mag": 84.68083023289866,
            "gic_blocker": 0.0
        },
        "26": {
            "volt_mag": -110.31648644447851,
            "gic_blocker": 0.0
        },
        "27": {
            "volt_mag": -730.748412752495,
            "gic_blocker": 0.0
        }
    },
    "bus": {
        "5": {
            "qd": 3.3249999999999997,
            "pd": 13.799999999999999
        },
        "16": {
            "qd": 2.0,
            "pd": 5.5
        },
        "20": {
            "qd": 0.0,
            "pd": 0.0
        },
        "12": {
            "qd": 0.0,
            "pd": 0.0
        },
        "8": {
            "qd": 0.0,
            "pd": 0.0
        },
        "17": {
            "qd": 0.0,
            "pd": 0.0
        },
        "1": {
            "qd": 0.0,
            "pd": 0.0
        },
        "19": {
            "qd": 0.0,
            "pd": 0.0
        },
        "6": {
            "qd": 1.5,
            "pd": 3.3000000000000003
        },
        "11": {
            "qd": 0.0,
            "pd": 0.0
        },
        "14": {
            "qd": 0.0,
            "pd": 0.0
        },
        "3": {
            "qd": 0.0,
            "pd": 0.0
        },
        "7": {
            "qd": 0.0,
            "pd": 0.0
        },
        "4": {
            "qd": 6.8999999999999995,
            "pd": 17.25
        },
        "13": {
            "qd": 0.0,
            "pd": 0.0
        },
        "15": {
            "qd": 4.5,
            "pd": 13.799999999999999
        },
        "2": {
            "qd": 0.0,
            "pd": 0.0
        },
        "21": {
            "qd": 0.0,
            "pd": 0.0
        },
        "18": {
            "qd": 0.0,
            "pd": 0.0
        }
    }
}
