{
    "gmd_bus": {
        "5": {
            "volt_mag": -119.97836057309412,
            "gic_blocker": 0.0
        },
        "16": {
            "volt_mag": 0.0,
            "gic_blocker": 0.0
        },
        "20": {
            "volt_mag": 0.0,
            "gic_blocker": 0.0
        },
        "12": {
            "volt_mag": -369.9238511206892,
            "gic_blocker": 0.0
        },
        "24": {
            "volt_mag": 0.0,
            "gic_blocker": 0.0
        },
        "8": {
            "volt_mag": 1011.7584092520515,
            "gic_blocker": 1.0
        },
        "17": {
            "volt_mag": 467.6691242936859,
            "gic_blocker": 0.0
        },
        "1": {
            "volt_mag": 0.0,
            "gic_blocker": 0.0
        },
        "19": {
            "volt_mag": 0.0,
            "gic_blocker": 0.0
        },
        "22": {
            "volt_mag": 52.57534405512778,
            "gic_blocker": 0.0
        },
        "23": {
            "volt_mag": -215.45882506261734,
            "gic_blocker": 0.0
        },
        "6": {
            "volt_mag": 156.6107167659822,
            "gic_blocker": 0.0
        },
        "11": {
            "volt_mag": -367.553633383767,
            "gic_blocker": 0.0
        },
        "9": {
            "volt_mag": 0.0,
            "gic_blocker": 0.0
        },
        "14": {
            "volt_mag": 195.76339595747774,
            "gic_blocker": 1.0
        },
        "3": {
            "volt_mag": 52.575344051693136,
            "gic_blocker": 0.9999999980401614
        },
        "7": {
            "volt_mag": 0.0,
            "gic_blocker": 0.0
        },
        "25": {
            "volt_mag": 0.0,
            "gic_blocker": 0.0
        },
        "4": {
            "volt_mag": -366.32356244407686,
            "gic_blocker": 0.0
        },
        "13": {
            "volt_mag": -125.97891460455669,
            "gic_blocker": 0.0
        },
        "15": {
            "volt_mag": 0.0,
            "gic_blocker": 0.0
        },
        "2": {
            "volt_mag": -215.45882506261734,
            "gic_blocker": 1.0
        },
        "10": {
            "volt_mag": -793.132189214514,
            "gic_blocker": 0.0
        },
        "18": {
            "volt_mag": 1011.7584092520515,
            "gic_blocker": 0.0
        },
        "21": {
            "volt_mag": 49.36540798524963,
            "gic_blocker": 0.0
        },
        "26": {
            "volt_mag": -122.97536535818891,
            "gic_blocker": 0.0
        },
        "27": {
            "volt_mag": -739.4208092347837,
            "gic_blocker": 0.0
        }
    },
    "bus": {
        "5": {
            "qd": 2.975,
            "pd": 13.200000000000001
        },
        "16": {
            "qd": 1.8,
            "pd": 5.5
        },
        "20": {
            "qd": 0.0,
            "pd": 0.0
        },
        "12": {
            "qd": 0.0,
            "pd": 0.0
        },
        "8": {
            "qd": 0.0,
            "pd": 0.0
        },
        "17": {
            "qd": 0.0,
            "pd": 0.0
        },
        "1": {
            "qd": 0.0,
            "pd": 0.0
        },
        "19": {
            "qd": 0.0,
            "pd": 0.0
        },
        "6": {
            "qd": 1.6500000000000001,
            "pd": 3.0
        },
        "11": {
            "qd": 0.0,
            "pd": 0.0
        },
        "14": {
            "qd": 0.0,
            "pd": 0.0
        },
        "3": {
            "qd": 0.0,
            "pd": 0.0
        },
        "7": {
            "qd": 0.0,
            "pd": 0.0
        },
        "4": {
            "qd": 7.199999999999999,
            "pd": 16.5
        },
        "13": {
            "qd": 0.0,
            "pd": 0.0
        },
        "15": {
            "qd": 5.75,
            "pd": 13.799999999999999
        },
        "2": {
            "qd": 0.0,
            "pd": 0.0
        },
        "21": {
            "qd": 0.0,
            "pd": 0.0
        },
        "18": {
            "qd": 0.0,
            "pd": 0.0
        }
    }
}
