{
    "gmd_bus": {
        "5": {
            "volt_mag": -108.1688330664452,
            "gic_blocker": -6.856119355752034e-9
        },
        "16": {
            "volt_mag": 0.0,
            "gic_blocker": 0.0
        },
        "20": {
            "volt_mag": 0.0,
            "gic_blocker": 0.0
        },
        "12": {
            "volt_mag": -343.5793105475962,
            "gic_blocker": 0.0
        },
        "24": {
            "volt_mag": 0.0,
            "gic_blocker": 0.0
        },
        "8": {
            "volt_mag": 1020.4308102431269,
            "gic_blocker": 1.0
        },
        "17": {
            "volt_mag": 476.34152528476136,
            "gic_blocker": 0.0
        },
        "1": {
            "volt_mag": 0.0,
            "gic_blocker": 0.0
        },
        "19": {
            "volt_mag": 0.0,
            "gic_blocker": 0.0
        },
        "22": {
            "volt_mag": 88.57357914656633,
            "gic_blocker": 0.0
        },
        "23": {
            "volt_mag": -46.35995880908959,
            "gic_blocker": 0.0
        },
        "6": {
            "volt_mag": 163.54863728159248,
            "gic_blocker": -8.476075741117916e-9
        },
        "11": {
            "volt_mag": -340.9114944892284,
            "gic_blocker": 0.0
        },
        "9": {
            "volt_mag": 0.0,
            "gic_blocker": 0.0
        },
        "14": {
            "volt_mag": 204.43579694855325,
            "gic_blocker": 0.0
        },
        "3": {
            "volt_mag": 88.57357914656633,
            "gic_blocker": 1.0
        },
        "7": {
            "volt_mag": 0.0,
            "gic_blocker": 0.0
        },
        "25": {
            "volt_mag": 0.0,
            "gic_blocker": 0.0
        },
        "4": {
            "volt_mag": -339.82901726673987,
            "gic_blocker": -5.967059206145736e-9
        },
        "13": {
            "volt_mag": -113.94832152512286,
            "gic_blocker": 0.0
        },
        "15": {
            "volt_mag": 0.0,
            "gic_blocker": 0.0
        },
        "2": {
            "volt_mag": -42.79380835636318,
            "gic_blocker": 5.8319374731419866e-8
        },
        "10": {
            "volt_mag": -695.382208406436,
            "gic_blocker": 0.0
        },
        "18": {
            "volt_mag": 1020.4308102431269,
            "gic_blocker": 0.0
        },
        "21": {
            "volt_mag": 84.68085222152864,
            "gic_blocker": 0.0
        },
        "26": {
            "volt_mag": -110.31648354250424,
            "gic_blocker": 0.0
        },
        "27": {
            "volt_mag": -730.7484082437085,
            "gic_blocker": 0.0
        }
    },
    "bus": {
        "5": {
            "qd": 3.6750000000000003,
            "pd": 11.399999999999999
        },
        "16": {
            "qd": 1.9,
            "pd": 5.75
        },
        "20": {
            "qd": 0.0,
            "pd": 0.0
        },
        "12": {
            "qd": 0.0,
            "pd": 0.0
        },
        "8": {
            "qd": 0.0,
            "pd": 0.0
        },
        "17": {
            "qd": 0.0,
            "pd": 0.0
        },
        "1": {
            "qd": 0.0,
            "pd": 0.0
        },
        "19": {
            "qd": 0.0,
            "pd": 0.0
        },
        "6": {
            "qd": 1.5750000000000002,
            "pd": 3.4499999999999997
        },
        "11": {
            "qd": 0.0,
            "pd": 0.0
        },
        "14": {
            "qd": 0.0,
            "pd": 0.0
        },
        "3": {
            "qd": 0.0,
            "pd": 0.0
        },
        "7": {
            "qd": 0.0,
            "pd": 0.0
        },
        "4": {
            "qd": 5.699999999999999,
            "pd": 17.25
        },
        "13": {
            "qd": 0.0,
            "pd": 0.0
        },
        "15": {
            "qd": 5.5,
            "pd": 12.0
        },
        "2": {
            "qd": 0.0,
            "pd": 0.0
        },
        "21": {
            "qd": 0.0,
            "pd": 0.0
        },
        "18": {
            "qd": 0.0,
            "pd": 0.0
        }
    }
}
