{
    "gmd_bus": {
        "5": {
            "volt_mag": -71.23776628260012,
            "gic_blocker": 1.000000009735314
        },
        "16": {
            "volt_mag": 0.0,
            "gic_blocker": 0.0
        },
        "20": {
            "volt_mag": 0.0,
            "gic_blocker": 0.0
        },
        "12": {
            "volt_mag": -204.9873457249658,
            "gic_blocker": 0.0
        },
        "24": {
            "volt_mag": 0.0,
            "gic_blocker": 0.0
        },
        "8": {
            "volt_mag": 1680.0170994443442,
            "gic_blocker": 1.000000000004169
        },
        "17": {
            "volt_mag": 1135.9278144305276,
            "gic_blocker": 0.0
        },
        "1": {
            "volt_mag": 0.0,
            "gic_blocker": 0.0
        },
        "19": {
            "volt_mag": 0.0,
            "gic_blocker": 0.0
        },
        "22": {
            "volt_mag": 413.19342492061287,
            "gic_blocker": 0.0
        },
        "23": {
            "volt_mag": 3.9717109640477434e-7,
            "gic_blocker": 0.0
        },
        "6": {
            "volt_mag": 864.0220860622858,
            "gic_blocker": 1.0000000000084284
        },
        "11": {
            "volt_mag": -204.9773650344715,
            "gic_blocker": 0.0
        },
        "9": {
            "volt_mag": 0.0,
            "gic_blocker": 0.0
        },
        "14": {
            "volt_mag": 864.0220860604652,
            "gic_blocker": 0.0
        },
        "3": {
            "volt_mag": 413.193424989842,
            "gic_blocker": 1.0000000050263966
        },
        "7": {
            "volt_mag": 0.0,
            "gic_blocker": 0.0
        },
        "25": {
            "volt_mag": 0.0,
            "gic_blocker": 0.0
        },
        "4": {
            "volt_mag": -204.97861262808405,
            "gic_blocker": 1.000000008580998
        },
        "13": {
            "volt_mag": -71.23815783938579,
            "gic_blocker": 0.0
        },
        "15": {
            "volt_mag": 0.0,
            "gic_blocker": 0.0
        },
        "2": {
            "volt_mag": 3.666194738864219e-7,
            "gic_blocker": 0.0
        },
        "10": {
            "volt_mag": -604.1593822060045,
            "gic_blocker": 0.0
        },
        "18": {
            "volt_mag": 1680.017099443177,
            "gic_blocker": 0.0
        },
        "21": {
            "volt_mag": 413.2066128767805,
            "gic_blocker": 0.0
        },
        "26": {
            "volt_mag": -71.23717887805472,
            "gic_blocker": 0.0
        },
        "27": {
            "volt_mag": -71.16211909794202,
            "gic_blocker": 0.0
        }
    },
    "bus": {
        "5": {
            "qd": 3.5,
            "pd": 10.8
        },
        "16": {
            "qd": 2.1,
            "pd": 4.25
        },
        "20": {
            "qd": 0.0,
            "pd": 0.0
        },
        "12": {
            "qd": 0.0,
            "pd": 0.0
        },
        "8": {
            "qd": 0.0,
            "pd": 0.0
        },
        "17": {
            "qd": 0.0,
            "pd": 0.0
        },
        "1": {
            "qd": 0.0,
            "pd": 0.0
        },
        "19": {
            "qd": 0.0,
            "pd": 0.0
        },
        "6": {
            "qd": 1.7249999999999999,
            "pd": 3.3000000000000003
        },
        "11": {
            "qd": 0.0,
            "pd": 0.0
        },
        "14": {
            "qd": 0.0,
            "pd": 0.0
        },
        "3": {
            "qd": 0.0,
            "pd": 0.0
        },
        "7": {
            "qd": 0.0,
            "pd": 0.0
        },
        "4": {
            "qd": 7.199999999999999,
            "pd": 15.75
        },
        "13": {
            "qd": 0.0,
            "pd": 0.0
        },
        "15": {
            "qd": 5.25,
            "pd": 11.399999999999999
        },
        "2": {
            "qd": 0.0,
            "pd": 0.0
        },
        "21": {
            "qd": 0.0,
            "pd": 0.0
        },
        "18": {
            "qd": 0.0,
            "pd": 0.0
        }
    }
}
