{
    "gmd_bus": {
        "5": {
            "volt_mag": -484.43121943291476,
            "gic_blocker": 1.0000000099640782
        },
        "16": {
            "volt_mag": 0.0,
            "gic_blocker": 0.0
        },
        "20": {
            "volt_mag": 0.0,
            "gic_blocker": 0.0
        },
        "12": {
            "volt_mag": -618.1807927461721,
            "gic_blocker": 0.0
        },
        "24": {
            "volt_mag": 0.0,
            "gic_blocker": 0.0
        },
        "8": {
            "volt_mag": 1266.8236563623834,
            "gic_blocker": 1.0000000000005622
        },
        "17": {
            "volt_mag": 722.7343713983804,
            "gic_blocker": 0.0
        },
        "1": {
            "volt_mag": 0.0,
            "gic_blocker": 0.0
        },
        "19": {
            "volt_mag": 0.0,
            "gic_blocker": 0.0
        },
        "22": {
            "volt_mag": -1.1560583059174292e-5,
            "gic_blocker": 0.0
        },
        "23": {
            "volt_mag": -413.19344377197484,
            "gic_blocker": 0.0
        },
        "6": {
            "volt_mag": 450.82864305836836,
            "gic_blocker": 0.9999999999967883
        },
        "11": {
            "volt_mag": -618.170812074842,
            "gic_blocker": 0.0
        },
        "9": {
            "volt_mag": 0.0,
            "gic_blocker": 0.0
        },
        "14": {
            "volt_mag": 450.8286430587304,
            "gic_blocker": 0.0
        },
        "3": {
            "volt_mag": -1.1187661034029687e-5,
            "gic_blocker": 0.0
        },
        "7": {
            "volt_mag": 0.0,
            "gic_blocker": 0.0
        },
        "25": {
            "volt_mag": 0.0,
            "gic_blocker": 0.0
        },
        "4": {
            "volt_mag": -618.1720596834115,
            "gic_blocker": 1.0000000095822652
        },
        "13": {
            "volt_mag": -484.4316108211514,
            "gic_blocker": 0.0
        },
        "15": {
            "volt_mag": 0.0,
            "gic_blocker": 0.0
        },
        "2": {
            "volt_mag": -413.1934438009475,
            "gic_blocker": 1.00000000084142
        },
        "10": {
            "volt_mag": -1017.352827813192,
            "gic_blocker": 0.0
        },
        "18": {
            "volt_mag": 1266.823656362265,
            "gic_blocker": 0.0
        },
        "21": {
            "volt_mag": 0.013176111858271803,
            "gic_blocker": 0.0
        },
        "26": {
            "volt_mag": -484.43063186785395,
            "gic_blocker": 0.0
        },
        "27": {
            "volt_mag": -484.3555621300892,
            "gic_blocker": 0.0
        }
    },
    "bus": {
        "5": {
            "qd": 3.3249999999999997,
            "pd": 12.600000000000001
        },
        "16": {
            "qd": 2.1,
            "pd": 4.0
        },
        "20": {
            "qd": 0.0,
            "pd": 0.0
        },
        "12": {
            "qd": 0.0,
            "pd": 0.0
        },
        "8": {
            "qd": 0.0,
            "pd": 0.0
        },
        "17": {
            "qd": 0.0,
            "pd": 0.0
        },
        "1": {
            "qd": 0.0,
            "pd": 0.0
        },
        "19": {
            "qd": 0.0,
            "pd": 0.0
        },
        "6": {
            "qd": 1.6500000000000001,
            "pd": 2.4000000000000004
        },
        "11": {
            "qd": 0.0,
            "pd": 0.0
        },
        "14": {
            "qd": 0.0,
            "pd": 0.0
        },
        "3": {
            "qd": 0.0,
            "pd": 0.0
        },
        "7": {
            "qd": 0.0,
            "pd": 0.0
        },
        "4": {
            "qd": 5.4,
            "pd": 13.5
        },
        "13": {
            "qd": 0.0,
            "pd": 0.0
        },
        "15": {
            "qd": 5.5,
            "pd": 12.0
        },
        "2": {
            "qd": 0.0,
            "pd": 0.0
        },
        "21": {
            "qd": 0.0,
            "pd": 0.0
        },
        "18": {
            "qd": 0.0,
            "pd": 0.0
        }
    }
}
