{
    "gmd_bus": {
        "5": {
            "volt_mag": -484.4312194163618,
            "gic_blocker": 1.000000009964462
        },
        "16": {
            "volt_mag": 0.0,
            "gic_blocker": 0.0
        },
        "20": {
            "volt_mag": 0.0,
            "gic_blocker": 0.0
        },
        "12": {
            "volt_mag": -618.1807927295855,
            "gic_blocker": 0.0
        },
        "24": {
            "volt_mag": 0.0,
            "gic_blocker": 0.0
        },
        "8": {
            "volt_mag": 1266.823656365866,
            "gic_blocker": 1.000000000000158
        },
        "17": {
            "volt_mag": 722.7343714059157,
            "gic_blocker": 0.0
        },
        "1": {
            "volt_mag": 0.0,
            "gic_blocker": 0.0
        },
        "19": {
            "volt_mag": 0.0,
            "gic_blocker": 0.0
        },
        "22": {
            "volt_mag": -1.1551509641893183e-5,
            "gic_blocker": 0.0
        },
        "23": {
            "volt_mag": -413.19344372335945,
            "gic_blocker": 0.0
        },
        "6": {
            "volt_mag": 450.8286430682779,
            "gic_blocker": 0.999999999995901
        },
        "11": {
            "volt_mag": -618.1708120581335,
            "gic_blocker": 0.0
        },
        "9": {
            "volt_mag": 0.0,
            "gic_blocker": 0.0
        },
        "14": {
            "volt_mag": 450.82864306874,
            "gic_blocker": 0.0
        },
        "3": {
            "volt_mag": -1.1178880307621532e-5,
            "gic_blocker": 0.0
        },
        "7": {
            "volt_mag": 0.0,
            "gic_blocker": 0.0
        },
        "25": {
            "volt_mag": 0.0,
            "gic_blocker": 0.0
        },
        "4": {
            "volt_mag": -618.1720596667096,
            "gic_blocker": 1.0000000095789903
        },
        "13": {
            "volt_mag": -484.4316108046409,
            "gic_blocker": 0.0
        },
        "15": {
            "volt_mag": 0.0,
            "gic_blocker": 0.0
        },
        "2": {
            "volt_mag": -413.19344375145096,
            "gic_blocker": 1.000000000815835
        },
        "10": {
            "volt_mag": -1017.3528277805569,
            "gic_blocker": 0.0
        },
        "18": {
            "volt_mag": 1266.8236563658327,
            "gic_blocker": 0.0
        },
        "21": {
            "volt_mag": 0.013176121060422206,
            "gic_blocker": 0.0
        },
        "26": {
            "volt_mag": -484.4306318512188,
            "gic_blocker": 0.0
        },
        "27": {
            "volt_mag": -484.35556212255403,
            "gic_blocker": 0.0
        }
    },
    "bus": {
        "5": {
            "qd": 2.975,
            "pd": 13.200000000000001
        },
        "16": {
            "qd": 2.3,
            "pd": 4.75
        },
        "20": {
            "qd": 0.0,
            "pd": 0.0
        },
        "12": {
            "qd": 0.0,
            "pd": 0.0
        },
        "8": {
            "qd": 0.0,
            "pd": 0.0
        },
        "17": {
            "qd": 0.0,
            "pd": 0.0
        },
        "1": {
            "qd": 0.0,
            "pd": 0.0
        },
        "19": {
            "qd": 0.0,
            "pd": 0.0
        },
        "6": {
            "qd": 1.6500000000000001,
            "pd": 2.4000000000000004
        },
        "11": {
            "qd": 0.0,
            "pd": 0.0
        },
        "14": {
            "qd": 0.0,
            "pd": 0.0
        },
        "3": {
            "qd": 0.0,
            "pd": 0.0
        },
        "7": {
            "qd": 0.0,
            "pd": 0.0
        },
        "4": {
            "qd": 6.300000000000001,
            "pd": 13.5
        },
        "13": {
            "qd": 0.0,
            "pd": 0.0
        },
        "15": {
            "qd": 4.75,
            "pd": 9.600000000000001
        },
        "2": {
            "qd": 0.0,
            "pd": 0.0
        },
        "21": {
            "qd": 0.0,
            "pd": 0.0
        },
        "18": {
            "qd": 0.0,
            "pd": 0.0
        }
    }
}
