{
    "gmd_bus": {
        "5": {
            "volt_mag": -118.34605428343592,
            "gic_blocker": 0.0
        },
        "16": {
            "volt_mag": 0.0,
            "gic_blocker": 0.0
        },
        "20": {
            "volt_mag": 0.0,
            "gic_blocker": 0.0
        },
        "12": {
            "volt_mag": -364.75581997792347,
            "gic_blocker": 0.0
        },
        "24": {
            "volt_mag": 0.0,
            "gic_blocker": 0.0
        },
        "8": {
            "volt_mag": 69.28353545557098,
            "gic_blocker": 0.0
        },
        "17": {
            "volt_mag": 73.6889060716699,
            "gic_blocker": 0.0
        },
        "1": {
            "volt_mag": 0.0,
            "gic_blocker": 0.0
        },
        "19": {
            "volt_mag": 0.0,
            "gic_blocker": 0.0
        },
        "22": {
            "volt_mag": 51.966780783870945,
            "gic_blocker": 0.0
        },
        "23": {
            "volt_mag": -52.40218694288547,
            "gic_blocker": 0.0
        },
        "6": {
            "volt_mag": 109.3228790984878,
            "gic_blocker": 0.0
        },
        "11": {
            "volt_mag": -361.89256141231687,
            "gic_blocker": 0.0
        },
        "9": {
            "volt_mag": 0.0,
            "gic_blocker": 0.0
        },
        "14": {
            "volt_mag": 136.65359887310976,
            "gic_blocker": 0.0
        },
        "3": {
            "volt_mag": 51.96678076900839,
            "gic_blocker": 0.9999999914199666
        },
        "7": {
            "volt_mag": 0.0,
            "gic_blocker": 0.0
        },
        "25": {
            "volt_mag": 0.0,
            "gic_blocker": 0.0
        },
        "4": {
            "volt_mag": -360.74735476243234,
            "gic_blocker": -7.092039215198649e-9
        },
        "13": {
            "volt_mag": -124.68670088403707,
            "gic_blocker": 0.0
        },
        "15": {
            "volt_mag": 0.0,
            "gic_blocker": 0.0
        },
        "2": {
            "volt_mag": -48.37124952294909,
            "gic_blocker": 0.0
        },
        "10": {
            "volt_mag": -708.906494546375,
            "gic_blocker": 0.0
        },
        "18": {
            "volt_mag": 80.83079124936025,
            "gic_blocker": 0.0
        },
        "21": {
            "volt_mag": 47.68290759138231,
            "gic_blocker": 0.0
        },
        "26": {
            "volt_mag": -120.66968957310353,
            "gic_blocker": 0.0
        },
        "27": {
            "volt_mag": -1133.4010274568,
            "gic_blocker": 0.0
        }
    },
    "bus": {
        "5": {
            "qd": 3.15,
            "pd": 12.600000000000001
        },
        "16": {
            "qd": 1.7,
            "pd": 5.0
        },
        "20": {
            "qd": 0.0,
            "pd": 0.0
        },
        "12": {
            "qd": 0.0,
            "pd": 0.0
        },
        "8": {
            "qd": 0.0,
            "pd": 0.0
        },
        "17": {
            "qd": 0.0,
            "pd": 0.0
        },
        "1": {
            "qd": 0.0,
            "pd": 0.0
        },
        "19": {
            "qd": 0.0,
            "pd": 0.0
        },
        "6": {
            "qd": 1.7249999999999999,
            "pd": 2.7
        },
        "11": {
            "qd": 0.0,
            "pd": 0.0
        },
        "14": {
            "qd": 0.0,
            "pd": 0.0
        },
        "3": {
            "qd": 0.0,
            "pd": 0.0
        },
        "7": {
            "qd": 0.0,
            "pd": 0.0
        },
        "4": {
            "qd": 6.300000000000001,
            "pd": 17.25
        },
        "13": {
            "qd": 0.0,
            "pd": 0.0
        },
        "15": {
            "qd": 4.5,
            "pd": 10.8
        },
        "2": {
            "qd": 0.0,
            "pd": 0.0
        },
        "21": {
            "qd": 0.0,
            "pd": 0.0
        },
        "18": {
            "qd": 0.0,
            "pd": 0.0
        }
    }
}
