{
    "gmd_bus": {
        "5": {
            "volt_mag": -484.4312194015723,
            "gic_blocker": 1.000000009963048
        },
        "16": {
            "volt_mag": 0.0,
            "gic_blocker": 0.0
        },
        "20": {
            "volt_mag": 0.0,
            "gic_blocker": 0.0
        },
        "12": {
            "volt_mag": -618.1807927155609,
            "gic_blocker": 0.0
        },
        "24": {
            "volt_mag": 0.0,
            "gic_blocker": 0.0
        },
        "8": {
            "volt_mag": 1266.8236563533703,
            "gic_blocker": 0.9999999999991664
        },
        "17": {
            "volt_mag": 722.7343714033644,
            "gic_blocker": 0.0
        },
        "1": {
            "volt_mag": 0.0,
            "gic_blocker": 0.0
        },
        "19": {
            "volt_mag": 0.0,
            "gic_blocker": 0.0
        },
        "22": {
            "volt_mag": -1.1544674642507024e-5,
            "gic_blocker": 0.0
        },
        "23": {
            "volt_mag": -413.1934436805182,
            "gic_blocker": 0.0
        },
        "6": {
            "volt_mag": 450.82864307148947,
            "gic_blocker": 0.9999999999931642
        },
        "11": {
            "volt_mag": -618.1708120439869,
            "gic_blocker": 0.0
        },
        "9": {
            "volt_mag": 0.0,
            "gic_blocker": 0.0
        },
        "14": {
            "volt_mag": 450.8286430722599,
            "gic_blocker": 0.0
        },
        "3": {
            "volt_mag": -1.1172265792081206e-5,
            "gic_blocker": 0.0
        },
        "7": {
            "volt_mag": 0.0,
            "gic_blocker": 0.0
        },
        "25": {
            "volt_mag": 0.0,
            "gic_blocker": 0.0
        },
        "4": {
            "volt_mag": -618.1720596525631,
            "gic_blocker": 1.000000009573114
        },
        "13": {
            "volt_mag": -484.43161078993813,
            "gic_blocker": 0.0
        },
        "15": {
            "volt_mag": 0.0,
            "gic_blocker": 0.0
        },
        "2": {
            "volt_mag": -413.1934437078183,
            "gic_blocker": 1.0000000007928485
        },
        "10": {
            "volt_mag": -1017.3528277520873,
            "gic_blocker": 0.0
        },
        "18": {
            "volt_mag": 1266.8236563535465,
            "gic_blocker": 0.0
        },
        "21": {
            "volt_mag": 0.013176127935210636,
            "gic_blocker": 0.0
        },
        "26": {
            "volt_mag": -484.4306318363677,
            "gic_blocker": 0.0
        },
        "27": {
            "volt_mag": -484.3555621251051,
            "gic_blocker": 0.0
        }
    },
    "bus": {
        "5": {
            "qd": 4.2,
            "pd": 12.0
        },
        "16": {
            "qd": 1.7,
            "pd": 5.5
        },
        "20": {
            "qd": 0.0,
            "pd": 0.0
        },
        "12": {
            "qd": 0.0,
            "pd": 0.0
        },
        "8": {
            "qd": 0.0,
            "pd": 0.0
        },
        "17": {
            "qd": 0.0,
            "pd": 0.0
        },
        "1": {
            "qd": 0.0,
            "pd": 0.0
        },
        "19": {
            "qd": 0.0,
            "pd": 0.0
        },
        "6": {
            "qd": 1.275,
            "pd": 2.8499999999999996
        },
        "11": {
            "qd": 0.0,
            "pd": 0.0
        },
        "14": {
            "qd": 0.0,
            "pd": 0.0
        },
        "3": {
            "qd": 0.0,
            "pd": 0.0
        },
        "7": {
            "qd": 0.0,
            "pd": 0.0
        },
        "4": {
            "qd": 6.300000000000001,
            "pd": 13.5
        },
        "13": {
            "qd": 0.0,
            "pd": 0.0
        },
        "15": {
            "qd": 4.75,
            "pd": 9.600000000000001
        },
        "2": {
            "qd": 0.0,
            "pd": 0.0
        },
        "21": {
            "qd": 0.0,
            "pd": 0.0
        },
        "18": {
            "qd": 0.0,
            "pd": 0.0
        }
    }
}
