{
    "gmd_bus": {
        "5": {
            "volt_mag": -697.68639758718,
            "gic_blocker": 1.0000000099764668
        },
        "16": {
            "volt_mag": 0.0,
            "gic_blocker": 0.0
        },
        "20": {
            "volt_mag": 0.0,
            "gic_blocker": 0.0
        },
        "12": {
            "volt_mag": -831.4359677259596,
            "gic_blocker": 0.0
        },
        "24": {
            "volt_mag": 0.0,
            "gic_blocker": 0.0
        },
        "8": {
            "volt_mag": 1053.568483464281,
            "gic_blocker": 0.9999999999975498
        },
        "17": {
            "volt_mag": 509.4791985263516,
            "gic_blocker": 0.0
        },
        "1": {
            "volt_mag": 0.0,
            "gic_blocker": 0.0
        },
        "19": {
            "volt_mag": 0.0,
            "gic_blocker": 0.0
        },
        "22": {
            "volt_mag": -213.2551810081767,
            "gic_blocker": 0.0
        },
        "23": {
            "volt_mag": -626.4486176671174,
            "gic_blocker": 0.0
        },
        "6": {
            "volt_mag": 237.57347020133767,
            "gic_blocker": 0.9999999999784052
        },
        "11": {
            "volt_mag": -831.4259870656639,
            "gic_blocker": 0.0
        },
        "9": {
            "volt_mag": 0.0,
            "gic_blocker": 0.0
        },
        "14": {
            "volt_mag": 237.57347020262029,
            "gic_blocker": 0.0
        },
        "3": {
            "volt_mag": -213.2551804744696,
            "gic_blocker": 0.9999999249199303
        },
        "7": {
            "volt_mag": 0.0,
            "gic_blocker": 0.0
        },
        "25": {
            "volt_mag": 0.0,
            "gic_blocker": 0.0
        },
        "4": {
            "volt_mag": -831.427234681713,
            "gic_blocker": 1.0000000096817134
        },
        "13": {
            "volt_mag": -697.6867888878445,
            "gic_blocker": 0.0
        },
        "15": {
            "volt_mag": 0.0,
            "gic_blocker": 0.0
        },
        "2": {
            "volt_mag": -626.448617705865,
            "gic_blocker": 1.0000000007422347
        },
        "10": {
            "volt_mag": -1230.6080022571011,
            "gic_blocker": 0.0
        },
        "18": {
            "volt_mag": 1053.568483464711,
            "gic_blocker": 0.0
        },
        "21": {
            "volt_mag": -213.24199348437998,
            "gic_blocker": 0.0
        },
        "26": {
            "volt_mag": -697.6858099401242,
            "gic_blocker": 0.0
        },
        "27": {
            "volt_mag": -697.6107350021182,
            "gic_blocker": 0.0
        }
    },
    "bus": {
        "5": {
            "qd": 3.6750000000000003,
            "pd": 12.600000000000001
        },
        "16": {
            "qd": 2.4,
            "pd": 5.25
        },
        "20": {
            "qd": 0.0,
            "pd": 0.0
        },
        "12": {
            "qd": 0.0,
            "pd": 0.0
        },
        "8": {
            "qd": 0.0,
            "pd": 0.0
        },
        "17": {
            "qd": 0.0,
            "pd": 0.0
        },
        "1": {
            "qd": 0.0,
            "pd": 0.0
        },
        "19": {
            "qd": 0.0,
            "pd": 0.0
        },
        "6": {
            "qd": 1.6500000000000001,
            "pd": 2.55
        },
        "11": {
            "qd": 0.0,
            "pd": 0.0
        },
        "14": {
            "qd": 0.0,
            "pd": 0.0
        },
        "3": {
            "qd": 0.0,
            "pd": 0.0
        },
        "7": {
            "qd": 0.0,
            "pd": 0.0
        },
        "4": {
            "qd": 6.6000000000000005,
            "pd": 13.5
        },
        "13": {
            "qd": 0.0,
            "pd": 0.0
        },
        "15": {
            "qd": 4.25,
            "pd": 9.600000000000001
        },
        "2": {
            "qd": 0.0,
            "pd": 0.0
        },
        "21": {
            "qd": 0.0,
            "pd": 0.0
        },
        "18": {
            "qd": 0.0,
            "pd": 0.0
        }
    }
}
