{
    "gmd_bus": {
        "5": {
            "volt_mag": -118.34605425671971,
            "gic_blocker": 0.0
        },
        "16": {
            "volt_mag": 0.0,
            "gic_blocker": 0.0
        },
        "20": {
            "volt_mag": 0.0,
            "gic_blocker": 0.0
        },
        "12": {
            "volt_mag": -364.7558201675891,
            "gic_blocker": 0.0
        },
        "24": {
            "volt_mag": 0.0,
            "gic_blocker": 0.0
        },
        "8": {
            "volt_mag": 69.28353546587495,
            "gic_blocker": 0.0
        },
        "17": {
            "volt_mag": 73.68890616354695,
            "gic_blocker": 0.0
        },
        "1": {
            "volt_mag": 0.0,
            "gic_blocker": 0.0
        },
        "19": {
            "volt_mag": 0.0,
            "gic_blocker": 0.0
        },
        "22": {
            "volt_mag": 51.96678172222438,
            "gic_blocker": 0.0
        },
        "23": {
            "volt_mag": -52.40218685626113,
            "gic_blocker": 0.0
        },
        "6": {
            "volt_mag": 109.32287921183145,
            "gic_blocker": 0.0
        },
        "11": {
            "volt_mag": -361.8925616186462,
            "gic_blocker": 0.0
        },
        "9": {
            "volt_mag": 0.0,
            "gic_blocker": 0.0
        },
        "14": {
            "volt_mag": 136.6535990147893,
            "gic_blocker": 0.0
        },
        "3": {
            "volt_mag": 51.96678173703226,
            "gic_blocker": 1.0000000085484653
        },
        "7": {
            "volt_mag": 0.0,
            "gic_blocker": 0.0
        },
        "25": {
            "volt_mag": 0.0,
            "gic_blocker": 0.0
        },
        "4": {
            "volt_mag": -360.7473549772917,
            "gic_blocker": 5.642362575903178e-10
        },
        "13": {
            "volt_mag": -124.68670086016361,
            "gic_blocker": 0.0
        },
        "15": {
            "volt_mag": 0.0,
            "gic_blocker": 0.0
        },
        "2": {
            "volt_mag": -48.37124944298816,
            "gic_blocker": 0.0
        },
        "10": {
            "volt_mag": -708.9064946064755,
            "gic_blocker": 0.0
        },
        "18": {
            "volt_mag": 80.83079126138155,
            "gic_blocker": 0.0
        },
        "21": {
            "volt_mag": 47.68290849741326,
            "gic_blocker": 0.0
        },
        "26": {
            "volt_mag": -120.66968953945161,
            "gic_blocker": 0.0
        },
        "27": {
            "volt_mag": -1133.4010273649228,
            "gic_blocker": 0.0
        }
    },
    "bus": {
        "5": {
            "qd": 3.15,
            "pd": 12.600000000000001
        },
        "16": {
            "qd": 2.2,
            "pd": 4.0
        },
        "20": {
            "qd": 0.0,
            "pd": 0.0
        },
        "12": {
            "qd": 0.0,
            "pd": 0.0
        },
        "8": {
            "qd": 0.0,
            "pd": 0.0
        },
        "17": {
            "qd": 0.0,
            "pd": 0.0
        },
        "1": {
            "qd": 0.0,
            "pd": 0.0
        },
        "19": {
            "qd": 0.0,
            "pd": 0.0
        },
        "6": {
            "qd": 1.5,
            "pd": 3.4499999999999997
        },
        "11": {
            "qd": 0.0,
            "pd": 0.0
        },
        "14": {
            "qd": 0.0,
            "pd": 0.0
        },
        "3": {
            "qd": 0.0,
            "pd": 0.0
        },
        "7": {
            "qd": 0.0,
            "pd": 0.0
        },
        "4": {
            "qd": 4.800000000000001,
            "pd": 18.0
        },
        "13": {
            "qd": 0.0,
            "pd": 0.0
        },
        "15": {
            "qd": 5.75,
            "pd": 13.200000000000001
        },
        "2": {
            "qd": 0.0,
            "pd": 0.0
        },
        "21": {
            "qd": 0.0,
            "pd": 0.0
        },
        "18": {
            "qd": 0.0,
            "pd": 0.0
        }
    }
}
