{
    "gmd_bus": {
        "5": {
            "volt_mag": -118.34605431926195,
            "gic_blocker": 0.0
        },
        "16": {
            "volt_mag": 0.0,
            "gic_blocker": 0.0
        },
        "20": {
            "volt_mag": 0.0,
            "gic_blocker": 0.0
        },
        "12": {
            "volt_mag": -364.7558203143974,
            "gic_blocker": 0.0
        },
        "24": {
            "volt_mag": 0.0,
            "gic_blocker": 0.0
        },
        "8": {
            "volt_mag": 69.28353545832398,
            "gic_blocker": 0.0
        },
        "17": {
            "volt_mag": 73.68890609621745,
            "gic_blocker": 1.0
        },
        "1": {
            "volt_mag": 0.0,
            "gic_blocker": 0.0
        },
        "19": {
            "volt_mag": 0.0,
            "gic_blocker": 0.0
        },
        "22": {
            "volt_mag": 51.96678115530661,
            "gic_blocker": 1.0
        },
        "23": {
            "volt_mag": -52.40218693058635,
            "gic_blocker": 0.0
        },
        "6": {
            "volt_mag": 109.32287912877072,
            "gic_blocker": 0.0
        },
        "11": {
            "volt_mag": -361.89256176281634,
            "gic_blocker": 0.0
        },
        "9": {
            "volt_mag": 0.0,
            "gic_blocker": 1.0
        },
        "14": {
            "volt_mag": 136.6535989109634,
            "gic_blocker": 0.0
        },
        "3": {
            "volt_mag": 51.96678115530661,
            "gic_blocker": 1.0
        },
        "7": {
            "volt_mag": 0.0,
            "gic_blocker": 1.0
        },
        "25": {
            "volt_mag": 0.0,
            "gic_blocker": 0.0
        },
        "4": {
            "volt_mag": -360.7473551203475,
            "gic_blocker": 0.0
        },
        "13": {
            "volt_mag": -124.68670092437797,
            "gic_blocker": 0.0
        },
        "15": {
            "volt_mag": 0.0,
            "gic_blocker": 0.0
        },
        "2": {
            "volt_mag": -48.371249511596055,
            "gic_blocker": 0.0
        },
        "10": {
            "volt_mag": -708.9064947157821,
            "gic_blocker": 0.0
        },
        "18": {
            "volt_mag": 80.83079125257208,
            "gic_blocker": 0.0
        },
        "21": {
            "volt_mag": 47.682907945828774,
            "gic_blocker": 0.0
        },
        "26": {
            "volt_mag": -120.66968960573983,
            "gic_blocker": 0.0
        },
        "27": {
            "volt_mag": -1133.4010274322522,
            "gic_blocker": 1.0
        }
    },
    "bus": {
        "5": {
            "qd": 2.8000000000000003,
            "pd": 12.0
        },
        "16": {
            "qd": 2.1,
            "pd": 5.5
        },
        "20": {
            "qd": 0.0,
            "pd": 0.0
        },
        "12": {
            "qd": 0.0,
            "pd": 0.0
        },
        "8": {
            "qd": 0.0,
            "pd": 0.0
        },
        "17": {
            "qd": 0.0,
            "pd": 0.0
        },
        "1": {
            "qd": 0.0,
            "pd": 0.0
        },
        "19": {
            "qd": 0.0,
            "pd": 0.0
        },
        "6": {
            "qd": 1.6500000000000001,
            "pd": 2.7
        },
        "11": {
            "qd": 0.0,
            "pd": 0.0
        },
        "14": {
            "qd": 0.0,
            "pd": 0.0
        },
        "3": {
            "qd": 0.0,
            "pd": 0.0
        },
        "7": {
            "qd": 0.0,
            "pd": 0.0
        },
        "4": {
            "qd": 6.6000000000000005,
            "pd": 15.0
        },
        "13": {
            "qd": 0.0,
            "pd": 0.0
        },
        "15": {
            "qd": 4.5,
            "pd": 12.0
        },
        "2": {
            "qd": 0.0,
            "pd": 0.0
        },
        "21": {
            "qd": 0.0,
            "pd": 0.0
        },
        "18": {
            "qd": 0.0,
            "pd": 0.0
        }
    }
}
