{
    "gmd_bus": {
        "5": {
            "volt_mag": -143.24226872600994,
            "gic_blocker": 0.0
        },
        "16": {
            "volt_mag": 0.0,
            "gic_blocker": 1.0
        },
        "20": {
            "volt_mag": 0.0,
            "gic_blocker": 0.0
        },
        "12": {
            "volt_mag": -475.04668457333713,
            "gic_blocker": 0.0
        },
        "24": {
            "volt_mag": 0.0,
            "gic_blocker": 0.0
        },
        "8": {
            "volt_mag": 995.047849202086,
            "gic_blocker": 1.0
        },
        "17": {
            "volt_mag": 450.9585642437205,
            "gic_blocker": 0.0
        },
        "1": {
            "volt_mag": 0.0,
            "gic_blocker": 0.0
        },
        "19": {
            "volt_mag": 0.0,
            "gic_blocker": 0.0
        },
        "22": {
            "volt_mag": 2.363325289926217,
            "gic_blocker": 0.0
        },
        "23": {
            "volt_mag": -274.28156119679863,
            "gic_blocker": 0.0
        },
        "6": {
            "volt_mag": 143.24226872600994,
            "gic_blocker": 0.0
        },
        "11": {
            "volt_mag": -475.05091867051823,
            "gic_blocker": 0.0
        },
        "9": {
            "volt_mag": 0.0,
            "gic_blocker": 0.0
        },
        "14": {
            "volt_mag": 179.05283590751242,
            "gic_blocker": 0.0
        },
        "3": {
            "volt_mag": 2.363325289926217,
            "gic_blocker": 1.0
        },
        "7": {
            "volt_mag": 0.0,
            "gic_blocker": 1.0
        },
        "25": {
            "volt_mag": 0.0,
            "gic_blocker": 1.0
        },
        "4": {
            "volt_mag": -475.0503894083825,
            "gic_blocker": 1.0
        },
        "13": {
            "volt_mag": -150.56081563513808,
            "gic_blocker": 2.9999999557873356e-8
        },
        "15": {
            "volt_mag": 0.0,
            "gic_blocker": 2.9999999557873356e-8
        },
        "2": {
            "volt_mag": -274.28156119679863,
            "gic_blocker": 1.0
        },
        "10": {
            "volt_mag": -876.3333797465983,
            "gic_blocker": 1.0
        },
        "18": {
            "volt_mag": 995.047849202086,
            "gic_blocker": 0.0
        },
        "21": {
            "volt_mag": -0.9884264922262626,
            "gic_blocker": 1.0
        },
        "26": {
            "volt_mag": -146.58867496047324,
            "gic_blocker": 0.0
        },
        "27": {
            "volt_mag": -756.1313692847491,
            "gic_blocker": 1.0
        }
    },
    "bus": {
        "5": {
            "qd": 4.2,
            "pd": 12.0
        },
        "16": {
            "qd": 2.1,
            "pd": 4.75
        },
        "20": {
            "qd": 0.0,
            "pd": 0.0
        },
        "12": {
            "qd": 0.0,
            "pd": 0.0
        },
        "8": {
            "qd": 0.0,
            "pd": 0.0
        },
        "17": {
            "qd": 0.0,
            "pd": 0.0
        },
        "1": {
            "qd": 0.0,
            "pd": 0.0
        },
        "19": {
            "qd": 0.0,
            "pd": 0.0
        },
        "6": {
            "qd": 1.35,
            "pd": 3.0
        },
        "11": {
            "qd": 0.0,
            "pd": 0.0
        },
        "14": {
            "qd": 0.0,
            "pd": 0.0
        },
        "3": {
            "qd": 0.0,
            "pd": 0.0
        },
        "7": {
            "qd": 0.0,
            "pd": 0.0
        },
        "4": {
            "qd": 6.300000000000001,
            "pd": 16.5
        },
        "13": {
            "qd": 0.0,
            "pd": 0.0
        },
        "15": {
            "qd": 6.0,
            "pd": 10.8
        },
        "2": {
            "qd": 0.0,
            "pd": 0.0
        },
        "21": {
            "qd": 0.0,
            "pd": 0.0
        },
        "18": {
            "qd": 0.0,
            "pd": 0.0
        }
    }
}
