{
    "gmd_bus": {
        "5": {
            "volt_mag": -108.16883379242327,
            "gic_blocker": -6.019133608317168e-9
        },
        "16": {
            "volt_mag": 0.0,
            "gic_blocker": 0.0
        },
        "20": {
            "volt_mag": 0.0,
            "gic_blocker": 1.0
        },
        "12": {
            "volt_mag": -343.5793123626011,
            "gic_blocker": 0.0
        },
        "24": {
            "volt_mag": 0.0,
            "gic_blocker": 0.0
        },
        "8": {
            "volt_mag": 1020.4308091286047,
            "gic_blocker": 1.0
        },
        "17": {
            "volt_mag": 476.3415241702392,
            "gic_blocker": 1.0
        },
        "1": {
            "volt_mag": 0.0,
            "gic_blocker": 2.8662968698621386e-8
        },
        "19": {
            "volt_mag": 0.0,
            "gic_blocker": 0.0
        },
        "22": {
            "volt_mag": 88.57357327909314,
            "gic_blocker": 1.0
        },
        "23": {
            "volt_mag": -46.359958337893815,
            "gic_blocker": 0.0
        },
        "6": {
            "volt_mag": 163.5486364048992,
            "gic_blocker": -8.019804564672655e-9
        },
        "11": {
            "volt_mag": -340.91149628425075,
            "gic_blocker": 0.0
        },
        "9": {
            "volt_mag": 0.0,
            "gic_blocker": 2.8662968698621386e-8
        },
        "14": {
            "volt_mag": 204.43579583403107,
            "gic_blocker": 1.0
        },
        "3": {
            "volt_mag": 88.57357312429326,
            "gic_blocker": 0.9999999475690521
        },
        "7": {
            "volt_mag": 0.0,
            "gic_blocker": 0.0
        },
        "25": {
            "volt_mag": 0.0,
            "gic_blocker": 1.0
        },
        "4": {
            "volt_mag": -339.82901905684906,
            "gic_blocker": -5.933279530045473e-9
        },
        "13": {
            "volt_mag": -113.94832227175914,
            "gic_blocker": 1.0
        },
        "15": {
            "volt_mag": 0.0,
            "gic_blocker": 0.0
        },
        "2": {
            "volt_mag": -42.79380779227121,
            "gic_blocker": 1.9088320361381923e-8
        },
        "10": {
            "volt_mag": -695.3822090702665,
            "gic_blocker": 0.0
        },
        "18": {
            "volt_mag": 1020.4308091286047,
            "gic_blocker": 2.8662968698621386e-8
        },
        "21": {
            "volt_mag": 84.6808465076255,
            "gic_blocker": 2.8662968698621386e-8
        },
        "26": {
            "volt_mag": -110.31648430103928,
            "gic_blocker": 1.0
        },
        "27": {
            "volt_mag": -730.7484093582304,
            "gic_blocker": 1.0
        }
    },
    "bus": {
        "5": {
            "qd": 3.3249999999999997,
            "pd": 14.399999999999999
        },
        "16": {
            "qd": 2.2,
            "pd": 5.75
        },
        "20": {
            "qd": 0.0,
            "pd": 0.0
        },
        "12": {
            "qd": 0.0,
            "pd": 0.0
        },
        "8": {
            "qd": 0.0,
            "pd": 0.0
        },
        "17": {
            "qd": 0.0,
            "pd": 0.0
        },
        "1": {
            "qd": 0.0,
            "pd": 0.0
        },
        "19": {
            "qd": 0.0,
            "pd": 0.0
        },
        "6": {
            "qd": 1.275,
            "pd": 3.1500000000000004
        },
        "11": {
            "qd": 0.0,
            "pd": 0.0
        },
        "14": {
            "qd": 0.0,
            "pd": 0.0
        },
        "3": {
            "qd": 0.0,
            "pd": 0.0
        },
        "7": {
            "qd": 0.0,
            "pd": 0.0
        },
        "4": {
            "qd": 6.6000000000000005,
            "pd": 13.5
        },
        "13": {
            "qd": 0.0,
            "pd": 0.0
        },
        "15": {
            "qd": 5.5,
            "pd": 11.399999999999999
        },
        "2": {
            "qd": 0.0,
            "pd": 0.0
        },
        "21": {
            "qd": 0.0,
            "pd": 0.0
        },
        "18": {
            "qd": 0.0,
            "pd": 0.0
        }
    }
}
