{
    "gmd_bus": {
        "5": {
            "volt_mag": -484.4312194709064,
            "gic_blocker": 1.0000000099642972
        },
        "16": {
            "volt_mag": 0.0,
            "gic_blocker": 0.0
        },
        "20": {
            "volt_mag": 0.0,
            "gic_blocker": 0.0
        },
        "12": {
            "volt_mag": -618.1807927832795,
            "gic_blocker": 0.0
        },
        "24": {
            "volt_mag": 0.0,
            "gic_blocker": 0.0
        },
        "8": {
            "volt_mag": 1266.8236563449796,
            "gic_blocker": 1.0000000000010312
        },
        "17": {
            "volt_mag": 722.734371376273,
            "gic_blocker": 0.0
        },
        "1": {
            "volt_mag": 0.0,
            "gic_blocker": 0.0
        },
        "19": {
            "volt_mag": 0.0,
            "gic_blocker": 0.0
        },
        "22": {
            "volt_mag": -1.1580957351260185e-5,
            "gic_blocker": 0.0
        },
        "23": {
            "volt_mag": -413.19344387285014,
            "gic_blocker": 0.0
        },
        "6": {
            "volt_mag": 450.82864303354205,
            "gic_blocker": 0.999999999998143
        },
        "11": {
            "volt_mag": -618.170812112189,
            "gic_blocker": 0.0
        },
        "9": {
            "volt_mag": 0.0,
            "gic_blocker": 0.0
        },
        "14": {
            "volt_mag": 450.82864303375135,
            "gic_blocker": 0.0
        },
        "3": {
            "volt_mag": -1.1207378090902902e-5,
            "gic_blocker": 0.0
        },
        "7": {
            "volt_mag": 0.0,
            "gic_blocker": 0.0
        },
        "25": {
            "volt_mag": 0.0,
            "gic_blocker": 0.0
        },
        "4": {
            "volt_mag": -618.1720597207433,
            "gic_blocker": 1.0000000095880779
        },
        "13": {
            "volt_mag": -484.43161085904296,
            "gic_blocker": 0.0
        },
        "15": {
            "volt_mag": 0.0,
            "gic_blocker": 0.0
        },
        "2": {
            "volt_mag": -413.193443903589,
            "gic_blocker": 1.0000000008927177
        },
        "10": {
            "volt_mag": -1017.3528278822492,
            "gic_blocker": 0.0
        },
        "18": {
            "volt_mag": 1266.823656344762,
            "gic_blocker": 0.0
        },
        "21": {
            "volt_mag": 0.013176091147367659,
            "gic_blocker": 0.0
        },
        "26": {
            "volt_mag": -484.43063190598525,
            "gic_blocker": 0.0
        },
        "27": {
            "volt_mag": -484.35556215219674,
            "gic_blocker": 0.0
        }
    },
    "bus": {
        "5": {
            "qd": 3.5,
            "pd": 10.2
        },
        "16": {
            "qd": 2.0,
            "pd": 4.0
        },
        "20": {
            "qd": 0.0,
            "pd": 0.0
        },
        "12": {
            "qd": 0.0,
            "pd": 0.0
        },
        "8": {
            "qd": 0.0,
            "pd": 0.0
        },
        "17": {
            "qd": 0.0,
            "pd": 0.0
        },
        "1": {
            "qd": 0.0,
            "pd": 0.0
        },
        "19": {
            "qd": 0.0,
            "pd": 0.0
        },
        "6": {
            "qd": 1.7249999999999999,
            "pd": 3.5999999999999996
        },
        "11": {
            "qd": 0.0,
            "pd": 0.0
        },
        "14": {
            "qd": 0.0,
            "pd": 0.0
        },
        "3": {
            "qd": 0.0,
            "pd": 0.0
        },
        "7": {
            "qd": 0.0,
            "pd": 0.0
        },
        "4": {
            "qd": 4.800000000000001,
            "pd": 12.75
        },
        "13": {
            "qd": 0.0,
            "pd": 0.0
        },
        "15": {
            "qd": 5.75,
            "pd": 13.200000000000001
        },
        "2": {
            "qd": 0.0,
            "pd": 0.0
        },
        "21": {
            "qd": 0.0,
            "pd": 0.0
        },
        "18": {
            "qd": 0.0,
            "pd": 0.0
        }
    }
}
