{
    "gmd_bus": {
        "5": {
            "volt_mag": -143.24226877037577,
            "gic_blocker": 0.0
        },
        "16": {
            "volt_mag": 0.0,
            "gic_blocker": 0.0
        },
        "20": {
            "volt_mag": 0.0,
            "gic_blocker": 0.0
        },
        "12": {
            "volt_mag": -475.0466846987062,
            "gic_blocker": 0.0
        },
        "24": {
            "volt_mag": 0.0,
            "gic_blocker": 0.0
        },
        "8": {
            "volt_mag": 995.0478491430953,
            "gic_blocker": 1.0
        },
        "17": {
            "volt_mag": 450.9585641847297,
            "gic_blocker": 0.0
        },
        "1": {
            "volt_mag": 0.0,
            "gic_blocker": 0.0
        },
        "19": {
            "volt_mag": 0.0,
            "gic_blocker": 0.0
        },
        "22": {
            "volt_mag": 2.3633250084607034,
            "gic_blocker": 0.0
        },
        "23": {
            "volt_mag": -274.28156136637676,
            "gic_blocker": 0.0
        },
        "6": {
            "volt_mag": 143.24226867881728,
            "gic_blocker": 0.0
        },
        "11": {
            "volt_mag": -475.05091879603617,
            "gic_blocker": 0.0
        },
        "9": {
            "volt_mag": 0.0,
            "gic_blocker": 0.0
        },
        "14": {
            "volt_mag": 179.05283584852162,
            "gic_blocker": 0.0
        },
        "3": {
            "volt_mag": 2.3633250023568064,
            "gic_blocker": 0.9999999225172502
        },
        "7": {
            "volt_mag": 0.0,
            "gic_blocker": 0.0
        },
        "25": {
            "volt_mag": 0.0,
            "gic_blocker": 0.0
        },
        "4": {
            "volt_mag": -475.05038953388186,
            "gic_blocker": 1.0
        },
        "13": {
            "volt_mag": -150.56081568094672,
            "gic_blocker": 0.0
        },
        "15": {
            "volt_mag": 0.0,
            "gic_blocker": 0.0
        },
        "2": {
            "volt_mag": -274.28156136637676,
            "gic_blocker": 1.0
        },
        "10": {
            "volt_mag": -876.333379894109,
            "gic_blocker": 0.0
        },
        "18": {
            "volt_mag": 995.0478491430953,
            "gic_blocker": 0.0
        },
        "21": {
            "volt_mag": -0.9884267669961596,
            "gic_blocker": 0.0
        },
        "26": {
            "volt_mag": -146.5886750071114,
            "gic_blocker": 0.0
        },
        "27": {
            "volt_mag": -756.13136934374,
            "gic_blocker": 0.0
        }
    },
    "bus": {
        "5": {
            "qd": 3.5,
            "pd": 12.600000000000001
        },
        "16": {
            "qd": 2.2,
            "pd": 6.0
        },
        "20": {
            "qd": 0.0,
            "pd": 0.0
        },
        "12": {
            "qd": 0.0,
            "pd": 0.0
        },
        "8": {
            "qd": 0.0,
            "pd": 0.0
        },
        "17": {
            "qd": 0.0,
            "pd": 0.0
        },
        "1": {
            "qd": 0.0,
            "pd": 0.0
        },
        "19": {
            "qd": 0.0,
            "pd": 0.0
        },
        "6": {
            "qd": 1.5750000000000002,
            "pd": 3.5999999999999996
        },
        "11": {
            "qd": 0.0,
            "pd": 0.0
        },
        "14": {
            "qd": 0.0,
            "pd": 0.0
        },
        "3": {
            "qd": 0.0,
            "pd": 0.0
        },
        "7": {
            "qd": 0.0,
            "pd": 0.0
        },
        "4": {
            "qd": 6.8999999999999995,
            "pd": 18.0
        },
        "13": {
            "qd": 0.0,
            "pd": 0.0
        },
        "15": {
            "qd": 6.0,
            "pd": 11.399999999999999
        },
        "2": {
            "qd": 0.0,
            "pd": 0.0
        },
        "21": {
            "qd": 0.0,
            "pd": 0.0
        },
        "18": {
            "qd": 0.0,
            "pd": 0.0
        }
    }
}
