{
    "gmd_bus": {
        "5": {
            "volt_mag": -143.24226872285573,
            "gic_blocker": 0.0
        },
        "16": {
            "volt_mag": 0.0,
            "gic_blocker": 0.0
        },
        "20": {
            "volt_mag": 0.0,
            "gic_blocker": 0.0
        },
        "12": {
            "volt_mag": -475.04668456442397,
            "gic_blocker": 0.0
        },
        "24": {
            "volt_mag": 0.0,
            "gic_blocker": 0.0
        },
        "8": {
            "volt_mag": 995.04784920628,
            "gic_blocker": 1.0
        },
        "17": {
            "volt_mag": 450.95856424791447,
            "gic_blocker": 0.0
        },
        "1": {
            "volt_mag": 0.0,
            "gic_blocker": 0.0
        },
        "19": {
            "volt_mag": 0.0,
            "gic_blocker": 0.0
        },
        "22": {
            "volt_mag": 2.3633253099372324,
            "gic_blocker": 0.0
        },
        "23": {
            "volt_mag": -274.2815611847423,
            "gic_blocker": 0.0
        },
        "6": {
            "volt_mag": 143.24226872936515,
            "gic_blocker": 0.0
        },
        "11": {
            "volt_mag": -475.0509186615945,
            "gic_blocker": 0.0
        },
        "9": {
            "volt_mag": 0.0,
            "gic_blocker": 0.0
        },
        "14": {
            "volt_mag": 179.05283591170644,
            "gic_blocker": 0.0
        },
        "3": {
            "volt_mag": 2.3633253103711938,
            "gic_blocker": 1.0000000055086948
        },
        "7": {
            "volt_mag": 0.0,
            "gic_blocker": 0.0
        },
        "25": {
            "volt_mag": 0.0,
            "gic_blocker": 0.0
        },
        "4": {
            "volt_mag": -475.0503893994601,
            "gic_blocker": 1.0
        },
        "13": {
            "volt_mag": -150.56081563188127,
            "gic_blocker": 0.0
        },
        "15": {
            "volt_mag": 0.0,
            "gic_blocker": 0.0
        },
        "2": {
            "volt_mag": -274.2815611847423,
            "gic_blocker": 1.0
        },
        "10": {
            "volt_mag": -876.3333797361109,
            "gic_blocker": 0.0
        },
        "18": {
            "volt_mag": 995.04784920628,
            "gic_blocker": 0.0
        },
        "21": {
            "volt_mag": -0.988426472691278,
            "gic_blocker": 0.0
        },
        "26": {
            "volt_mag": -146.58867495715745,
            "gic_blocker": 0.0
        },
        "27": {
            "volt_mag": -756.1313692805552,
            "gic_blocker": 0.0
        }
    },
    "bus": {
        "5": {
            "qd": 4.2,
            "pd": 13.200000000000001
        },
        "16": {
            "qd": 2.2,
            "pd": 5.5
        },
        "20": {
            "qd": 0.0,
            "pd": 0.0
        },
        "12": {
            "qd": 0.0,
            "pd": 0.0
        },
        "8": {
            "qd": 0.0,
            "pd": 0.0
        },
        "17": {
            "qd": 0.0,
            "pd": 0.0
        },
        "1": {
            "qd": 0.0,
            "pd": 0.0
        },
        "19": {
            "qd": 0.0,
            "pd": 0.0
        },
        "6": {
            "qd": 1.7999999999999998,
            "pd": 2.55
        },
        "11": {
            "qd": 0.0,
            "pd": 0.0
        },
        "14": {
            "qd": 0.0,
            "pd": 0.0
        },
        "3": {
            "qd": 0.0,
            "pd": 0.0
        },
        "7": {
            "qd": 0.0,
            "pd": 0.0
        },
        "4": {
            "qd": 6.300000000000001,
            "pd": 15.0
        },
        "13": {
            "qd": 0.0,
            "pd": 0.0
        },
        "15": {
            "qd": 5.75,
            "pd": 12.600000000000001
        },
        "2": {
            "qd": 0.0,
            "pd": 0.0
        },
        "21": {
            "qd": 0.0,
            "pd": 0.0
        },
        "18": {
            "qd": 0.0,
            "pd": 0.0
        }
    }
}
