{
    "gmd_bus": {
        "5": {
            "volt_mag": -484.4312196216013,
            "gic_blocker": 1.0000000099650204
        },
        "16": {
            "volt_mag": 0.0,
            "gic_blocker": 0.0
        },
        "20": {
            "volt_mag": 0.0,
            "gic_blocker": 0.0
        },
        "12": {
            "volt_mag": -618.1807929274014,
            "gic_blocker": 0.0
        },
        "24": {
            "volt_mag": 0.0,
            "gic_blocker": 0.0
        },
        "8": {
            "volt_mag": 1266.8236561885017,
            "gic_blocker": 0.999999999999
        },
        "17": {
            "volt_mag": 722.7343712401645,
            "gic_blocker": 0.0
        },
        "1": {
            "volt_mag": 0.0,
            "gic_blocker": 0.0
        },
        "19": {
            "volt_mag": 0.0,
            "gic_blocker": 0.0
        },
        "22": {
            "volt_mag": -1.1663647932519161e-5,
            "gic_blocker": 0.0
        },
        "23": {
            "volt_mag": -413.1934442326042,
            "gic_blocker": 0.0
        },
        "6": {
            "volt_mag": 450.8286429095012,
            "gic_blocker": 0.9999999999948737
        },
        "11": {
            "volt_mag": -618.17081225701,
            "gic_blocker": 0.0
        },
        "9": {
            "volt_mag": 0.0,
            "gic_blocker": 0.0
        },
        "14": {
            "volt_mag": 450.82864291007894,
            "gic_blocker": 0.0
        },
        "3": {
            "volt_mag": -1.1287401234121286e-5,
            "gic_blocker": 0.0
        },
        "7": {
            "volt_mag": 0.0,
            "gic_blocker": 0.0
        },
        "25": {
            "volt_mag": 0.0,
            "gic_blocker": 0.0
        },
        "4": {
            "volt_mag": -618.1720598654608,
            "gic_blocker": 1.000000009581803
        },
        "13": {
            "volt_mag": -484.43161100945105,
            "gic_blocker": 0.0
        },
        "15": {
            "volt_mag": 0.0,
            "gic_blocker": 0.0
        },
        "2": {
            "volt_mag": -413.19344426934344,
            "gic_blocker": 1.0000000010669847
        },
        "10": {
            "volt_mag": -1017.3528281343549,
            "gic_blocker": 0.0
        },
        "18": {
            "volt_mag": 1266.823656188713,
            "gic_blocker": 0.0
        },
        "21": {
            "volt_mag": 0.013176006744146328,
            "gic_blocker": 0.0
        },
        "26": {
            "volt_mag": -484.4306320570752,
            "gic_blocker": 0.0
        },
        "27": {
            "volt_mag": -484.35556228830524,
            "gic_blocker": 0.0
        }
    },
    "bus": {
        "5": {
            "qd": 2.8000000000000003,
            "pd": 10.8
        },
        "16": {
            "qd": 2.4,
            "pd": 5.75
        },
        "20": {
            "qd": 0.0,
            "pd": 0.0
        },
        "12": {
            "qd": 0.0,
            "pd": 0.0
        },
        "8": {
            "qd": 0.0,
            "pd": 0.0
        },
        "17": {
            "qd": 0.0,
            "pd": 0.0
        },
        "1": {
            "qd": 0.0,
            "pd": 0.0
        },
        "19": {
            "qd": 0.0,
            "pd": 0.0
        },
        "6": {
            "qd": 1.5,
            "pd": 2.4000000000000004
        },
        "11": {
            "qd": 0.0,
            "pd": 0.0
        },
        "14": {
            "qd": 0.0,
            "pd": 0.0
        },
        "3": {
            "qd": 0.0,
            "pd": 0.0
        },
        "7": {
            "qd": 0.0,
            "pd": 0.0
        },
        "4": {
            "qd": 6.0,
            "pd": 18.0
        },
        "13": {
            "qd": 0.0,
            "pd": 0.0
        },
        "15": {
            "qd": 4.5,
            "pd": 9.600000000000001
        },
        "2": {
            "qd": 0.0,
            "pd": 0.0
        },
        "21": {
            "qd": 0.0,
            "pd": 0.0
        },
        "18": {
            "qd": 0.0,
            "pd": 0.0
        }
    }
}
