{
    "gmd_bus": {
        "5": {
            "volt_mag": -484.4312193958859,
            "gic_blocker": 1.0000000099631248
        },
        "16": {
            "volt_mag": 0.0,
            "gic_blocker": 0.0
        },
        "20": {
            "volt_mag": 0.0,
            "gic_blocker": 0.0
        },
        "12": {
            "volt_mag": -618.1807927089894,
            "gic_blocker": 0.0
        },
        "24": {
            "volt_mag": 0.0,
            "gic_blocker": 0.0
        },
        "8": {
            "volt_mag": 1266.823656366882,
            "gic_blocker": 0.9999999999995625
        },
        "17": {
            "volt_mag": 722.734371412905,
            "gic_blocker": 0.0
        },
        "1": {
            "volt_mag": 0.0,
            "gic_blocker": 0.0
        },
        "19": {
            "volt_mag": 0.0,
            "gic_blocker": 0.0
        },
        "22": {
            "volt_mag": -1.1541614236683638e-5,
            "gic_blocker": 0.0
        },
        "23": {
            "volt_mag": -413.1934436779186,
            "gic_blocker": 0.0
        },
        "6": {
            "volt_mag": 450.82864307872575,
            "gic_blocker": 0.999999999994229
        },
        "11": {
            "volt_mag": -618.1708120373687,
            "gic_blocker": 0.0
        },
        "9": {
            "volt_mag": 0.0,
            "gic_blocker": 0.0
        },
        "14": {
            "volt_mag": 450.8286430793762,
            "gic_blocker": 0.0
        },
        "3": {
            "volt_mag": -1.1169304109023927e-5,
            "gic_blocker": 0.0
        },
        "7": {
            "volt_mag": 0.0,
            "gic_blocker": 0.0
        },
        "25": {
            "volt_mag": 0.0,
            "gic_blocker": 0.0
        },
        "4": {
            "volt_mag": -618.1720596459147,
            "gic_blocker": 1.0000000095590482
        },
        "13": {
            "volt_mag": -484.43161078422764,
            "gic_blocker": 0.0
        },
        "15": {
            "volt_mag": 0.0,
            "gic_blocker": 0.0
        },
        "2": {
            "volt_mag": -413.19344370527415,
            "gic_blocker": 1.0000000007944605
        },
        "10": {
            "volt_mag": -1017.352827747475,
            "gic_blocker": 0.0
        },
        "18": {
            "volt_mag": 1266.8236563669745,
            "gic_blocker": 0.0
        },
        "21": {
            "volt_mag": 0.013176131127437249,
            "gic_blocker": 0.0
        },
        "26": {
            "volt_mag": -484.4306318307137,
            "gic_blocker": 0.0
        },
        "27": {
            "volt_mag": -484.35556211556457,
            "gic_blocker": 0.0
        }
    },
    "bus": {
        "5": {
            "qd": 3.3249999999999997,
            "pd": 10.2
        },
        "16": {
            "qd": 1.6,
            "pd": 4.0
        },
        "20": {
            "qd": 0.0,
            "pd": 0.0
        },
        "12": {
            "qd": 0.0,
            "pd": 0.0
        },
        "8": {
            "qd": 0.0,
            "pd": 0.0
        },
        "17": {
            "qd": 0.0,
            "pd": 0.0
        },
        "1": {
            "qd": 0.0,
            "pd": 0.0
        },
        "19": {
            "qd": 0.0,
            "pd": 0.0
        },
        "6": {
            "qd": 1.275,
            "pd": 3.4499999999999997
        },
        "11": {
            "qd": 0.0,
            "pd": 0.0
        },
        "14": {
            "qd": 0.0,
            "pd": 0.0
        },
        "3": {
            "qd": 0.0,
            "pd": 0.0
        },
        "7": {
            "qd": 0.0,
            "pd": 0.0
        },
        "4": {
            "qd": 6.8999999999999995,
            "pd": 15.0
        },
        "13": {
            "qd": 0.0,
            "pd": 0.0
        },
        "15": {
            "qd": 5.25,
            "pd": 12.0
        },
        "2": {
            "qd": 0.0,
            "pd": 0.0
        },
        "21": {
            "qd": 0.0,
            "pd": 0.0
        },
        "18": {
            "qd": 0.0,
            "pd": 0.0
        }
    }
}
