{
    "gmd_bus": {
        "5": {
            "volt_mag": -119.9783605283898,
            "gic_blocker": 0.0
        },
        "16": {
            "volt_mag": 0.0,
            "gic_blocker": 0.0
        },
        "20": {
            "volt_mag": 0.0,
            "gic_blocker": 0.0
        },
        "12": {
            "volt_mag": -369.9238510065332,
            "gic_blocker": 0.0
        },
        "24": {
            "volt_mag": 0.0,
            "gic_blocker": 1.0
        },
        "8": {
            "volt_mag": 1011.758409315887,
            "gic_blocker": 1.0
        },
        "17": {
            "volt_mag": 467.6691243575215,
            "gic_blocker": 0.0
        },
        "1": {
            "volt_mag": 0.0,
            "gic_blocker": 0.0
        },
        "19": {
            "volt_mag": 0.0,
            "gic_blocker": 0.0
        },
        "22": {
            "volt_mag": 52.575344368831246,
            "gic_blocker": 0.0
        },
        "23": {
            "volt_mag": -215.4588248824448,
            "gic_blocker": 0.0
        },
        "6": {
            "volt_mag": 156.61071681705073,
            "gic_blocker": 0.0
        },
        "11": {
            "volt_mag": -367.5536332701706,
            "gic_blocker": 0.0
        },
        "9": {
            "volt_mag": 0.0,
            "gic_blocker": 0.0
        },
        "14": {
            "volt_mag": 195.76339602131338,
            "gic_blocker": 0.0
        },
        "3": {
            "volt_mag": 52.575344372536094,
            "gic_blocker": 1.0000000021140214
        },
        "7": {
            "volt_mag": 0.0,
            "gic_blocker": 0.0
        },
        "25": {
            "volt_mag": 0.0,
            "gic_blocker": 0.0
        },
        "4": {
            "volt_mag": -366.32356233088217,
            "gic_blocker": 0.0
        },
        "13": {
            "volt_mag": -125.978914558572,
            "gic_blocker": 0.0
        },
        "15": {
            "volt_mag": 0.0,
            "gic_blocker": 0.0
        },
        "2": {
            "volt_mag": -215.4588248824448,
            "gic_blocker": 1.0
        },
        "10": {
            "volt_mag": -793.1321890676859,
            "gic_blocker": 0.0
        },
        "18": {
            "volt_mag": 1011.758409315887,
            "gic_blocker": 0.0
        },
        "21": {
            "volt_mag": 49.36540829107767,
            "gic_blocker": 0.0
        },
        "26": {
            "volt_mag": -122.97536531093469,
            "gic_blocker": 0.0
        },
        "27": {
            "volt_mag": -739.4208091709482,
            "gic_blocker": 0.0
        }
    },
    "bus": {
        "5": {
            "qd": 3.5,
            "pd": 14.399999999999999
        },
        "16": {
            "qd": 2.3,
            "pd": 5.75
        },
        "20": {
            "qd": 0.0,
            "pd": 0.0
        },
        "12": {
            "qd": 0.0,
            "pd": 0.0
        },
        "8": {
            "qd": 0.0,
            "pd": 0.0
        },
        "17": {
            "qd": 0.0,
            "pd": 0.0
        },
        "1": {
            "qd": 0.0,
            "pd": 0.0
        },
        "19": {
            "qd": 0.0,
            "pd": 0.0
        },
        "6": {
            "qd": 1.7249999999999999,
            "pd": 2.7
        },
        "11": {
            "qd": 0.0,
            "pd": 0.0
        },
        "14": {
            "qd": 0.0,
            "pd": 0.0
        },
        "3": {
            "qd": 0.0,
            "pd": 0.0
        },
        "7": {
            "qd": 0.0,
            "pd": 0.0
        },
        "4": {
            "qd": 6.8999999999999995,
            "pd": 16.5
        },
        "13": {
            "qd": 0.0,
            "pd": 0.0
        },
        "15": {
            "qd": 5.25,
            "pd": 12.600000000000001
        },
        "2": {
            "qd": 0.0,
            "pd": 0.0
        },
        "21": {
            "qd": 0.0,
            "pd": 0.0
        },
        "18": {
            "qd": 0.0,
            "pd": 0.0
        }
    }
}
