{
    "gmd_bus": {
        "5": {
            "volt_mag": -484.43121947434423,
            "gic_blocker": 1.0000000099659603
        },
        "16": {
            "volt_mag": 0.0,
            "gic_blocker": 0.0
        },
        "20": {
            "volt_mag": 0.0,
            "gic_blocker": 0.0
        },
        "12": {
            "volt_mag": -618.1807927869705,
            "gic_blocker": 0.0
        },
        "24": {
            "volt_mag": 0.0,
            "gic_blocker": 0.0
        },
        "8": {
            "volt_mag": 1266.8236563117491,
            "gic_blocker": 0.9999999999996514
        },
        "17": {
            "volt_mag": 722.7343713568799,
            "gic_blocker": 0.0
        },
        "1": {
            "volt_mag": 0.0,
            "gic_blocker": 0.0
        },
        "19": {
            "volt_mag": 0.0,
            "gic_blocker": 0.0
        },
        "22": {
            "volt_mag": -1.1582008161015533e-5,
            "gic_blocker": 0.0
        },
        "23": {
            "volt_mag": -413.1934438427431,
            "gic_blocker": 0.0
        },
        "6": {
            "volt_mag": 450.8286430222346,
            "gic_blocker": 0.9999999999949255
        },
        "11": {
            "volt_mag": -618.1708121158623,
            "gic_blocker": 0.0
        },
        "9": {
            "volt_mag": 0.0,
            "gic_blocker": 0.0
        },
        "14": {
            "volt_mag": 450.82864302280655,
            "gic_blocker": 0.0
        },
        "3": {
            "volt_mag": -1.1208395003570189e-5,
            "gic_blocker": 0.0
        },
        "7": {
            "volt_mag": 0.0,
            "gic_blocker": 0.0
        },
        "25": {
            "volt_mag": 0.0,
            "gic_blocker": 0.0
        },
        "4": {
            "volt_mag": -618.172059724477,
            "gic_blocker": 1.0000000096105894
        },
        "13": {
            "volt_mag": -484.43161086253434,
            "gic_blocker": 0.0
        },
        "15": {
            "volt_mag": 0.0,
            "gic_blocker": 0.0
        },
        "2": {
            "volt_mag": -413.19344387266744,
            "gic_blocker": 1.0000000008690615
        },
        "10": {
            "volt_mag": -1017.3528278690611,
            "gic_blocker": 0.0
        },
        "18": {
            "volt_mag": 1266.8236563118226,
            "gic_blocker": 0.0
        },
        "21": {
            "volt_mag": 0.013176089861878577,
            "gic_blocker": 0.0
        },
        "26": {
            "volt_mag": -484.4306319092622,
            "gic_blocker": 0.0
        },
        "27": {
            "volt_mag": -484.3555621715898,
            "gic_blocker": 0.0
        }
    },
    "bus": {
        "5": {
            "qd": 3.5,
            "pd": 11.399999999999999
        },
        "16": {
            "qd": 1.7,
            "pd": 4.75
        },
        "20": {
            "qd": 0.0,
            "pd": 0.0
        },
        "12": {
            "qd": 0.0,
            "pd": 0.0
        },
        "8": {
            "qd": 0.0,
            "pd": 0.0
        },
        "17": {
            "qd": 0.0,
            "pd": 0.0
        },
        "1": {
            "qd": 0.0,
            "pd": 0.0
        },
        "19": {
            "qd": 0.0,
            "pd": 0.0
        },
        "6": {
            "qd": 1.7999999999999998,
            "pd": 3.0
        },
        "11": {
            "qd": 0.0,
            "pd": 0.0
        },
        "14": {
            "qd": 0.0,
            "pd": 0.0
        },
        "3": {
            "qd": 0.0,
            "pd": 0.0
        },
        "7": {
            "qd": 0.0,
            "pd": 0.0
        },
        "4": {
            "qd": 4.800000000000001,
            "pd": 12.0
        },
        "13": {
            "qd": 0.0,
            "pd": 0.0
        },
        "15": {
            "qd": 4.0,
            "pd": 10.8
        },
        "2": {
            "qd": 0.0,
            "pd": 0.0
        },
        "21": {
            "qd": 0.0,
            "pd": 0.0
        },
        "18": {
            "qd": 0.0,
            "pd": 0.0
        }
    }
}
