{
    "gmd_bus": {
        "5": {
            "volt_mag": -484.4312194478976,
            "gic_blocker": 1.0000000099639135
        },
        "16": {
            "volt_mag": 0.0,
            "gic_blocker": 0.0
        },
        "20": {
            "volt_mag": 0.0,
            "gic_blocker": 0.0
        },
        "12": {
            "volt_mag": -618.1807927610912,
            "gic_blocker": 0.0
        },
        "24": {
            "volt_mag": 0.0,
            "gic_blocker": 0.0
        },
        "8": {
            "volt_mag": 1266.8236563292396,
            "gic_blocker": 0.999999999999608
        },
        "17": {
            "volt_mag": 722.734371374805,
            "gic_blocker": 0.0
        },
        "1": {
            "volt_mag": 0.0,
            "gic_blocker": 0.0
        },
        "19": {
            "volt_mag": 0.0,
            "gic_blocker": 0.0
        },
        "22": {
            "volt_mag": -1.1569087116803231e-5,
            "gic_blocker": 0.0
        },
        "23": {
            "volt_mag": -413.19344379396455,
            "gic_blocker": 0.0
        },
        "6": {
            "volt_mag": 450.82864304036417,
            "gic_blocker": 0.999999999994384
        },
        "11": {
            "volt_mag": -618.1708120898147,
            "gic_blocker": 0.0
        },
        "9": {
            "volt_mag": 0.0,
            "gic_blocker": 0.0
        },
        "14": {
            "volt_mag": 450.82864304099706,
            "gic_blocker": 0.0
        },
        "3": {
            "volt_mag": -1.119589076722562e-5,
            "gic_blocker": 0.0
        },
        "7": {
            "volt_mag": 0.0,
            "gic_blocker": 0.0
        },
        "25": {
            "volt_mag": 0.0,
            "gic_blocker": 0.0
        },
        "4": {
            "volt_mag": -618.1720596983955,
            "gic_blocker": 1.0000000095892518
        },
        "13": {
            "volt_mag": -484.43161083615126,
            "gic_blocker": 0.0
        },
        "15": {
            "volt_mag": 0.0,
            "gic_blocker": 0.0
        },
        "2": {
            "volt_mag": -413.1934438231821,
            "gic_blocker": 1.0000000008485355
        },
        "10": {
            "volt_mag": -1017.3528278316672,
            "gic_blocker": 0.0
        },
        "18": {
            "volt_mag": 1266.8236563293224,
            "gic_blocker": 0.0
        },
        "21": {
            "volt_mag": 0.013176103077337568,
            "gic_blocker": 0.0
        },
        "26": {
            "volt_mag": -484.4306318828193,
            "gic_blocker": 0.0
        },
        "27": {
            "volt_mag": -484.35556215366466,
            "gic_blocker": 0.0
        }
    },
    "bus": {
        "5": {
            "qd": 4.0249999999999995,
            "pd": 11.399999999999999
        },
        "16": {
            "qd": 1.7,
            "pd": 4.25
        },
        "20": {
            "qd": 0.0,
            "pd": 0.0
        },
        "12": {
            "qd": 0.0,
            "pd": 0.0
        },
        "8": {
            "qd": 0.0,
            "pd": 0.0
        },
        "17": {
            "qd": 0.0,
            "pd": 0.0
        },
        "1": {
            "qd": 0.0,
            "pd": 0.0
        },
        "19": {
            "qd": 0.0,
            "pd": 0.0
        },
        "6": {
            "qd": 1.7249999999999999,
            "pd": 3.4499999999999997
        },
        "11": {
            "qd": 0.0,
            "pd": 0.0
        },
        "14": {
            "qd": 0.0,
            "pd": 0.0
        },
        "3": {
            "qd": 0.0,
            "pd": 0.0
        },
        "7": {
            "qd": 0.0,
            "pd": 0.0
        },
        "4": {
            "qd": 5.1,
            "pd": 12.75
        },
        "13": {
            "qd": 0.0,
            "pd": 0.0
        },
        "15": {
            "qd": 4.75,
            "pd": 11.399999999999999
        },
        "2": {
            "qd": 0.0,
            "pd": 0.0
        },
        "21": {
            "qd": 0.0,
            "pd": 0.0
        },
        "18": {
            "qd": 0.0,
            "pd": 0.0
        }
    }
}
