{
    "gmd_bus": {
        "5": {
            "volt_mag": -484.43121944425104,
            "gic_blocker": 1.0000000099653812
        },
        "16": {
            "volt_mag": 0.0,
            "gic_blocker": 0.0
        },
        "20": {
            "volt_mag": 0.0,
            "gic_blocker": 0.0
        },
        "12": {
            "volt_mag": -618.1807927568129,
            "gic_blocker": 0.0
        },
        "24": {
            "volt_mag": 0.0,
            "gic_blocker": 0.0
        },
        "8": {
            "volt_mag": 1266.8236563350642,
            "gic_blocker": 0.9999999999996948
        },
        "17": {
            "volt_mag": 722.73437137976,
            "gic_blocker": 0.0
        },
        "1": {
            "volt_mag": 0.0,
            "gic_blocker": 0.0
        },
        "19": {
            "volt_mag": 0.0,
            "gic_blocker": 0.0
        },
        "22": {
            "volt_mag": -1.1566180244496368e-5,
            "gic_blocker": 0.0
        },
        "23": {
            "volt_mag": -413.1934437778905,
            "gic_blocker": 0.0
        },
        "6": {
            "volt_mag": 450.828643044857,
            "gic_blocker": 0.9999999999949987
        },
        "11": {
            "volt_mag": -618.1708120855074,
            "gic_blocker": 0.0
        },
        "9": {
            "volt_mag": 0.0,
            "gic_blocker": 0.0
        },
        "14": {
            "volt_mag": 450.82864304542073,
            "gic_blocker": 0.0
        },
        "3": {
            "volt_mag": -1.1193077664990903e-5,
            "gic_blocker": 0.0
        },
        "7": {
            "volt_mag": 0.0,
            "gic_blocker": 0.0
        },
        "25": {
            "volt_mag": 0.0,
            "gic_blocker": 0.0
        },
        "4": {
            "volt_mag": -618.172059694098,
            "gic_blocker": 1.0000000095917285
        },
        "13": {
            "volt_mag": -484.4316108324892,
            "gic_blocker": 0.0
        },
        "15": {
            "volt_mag": 0.0,
            "gic_blocker": 0.0
        },
        "2": {
            "volt_mag": -413.1934438067941,
            "gic_blocker": 1.000000000839418
        },
        "10": {
            "volt_mag": -1017.3528278214865,
            "gic_blocker": 0.0
        },
        "18": {
            "volt_mag": 1266.8236563351286,
            "gic_blocker": 0.0
        },
        "21": {
            "volt_mag": 0.013176106034364124,
            "gic_blocker": 0.0
        },
        "26": {
            "volt_mag": -484.430631879125,
            "gic_blocker": 0.0
        },
        "27": {
            "volt_mag": -484.3555621487097,
            "gic_blocker": 0.0
        }
    },
    "bus": {
        "5": {
            "qd": 3.15,
            "pd": 11.399999999999999
        },
        "16": {
            "qd": 1.7,
            "pd": 5.25
        },
        "20": {
            "qd": 0.0,
            "pd": 0.0
        },
        "12": {
            "qd": 0.0,
            "pd": 0.0
        },
        "8": {
            "qd": 0.0,
            "pd": 0.0
        },
        "17": {
            "qd": 0.0,
            "pd": 0.0
        },
        "1": {
            "qd": 0.0,
            "pd": 0.0
        },
        "19": {
            "qd": 0.0,
            "pd": 0.0
        },
        "6": {
            "qd": 1.4249999999999998,
            "pd": 3.1500000000000004
        },
        "11": {
            "qd": 0.0,
            "pd": 0.0
        },
        "14": {
            "qd": 0.0,
            "pd": 0.0
        },
        "3": {
            "qd": 0.0,
            "pd": 0.0
        },
        "7": {
            "qd": 0.0,
            "pd": 0.0
        },
        "4": {
            "qd": 6.300000000000001,
            "pd": 12.0
        },
        "13": {
            "qd": 0.0,
            "pd": 0.0
        },
        "15": {
            "qd": 4.25,
            "pd": 9.600000000000001
        },
        "2": {
            "qd": 0.0,
            "pd": 0.0
        },
        "21": {
            "qd": 0.0,
            "pd": 0.0
        },
        "18": {
            "qd": 0.0,
            "pd": 0.0
        }
    }
}
