{
    "gmd_bus": {
        "5": {
            "volt_mag": -512.6153153285018,
            "gic_blocker": 1.0
        },
        "16": {
            "volt_mag": 0.0,
            "gic_blocker": 0.0
        },
        "20": {
            "volt_mag": 0.0,
            "gic_blocker": 0.0
        },
        "12": {
            "volt_mag": -561.8467289827992,
            "gic_blocker": 0.0
        },
        "24": {
            "volt_mag": 0.0,
            "gic_blocker": 0.0
        },
        "8": {
            "volt_mag": 65.02695566651097,
            "gic_blocker": 0.0
        },
        "17": {
            "volt_mag": 35.73440295964572,
            "gic_blocker": 0.0
        },
        "1": {
            "volt_mag": 0.0,
            "gic_blocker": 0.0
        },
        "19": {
            "volt_mag": 0.0,
            "gic_blocker": 0.0
        },
        "22": {
            "volt_mag": -49.3115647578818,
            "gic_blocker": 0.0
        },
        "23": {
            "volt_mag": -104.2702951657954,
            "gic_blocker": 0.0
        },
        "6": {
            "volt_mag": 62.500501435853906,
            "gic_blocker": 0.0
        },
        "11": {
            "volt_mag": -557.1498615368033,
            "gic_blocker": 0.0
        },
        "9": {
            "volt_mag": 0.0,
            "gic_blocker": 0.0
        },
        "14": {
            "volt_mag": 78.12562679481738,
            "gic_blocker": 0.0
        },
        "3": {
            "volt_mag": -47.72086915901534,
            "gic_blocker": 0.0
        },
        "7": {
            "volt_mag": 0.0,
            "gic_blocker": 0.0
        },
        "25": {
            "volt_mag": 0.0,
            "gic_blocker": 0.0
        },
        "4": {
            "volt_mag": -555.4227087085568,
            "gic_blocker": 0.0
        },
        "13": {
            "volt_mag": -513.4728415238685,
            "gic_blocker": 0.0
        },
        "15": {
            "volt_mag": 0.0,
            "gic_blocker": 0.0
        },
        "2": {
            "volt_mag": -96.24950330400306,
            "gic_blocker": 0.0
        },
        "10": {
            "volt_mag": -832.5905093731202,
            "gic_blocker": 0.0
        },
        "18": {
            "volt_mag": 75.86478150255121,
            "gic_blocker": 0.0
        },
        "21": {
            "volt_mag": -54.15394762427849,
            "gic_blocker": 0.0
        },
        "26": {
            "volt_mag": -511.3290260032944,
            "gic_blocker": 0.0
        },
        "27": {
            "volt_mag": -1171.355530568824,
            "gic_blocker": 0.0
        }
    },
    "bus": {
        "5": {
            "qd": 2.975,
            "pd": 12.0
        },
        "16": {
            "qd": 2.0,
            "pd": 4.5
        },
        "20": {
            "qd": 0.0,
            "pd": 0.0
        },
        "12": {
            "qd": 0.0,
            "pd": 0.0
        },
        "8": {
            "qd": 0.0,
            "pd": 0.0
        },
        "17": {
            "qd": 0.0,
            "pd": 0.0
        },
        "1": {
            "qd": 0.0,
            "pd": 0.0
        },
        "19": {
            "qd": 0.0,
            "pd": 0.0
        },
        "6": {
            "qd": 1.7999999999999998,
            "pd": 3.1500000000000004
        },
        "11": {
            "qd": 0.0,
            "pd": 0.0
        },
        "14": {
            "qd": 0.0,
            "pd": 0.0
        },
        "3": {
            "qd": 0.0,
            "pd": 0.0
        },
        "7": {
            "qd": 0.0,
            "pd": 0.0
        },
        "4": {
            "qd": 5.1,
            "pd": 12.75
        },
        "13": {
            "qd": 0.0,
            "pd": 0.0
        },
        "15": {
            "qd": 5.25,
            "pd": 14.399999999999999
        },
        "2": {
            "qd": 0.0,
            "pd": 0.0
        },
        "21": {
            "qd": 0.0,
            "pd": 0.0
        },
        "18": {
            "qd": 0.0,
            "pd": 0.0
        }
    }
}
