{
    "gmd_bus": {
        "5": {
            "volt_mag": -119.97836053038345,
            "gic_blocker": 0.0
        },
        "16": {
            "volt_mag": 0.0,
            "gic_blocker": 0.0
        },
        "20": {
            "volt_mag": 0.0,
            "gic_blocker": 0.0
        },
        "12": {
            "volt_mag": -369.92385101162427,
            "gic_blocker": 0.0
        },
        "24": {
            "volt_mag": 0.0,
            "gic_blocker": 0.0
        },
        "8": {
            "volt_mag": 1011.75840931304,
            "gic_blocker": 1.0
        },
        "17": {
            "volt_mag": 467.6691243546745,
            "gic_blocker": 0.0
        },
        "1": {
            "volt_mag": 0.0,
            "gic_blocker": 0.0
        },
        "19": {
            "volt_mag": 0.0,
            "gic_blocker": 0.0
        },
        "22": {
            "volt_mag": 52.57534435484095,
            "gic_blocker": 0.0
        },
        "23": {
            "volt_mag": -215.45882489047992,
            "gic_blocker": 0.0
        },
        "6": {
            "volt_mag": 156.61071681477318,
            "gic_blocker": 0.0
        },
        "11": {
            "volt_mag": -367.5536332752367,
            "gic_blocker": 0.0
        },
        "9": {
            "volt_mag": 0.0,
            "gic_blocker": 0.0
        },
        "14": {
            "volt_mag": 195.7633960184665,
            "gic_blocker": 0.0
        },
        "3": {
            "volt_mag": 52.5753443582274,
            "gic_blocker": 1.0000000019323387
        },
        "7": {
            "volt_mag": 0.0,
            "gic_blocker": 0.0
        },
        "25": {
            "volt_mag": 0.0,
            "gic_blocker": 0.0
        },
        "4": {
            "volt_mag": -366.3235623359303,
            "gic_blocker": 0.0
        },
        "13": {
            "volt_mag": -125.97891456062275,
            "gic_blocker": 0.0
        },
        "15": {
            "volt_mag": 0.0,
            "gic_blocker": 0.0
        },
        "2": {
            "volt_mag": -215.45882489047992,
            "gic_blocker": 1.0
        },
        "10": {
            "volt_mag": -793.132189074234,
            "gic_blocker": 0.0
        },
        "18": {
            "volt_mag": 1011.75840931304,
            "gic_blocker": 0.0
        },
        "21": {
            "volt_mag": 49.3654082774386,
            "gic_blocker": 0.0
        },
        "26": {
            "volt_mag": -122.97536531304209,
            "gic_blocker": 0.0
        },
        "27": {
            "volt_mag": -739.4208091737952,
            "gic_blocker": 0.0
        }
    },
    "bus": {
        "5": {
            "qd": 3.6750000000000003,
            "pd": 12.0
        },
        "16": {
            "qd": 2.2,
            "pd": 4.75
        },
        "20": {
            "qd": 0.0,
            "pd": 0.0
        },
        "12": {
            "qd": 0.0,
            "pd": 0.0
        },
        "8": {
            "qd": 0.0,
            "pd": 0.0
        },
        "17": {
            "qd": 0.0,
            "pd": 0.0
        },
        "1": {
            "qd": 0.0,
            "pd": 0.0
        },
        "19": {
            "qd": 0.0,
            "pd": 0.0
        },
        "6": {
            "qd": 1.5,
            "pd": 3.0
        },
        "11": {
            "qd": 0.0,
            "pd": 0.0
        },
        "14": {
            "qd": 0.0,
            "pd": 0.0
        },
        "3": {
            "qd": 0.0,
            "pd": 0.0
        },
        "7": {
            "qd": 0.0,
            "pd": 0.0
        },
        "4": {
            "qd": 7.199999999999999,
            "pd": 18.0
        },
        "13": {
            "qd": 0.0,
            "pd": 0.0
        },
        "15": {
            "qd": 5.0,
            "pd": 13.799999999999999
        },
        "2": {
            "qd": 0.0,
            "pd": 0.0
        },
        "21": {
            "qd": 0.0,
            "pd": 0.0
        },
        "18": {
            "qd": 0.0,
            "pd": 0.0
        }
    }
}
