{
    "gmd_bus": {
        "5": {
            "volt_mag": -108.16883302623242,
            "gic_blocker": -7.100394609574276e-9
        },
        "16": {
            "volt_mag": 0.0,
            "gic_blocker": 0.0
        },
        "20": {
            "volt_mag": 0.0,
            "gic_blocker": 0.0
        },
        "12": {
            "volt_mag": -343.5793104775332,
            "gic_blocker": 0.0
        },
        "24": {
            "volt_mag": 0.0,
            "gic_blocker": 0.0
        },
        "8": {
            "volt_mag": 1020.4308102467065,
            "gic_blocker": 1.0
        },
        "17": {
            "volt_mag": 476.3415252883411,
            "gic_blocker": 0.0
        },
        "1": {
            "volt_mag": 0.0,
            "gic_blocker": 0.0
        },
        "19": {
            "volt_mag": 0.0,
            "gic_blocker": 0.0
        },
        "22": {
            "volt_mag": 88.57357920729395,
            "gic_blocker": 0.0
        },
        "23": {
            "volt_mag": -46.35995857111814,
            "gic_blocker": 0.0
        },
        "6": {
            "volt_mag": 163.54863728029596,
            "gic_blocker": -8.60326301790885e-9
        },
        "11": {
            "volt_mag": -340.91149441816685,
            "gic_blocker": 0.0
        },
        "9": {
            "volt_mag": 0.0,
            "gic_blocker": 0.0
        },
        "14": {
            "volt_mag": 204.43579695213293,
            "gic_blocker": 0.0
        },
        "3": {
            "volt_mag": 88.57357920729395,
            "gic_blocker": 1.0
        },
        "7": {
            "volt_mag": 0.0,
            "gic_blocker": 0.0
        },
        "25": {
            "volt_mag": 0.0,
            "gic_blocker": 0.0
        },
        "4": {
            "volt_mag": -339.8290171955417,
            "gic_blocker": -6.361168934730127e-9
        },
        "13": {
            "volt_mag": -113.94832148465436,
            "gic_blocker": 0.0
        },
        "15": {
            "volt_mag": 0.0,
            "gic_blocker": 0.0
        },
        "2": {
            "volt_mag": -42.79380811388816,
            "gic_blocker": 5.139038673172346e-8
        },
        "10": {
            "volt_mag": -695.3822082520605,
            "gic_blocker": 0.0
        },
        "18": {
            "volt_mag": 1020.4308102467065,
            "gic_blocker": 0.0
        },
        "21": {
            "volt_mag": 84.6808522812613,
            "gic_blocker": 0.0
        },
        "26": {
            "volt_mag": -110.31648350129608,
            "gic_blocker": 0.0
        },
        "27": {
            "volt_mag": -730.7484082401288,
            "gic_blocker": 0.0
        }
    },
    "bus": {
        "5": {
            "qd": 4.2,
            "pd": 13.799999999999999
        },
        "16": {
            "qd": 2.0,
            "pd": 6.0
        },
        "20": {
            "qd": 0.0,
            "pd": 0.0
        },
        "12": {
            "qd": 0.0,
            "pd": 0.0
        },
        "8": {
            "qd": 0.0,
            "pd": 0.0
        },
        "17": {
            "qd": 0.0,
            "pd": 0.0
        },
        "1": {
            "qd": 0.0,
            "pd": 0.0
        },
        "19": {
            "qd": 0.0,
            "pd": 0.0
        },
        "6": {
            "qd": 1.6500000000000001,
            "pd": 3.4499999999999997
        },
        "11": {
            "qd": 0.0,
            "pd": 0.0
        },
        "14": {
            "qd": 0.0,
            "pd": 0.0
        },
        "3": {
            "qd": 0.0,
            "pd": 0.0
        },
        "7": {
            "qd": 0.0,
            "pd": 0.0
        },
        "4": {
            "qd": 5.1,
            "pd": 15.0
        },
        "13": {
            "qd": 0.0,
            "pd": 0.0
        },
        "15": {
            "qd": 5.25,
            "pd": 9.600000000000001
        },
        "2": {
            "qd": 0.0,
            "pd": 0.0
        },
        "21": {
            "qd": 0.0,
            "pd": 0.0
        },
        "18": {
            "qd": 0.0,
            "pd": 0.0
        }
    }
}
