{
    "gmd_bus": {
        "5": {
            "volt_mag": -484.431219447496,
            "gic_blocker": 1.0000000099639994
        },
        "16": {
            "volt_mag": 0.0,
            "gic_blocker": 0.0
        },
        "20": {
            "volt_mag": 0.0,
            "gic_blocker": 0.0
        },
        "12": {
            "volt_mag": -618.1807927607389,
            "gic_blocker": 0.0
        },
        "24": {
            "volt_mag": 0.0,
            "gic_blocker": 0.0
        },
        "8": {
            "volt_mag": 1266.8236563679654,
            "gic_blocker": 1.000000000001271
        },
        "17": {
            "volt_mag": 722.7343713968522,
            "gic_blocker": 0.0
        },
        "1": {
            "volt_mag": 0.0,
            "gic_blocker": 0.0
        },
        "19": {
            "volt_mag": 0.0,
            "gic_blocker": 0.0
        },
        "22": {
            "volt_mag": -1.1568274368476115e-5,
            "gic_blocker": 0.0
        },
        "23": {
            "volt_mag": -413.19344381942915,
            "gic_blocker": 0.0
        },
        "6": {
            "volt_mag": 450.8286430527292,
            "gic_blocker": 0.9999999999988286
        },
        "11": {
            "volt_mag": -618.1708120895339,
            "gic_blocker": 0.0
        },
        "9": {
            "volt_mag": 0.0,
            "gic_blocker": 0.0
        },
        "14": {
            "volt_mag": 450.82864305286125,
            "gic_blocker": 0.0
        },
        "3": {
            "volt_mag": -1.1195104236585841e-5,
            "gic_blocker": 0.0
        },
        "7": {
            "volt_mag": 0.0,
            "gic_blocker": 0.0
        },
        "25": {
            "volt_mag": 0.0,
            "gic_blocker": 0.0
        },
        "4": {
            "volt_mag": -618.1720596980963,
            "gic_blocker": 1.0000000095856045
        },
        "13": {
            "volt_mag": -484.43161083567526,
            "gic_blocker": 0.0
        },
        "15": {
            "volt_mag": 0.0,
            "gic_blocker": 0.0
        },
        "2": {
            "volt_mag": -413.1934438492969,
            "gic_blocker": 1.0000000008674186
        },
        "10": {
            "volt_mag": -1017.3528278442373,
            "gic_blocker": 0.0
        },
        "18": {
            "volt_mag": 1266.8236563676971,
            "gic_blocker": 0.0
        },
        "21": {
            "volt_mag": 0.013176104102214741,
            "gic_blocker": 0.0
        },
        "26": {
            "volt_mag": -484.4306318825251,
            "gic_blocker": 0.0
        },
        "27": {
            "volt_mag": -484.35556213161755,
            "gic_blocker": 0.0
        }
    },
    "bus": {
        "5": {
            "qd": 4.0249999999999995,
            "pd": 9.600000000000001
        },
        "16": {
            "qd": 2.2,
            "pd": 5.5
        },
        "20": {
            "qd": 0.0,
            "pd": 0.0
        },
        "12": {
            "qd": 0.0,
            "pd": 0.0
        },
        "8": {
            "qd": 0.0,
            "pd": 0.0
        },
        "17": {
            "qd": 0.0,
            "pd": 0.0
        },
        "1": {
            "qd": 0.0,
            "pd": 0.0
        },
        "19": {
            "qd": 0.0,
            "pd": 0.0
        },
        "6": {
            "qd": 1.275,
            "pd": 2.55
        },
        "11": {
            "qd": 0.0,
            "pd": 0.0
        },
        "14": {
            "qd": 0.0,
            "pd": 0.0
        },
        "3": {
            "qd": 0.0,
            "pd": 0.0
        },
        "7": {
            "qd": 0.0,
            "pd": 0.0
        },
        "4": {
            "qd": 5.1,
            "pd": 12.75
        },
        "13": {
            "qd": 0.0,
            "pd": 0.0
        },
        "15": {
            "qd": 6.0,
            "pd": 13.200000000000001
        },
        "2": {
            "qd": 0.0,
            "pd": 0.0
        },
        "21": {
            "qd": 0.0,
            "pd": 0.0
        },
        "18": {
            "qd": 0.0,
            "pd": 0.0
        }
    }
}
