{
    "gmd_bus": {
        "5": {
            "volt_mag": -108.16883330334899,
            "gic_blocker": 0.0
        },
        "16": {
            "volt_mag": 0.0,
            "gic_blocker": 0.0
        },
        "20": {
            "volt_mag": 0.0,
            "gic_blocker": 0.0
        },
        "12": {
            "volt_mag": -343.57931013071436,
            "gic_blocker": 0.0
        },
        "24": {
            "volt_mag": 0.0,
            "gic_blocker": 0.0
        },
        "8": {
            "volt_mag": 1020.430811407222,
            "gic_blocker": 1.0
        },
        "17": {
            "volt_mag": 476.34152644885654,
            "gic_blocker": 0.0
        },
        "1": {
            "volt_mag": 0.0,
            "gic_blocker": 0.0
        },
        "19": {
            "volt_mag": 0.0,
            "gic_blocker": 0.0
        },
        "22": {
            "volt_mag": 88.57358036986878,
            "gic_blocker": 0.0
        },
        "23": {
            "volt_mag": -46.359956783728435,
            "gic_blocker": 0.0
        },
        "6": {
            "volt_mag": 163.54863849011875,
            "gic_blocker": 0.0
        },
        "11": {
            "volt_mag": -340.91149407212964,
            "gic_blocker": 0.0
        },
        "9": {
            "volt_mag": 0.0,
            "gic_blocker": 0.0
        },
        "14": {
            "volt_mag": 204.43579811264843,
            "gic_blocker": 0.0
        },
        "3": {
            "volt_mag": 88.57358038221312,
            "gic_blocker": 1.0000000041810477
        },
        "7": {
            "volt_mag": 0.0,
            "gic_blocker": 0.0
        },
        "25": {
            "volt_mag": 0.0,
            "gic_blocker": 0.0
        },
        "4": {
            "volt_mag": -339.82901685280393,
            "gic_blocker": -4.970542269306652e-9
        },
        "13": {
            "volt_mag": -113.94832174195645,
            "gic_blocker": 0.0
        },
        "15": {
            "volt_mag": 0.0,
            "gic_blocker": 0.0
        },
        "2": {
            "volt_mag": -42.793806294821486,
            "gic_blocker": 0.0
        },
        "10": {
            "volt_mag": -695.3822071865667,
            "gic_blocker": 0.0
        },
        "18": {
            "volt_mag": 1020.430811407222,
            "gic_blocker": 0.0
        },
        "21": {
            "volt_mag": 84.68085343183128,
            "gic_blocker": 0.0
        },
        "26": {
            "volt_mag": -110.31648375904186,
            "gic_blocker": 0.0
        },
        "27": {
            "volt_mag": -730.7484070796132,
            "gic_blocker": 0.0
        }
    },
    "bus": {
        "5": {
            "qd": 4.0249999999999995,
            "pd": 14.399999999999999
        },
        "16": {
            "qd": 1.6,
            "pd": 6.0
        },
        "20": {
            "qd": 0.0,
            "pd": 0.0
        },
        "12": {
            "qd": 0.0,
            "pd": 0.0
        },
        "8": {
            "qd": 0.0,
            "pd": 0.0
        },
        "17": {
            "qd": 0.0,
            "pd": 0.0
        },
        "1": {
            "qd": 0.0,
            "pd": 0.0
        },
        "19": {
            "qd": 0.0,
            "pd": 0.0
        },
        "6": {
            "qd": 1.7249999999999999,
            "pd": 2.8499999999999996
        },
        "11": {
            "qd": 0.0,
            "pd": 0.0
        },
        "14": {
            "qd": 0.0,
            "pd": 0.0
        },
        "3": {
            "qd": 0.0,
            "pd": 0.0
        },
        "7": {
            "qd": 0.0,
            "pd": 0.0
        },
        "4": {
            "qd": 6.0,
            "pd": 16.5
        },
        "13": {
            "qd": 0.0,
            "pd": 0.0
        },
        "15": {
            "qd": 5.5,
            "pd": 12.0
        },
        "2": {
            "qd": 0.0,
            "pd": 0.0
        },
        "21": {
            "qd": 0.0,
            "pd": 0.0
        },
        "18": {
            "qd": 0.0,
            "pd": 0.0
        }
    }
}
