{
    "gmd_bus": {
        "5": {
            "volt_mag": -71.23776609777215,
            "gic_blocker": 1.0000000097470112
        },
        "16": {
            "volt_mag": 0.0,
            "gic_blocker": 0.0
        },
        "20": {
            "volt_mag": 0.0,
            "gic_blocker": 0.0
        },
        "12": {
            "volt_mag": -204.98734553780136,
            "gic_blocker": 0.0
        },
        "24": {
            "volt_mag": 0.0,
            "gic_blocker": 0.0
        },
        "8": {
            "volt_mag": 1680.017099658357,
            "gic_blocker": 1.0000000000042693
        },
        "17": {
            "volt_mag": 1135.9278146432107,
            "gic_blocker": 0.0
        },
        "1": {
            "volt_mag": 0.0,
            "gic_blocker": 0.0
        },
        "19": {
            "volt_mag": 0.0,
            "gic_blocker": 0.0
        },
        "22": {
            "volt_mag": 413.1934251509796,
            "gic_blocker": 0.0
        },
        "23": {
            "volt_mag": 4.474393777561119e-7,
            "gic_blocker": 0.0
        },
        "6": {
            "volt_mag": 864.0220862742901,
            "gic_blocker": 1.0000000000090463
        },
        "11": {
            "volt_mag": -204.97736484788126,
            "gic_blocker": 0.0
        },
        "9": {
            "volt_mag": 0.0,
            "gic_blocker": 0.0
        },
        "14": {
            "volt_mag": 864.0220862723362,
            "gic_blocker": 0.0
        },
        "3": {
            "volt_mag": 413.1934252218736,
            "gic_blocker": 1.000000005147275
        },
        "7": {
            "volt_mag": 0.0,
            "gic_blocker": 0.0
        },
        "25": {
            "volt_mag": 0.0,
            "gic_blocker": 0.0
        },
        "4": {
            "volt_mag": -204.97861244149038,
            "gic_blocker": 1.0000000086610468
        },
        "13": {
            "volt_mag": -71.2381576543414,
            "gic_blocker": 0.0
        },
        "15": {
            "volt_mag": 0.0,
            "gic_blocker": 0.0
        },
        "2": {
            "volt_mag": 4.1302096440027323e-7,
            "gic_blocker": 0.0
        },
        "10": {
            "volt_mag": -604.15938208746,
            "gic_blocker": 0.0
        },
        "18": {
            "volt_mag": 1680.0170996571617,
            "gic_blocker": 0.0
        },
        "21": {
            "volt_mag": 413.20661310614724,
            "gic_blocker": 0.0
        },
        "26": {
            "volt_mag": -71.23717869346808,
            "gic_blocker": 0.0
        },
        "27": {
            "volt_mag": -71.16211888525888,
            "gic_blocker": 0.0
        }
    },
    "bus": {
        "5": {
            "qd": 2.975,
            "pd": 13.799999999999999
        },
        "16": {
            "qd": 1.6,
            "pd": 4.0
        },
        "20": {
            "qd": 0.0,
            "pd": 0.0
        },
        "12": {
            "qd": 0.0,
            "pd": 0.0
        },
        "8": {
            "qd": 0.0,
            "pd": 0.0
        },
        "17": {
            "qd": 0.0,
            "pd": 0.0
        },
        "1": {
            "qd": 0.0,
            "pd": 0.0
        },
        "19": {
            "qd": 0.0,
            "pd": 0.0
        },
        "6": {
            "qd": 1.5,
            "pd": 3.0
        },
        "11": {
            "qd": 0.0,
            "pd": 0.0
        },
        "14": {
            "qd": 0.0,
            "pd": 0.0
        },
        "3": {
            "qd": 0.0,
            "pd": 0.0
        },
        "7": {
            "qd": 0.0,
            "pd": 0.0
        },
        "4": {
            "qd": 6.300000000000001,
            "pd": 12.75
        },
        "13": {
            "qd": 0.0,
            "pd": 0.0
        },
        "15": {
            "qd": 5.75,
            "pd": 12.0
        },
        "2": {
            "qd": 0.0,
            "pd": 0.0
        },
        "21": {
            "qd": 0.0,
            "pd": 0.0
        },
        "18": {
            "qd": 0.0,
            "pd": 0.0
        }
    }
}
