{
    "gmd_bus": {
        "5": {
            "volt_mag": -114.27849303390205,
            "gic_blocker": -7.499640906914951e-9
        },
        "16": {
            "volt_mag": 0.0,
            "gic_blocker": 0.0
        },
        "20": {
            "volt_mag": 0.0,
            "gic_blocker": 0.0
        },
        "12": {
            "volt_mag": -359.7399987740003,
            "gic_blocker": 0.0
        },
        "24": {
            "volt_mag": 0.0,
            "gic_blocker": 0.0
        },
        "8": {
            "volt_mag": 1010.5049667172487,
            "gic_blocker": 1.0
        },
        "17": {
            "volt_mag": 466.4156817588832,
            "gic_blocker": 0.0
        },
        "1": {
            "volt_mag": 0.0,
            "gic_blocker": 0.0
        },
        "19": {
            "volt_mag": 0.0,
            "gic_blocker": 0.0
        },
        "22": {
            "volt_mag": 38.82452526498683,
            "gic_blocker": 0.0
        },
        "23": {
            "volt_mag": -53.160519470447355,
            "gic_blocker": 0.0
        },
        "6": {
            "volt_mag": 155.60796246942064,
            "gic_blocker": -8.634500209670983e-9
        },
        "11": {
            "volt_mag": -356.93035943343045,
            "gic_blocker": 0.0
        },
        "9": {
            "volt_mag": 0.0,
            "gic_blocker": 0.0
        },
        "14": {
            "volt_mag": 194.50995342267504,
            "gic_blocker": 0.0
        },
        "3": {
            "volt_mag": 37.5721212544809,
            "gic_blocker": 0.0
        },
        "7": {
            "volt_mag": 0.0,
            "gic_blocker": 0.0
        },
        "25": {
            "volt_mag": 0.0,
            "gic_blocker": 0.0
        },
        "4": {
            "volt_mag": -355.7990682417445,
            "gic_blocker": -6.492284083923286e-9
        },
        "13": {
            "volt_mag": -120.25015487717775,
            "gic_blocker": 0.0
        },
        "15": {
            "volt_mag": 0.0,
            "gic_blocker": 0.0
        },
        "2": {
            "volt_mag": -49.071248928983564,
            "gic_blocker": 3.954872824264439e-8
        },
        "10": {
            "volt_mag": -706.7997201130084,
            "gic_blocker": 0.0
        },
        "18": {
            "volt_mag": 1010.5049667172487,
            "gic_blocker": 0.0
        },
        "21": {
            "volt_mag": 36.21314036687113,
            "gic_blocker": 0.0
        },
        "26": {
            "volt_mag": -116.74884943414615,
            "gic_blocker": 0.0
        },
        "27": {
            "volt_mag": -740.6742517695866,
            "gic_blocker": 0.0
        }
    },
    "bus": {
        "5": {
            "qd": 3.8500000000000005,
            "pd": 10.8
        },
        "16": {
            "qd": 1.6,
            "pd": 5.5
        },
        "20": {
            "qd": 0.0,
            "pd": 0.0
        },
        "12": {
            "qd": 0.0,
            "pd": 0.0
        },
        "8": {
            "qd": 0.0,
            "pd": 0.0
        },
        "17": {
            "qd": 0.0,
            "pd": 0.0
        },
        "1": {
            "qd": 0.0,
            "pd": 0.0
        },
        "19": {
            "qd": 0.0,
            "pd": 0.0
        },
        "6": {
            "qd": 1.7999999999999998,
            "pd": 3.4499999999999997
        },
        "11": {
            "qd": 0.0,
            "pd": 0.0
        },
        "14": {
            "qd": 0.0,
            "pd": 0.0
        },
        "3": {
            "qd": 0.0,
            "pd": 0.0
        },
        "7": {
            "qd": 0.0,
            "pd": 0.0
        },
        "4": {
            "qd": 5.699999999999999,
            "pd": 18.0
        },
        "13": {
            "qd": 0.0,
            "pd": 0.0
        },
        "15": {
            "qd": 4.75,
            "pd": 11.399999999999999
        },
        "2": {
            "qd": 0.0,
            "pd": 0.0
        },
        "21": {
            "qd": 0.0,
            "pd": 0.0
        },
        "18": {
            "qd": 0.0,
            "pd": 0.0
        }
    }
}
