{
    "gmd_bus": {
        "5": {
            "volt_mag": -484.43121946580544,
            "gic_blocker": 1.0000000099651671
        },
        "16": {
            "volt_mag": 0.0,
            "gic_blocker": 0.0
        },
        "20": {
            "volt_mag": 0.0,
            "gic_blocker": 0.0
        },
        "12": {
            "volt_mag": -618.1807927777459,
            "gic_blocker": 0.0
        },
        "24": {
            "volt_mag": 0.0,
            "gic_blocker": 0.0
        },
        "8": {
            "volt_mag": 1266.823656363203,
            "gic_blocker": 1.0000000000016205
        },
        "17": {
            "volt_mag": 722.7343713885857,
            "gic_blocker": 0.0
        },
        "1": {
            "volt_mag": 0.0,
            "gic_blocker": 0.0
        },
        "19": {
            "volt_mag": 0.0,
            "gic_blocker": 0.0
        },
        "22": {
            "volt_mag": -1.1577484281573413e-5,
            "gic_blocker": 0.0
        },
        "23": {
            "volt_mag": -413.19344386592604,
            "gic_blocker": 0.0
        },
        "6": {
            "volt_mag": 450.82864304246186,
            "gic_blocker": 1.0000000000000566
        },
        "11": {
            "volt_mag": -618.1708121066414,
            "gic_blocker": 0.0
        },
        "9": {
            "volt_mag": 0.0,
            "gic_blocker": 0.0
        },
        "14": {
            "volt_mag": 450.82864304245544,
            "gic_blocker": 0.0
        },
        "3": {
            "volt_mag": -1.1204017055719445e-5,
            "gic_blocker": 0.0
        },
        "7": {
            "volt_mag": 0.0,
            "gic_blocker": 0.0
        },
        "25": {
            "volt_mag": 0.0,
            "gic_blocker": 0.0
        },
        "4": {
            "volt_mag": -618.1720597151921,
            "gic_blocker": 1.0000000095859247
        },
        "13": {
            "volt_mag": -484.4316108539112,
            "gic_blocker": 0.0
        },
        "15": {
            "volt_mag": 0.0,
            "gic_blocker": 0.0
        },
        "2": {
            "volt_mag": -413.193443896605,
            "gic_blocker": 1.0000000008909773
        },
        "10": {
            "volt_mag": -1017.3528278760147,
            "gic_blocker": 0.0
        },
        "18": {
            "volt_mag": 1266.823656362861,
            "gic_blocker": 0.0
        },
        "21": {
            "volt_mag": 0.013176094754263179,
            "gic_blocker": 0.0
        },
        "26": {
            "volt_mag": -484.4306319008884,
            "gic_blocker": 0.0
        },
        "27": {
            "volt_mag": -484.35556213988383,
            "gic_blocker": 0.0
        }
    },
    "bus": {
        "5": {
            "qd": 2.8000000000000003,
            "pd": 10.8
        },
        "16": {
            "qd": 2.3,
            "pd": 4.25
        },
        "20": {
            "qd": 0.0,
            "pd": 0.0
        },
        "12": {
            "qd": 0.0,
            "pd": 0.0
        },
        "8": {
            "qd": 0.0,
            "pd": 0.0
        },
        "17": {
            "qd": 0.0,
            "pd": 0.0
        },
        "1": {
            "qd": 0.0,
            "pd": 0.0
        },
        "19": {
            "qd": 0.0,
            "pd": 0.0
        },
        "6": {
            "qd": 1.275,
            "pd": 2.8499999999999996
        },
        "11": {
            "qd": 0.0,
            "pd": 0.0
        },
        "14": {
            "qd": 0.0,
            "pd": 0.0
        },
        "3": {
            "qd": 0.0,
            "pd": 0.0
        },
        "7": {
            "qd": 0.0,
            "pd": 0.0
        },
        "4": {
            "qd": 5.699999999999999,
            "pd": 12.0
        },
        "13": {
            "qd": 0.0,
            "pd": 0.0
        },
        "15": {
            "qd": 6.0,
            "pd": 12.600000000000001
        },
        "2": {
            "qd": 0.0,
            "pd": 0.0
        },
        "21": {
            "qd": 0.0,
            "pd": 0.0
        },
        "18": {
            "qd": 0.0,
            "pd": 0.0
        }
    }
}
