{
    "gmd_bus": {
        "5": {
            "volt_mag": -484.4312194239726,
            "gic_blocker": 1.0000000099642126
        },
        "16": {
            "volt_mag": 0.0,
            "gic_blocker": 0.0
        },
        "20": {
            "volt_mag": 0.0,
            "gic_blocker": 0.0
        },
        "12": {
            "volt_mag": -618.1807927372665,
            "gic_blocker": 0.0
        },
        "24": {
            "volt_mag": 0.0,
            "gic_blocker": 0.0
        },
        "8": {
            "volt_mag": 1266.8236563553473,
            "gic_blocker": 0.9999999999999575
        },
        "17": {
            "volt_mag": 722.7343713974078,
            "gic_blocker": 0.0
        },
        "1": {
            "volt_mag": 0.0,
            "gic_blocker": 0.0
        },
        "19": {
            "volt_mag": 0.0,
            "gic_blocker": 0.0
        },
        "22": {
            "volt_mag": -1.1555841318904307e-5,
            "gic_blocker": 0.0
        },
        "23": {
            "volt_mag": -413.19344373977026,
            "gic_blocker": 0.0
        },
        "6": {
            "volt_mag": 450.82864306093035,
            "gic_blocker": 0.9999999999953025
        },
        "11": {
            "volt_mag": -618.1708120658554,
            "gic_blocker": 0.0
        },
        "9": {
            "volt_mag": 0.0,
            "gic_blocker": 0.0
        },
        "14": {
            "volt_mag": 450.8286430614598,
            "gic_blocker": 0.0
        },
        "3": {
            "volt_mag": -1.118307225311955e-5,
            "gic_blocker": 0.0
        },
        "7": {
            "volt_mag": 0.0,
            "gic_blocker": 0.0
        },
        "25": {
            "volt_mag": 0.0,
            "gic_blocker": 0.0
        },
        "4": {
            "volt_mag": -618.1720596744334,
            "gic_blocker": 1.0000000095816726
        },
        "13": {
            "volt_mag": -484.4316108122507,
            "gic_blocker": 0.0
        },
        "15": {
            "volt_mag": 0.0,
            "gic_blocker": 0.0
        },
        "2": {
            "volt_mag": -413.1934437681164,
            "gic_blocker": 1.0000000008232266
        },
        "10": {
            "volt_mag": -1017.3528277926159,
            "gic_blocker": 0.0
        },
        "18": {
            "volt_mag": 1266.8236563553564,
            "gic_blocker": 0.0
        },
        "21": {
            "volt_mag": 0.013176116621224481,
            "gic_blocker": 0.0
        },
        "26": {
            "volt_mag": -484.4306318588432,
            "gic_blocker": 0.0
        },
        "27": {
            "volt_mag": -484.35556213106173,
            "gic_blocker": 0.0
        }
    },
    "bus": {
        "5": {
            "qd": 3.5,
            "pd": 10.8
        },
        "16": {
            "qd": 2.3,
            "pd": 6.0
        },
        "20": {
            "qd": 0.0,
            "pd": 0.0
        },
        "12": {
            "qd": 0.0,
            "pd": 0.0
        },
        "8": {
            "qd": 0.0,
            "pd": 0.0
        },
        "17": {
            "qd": 0.0,
            "pd": 0.0
        },
        "1": {
            "qd": 0.0,
            "pd": 0.0
        },
        "19": {
            "qd": 0.0,
            "pd": 0.0
        },
        "6": {
            "qd": 1.5750000000000002,
            "pd": 2.7
        },
        "11": {
            "qd": 0.0,
            "pd": 0.0
        },
        "14": {
            "qd": 0.0,
            "pd": 0.0
        },
        "3": {
            "qd": 0.0,
            "pd": 0.0
        },
        "7": {
            "qd": 0.0,
            "pd": 0.0
        },
        "4": {
            "qd": 5.699999999999999,
            "pd": 15.0
        },
        "13": {
            "qd": 0.0,
            "pd": 0.0
        },
        "15": {
            "qd": 4.5,
            "pd": 12.0
        },
        "2": {
            "qd": 0.0,
            "pd": 0.0
        },
        "21": {
            "qd": 0.0,
            "pd": 0.0
        },
        "18": {
            "qd": 0.0,
            "pd": 0.0
        }
    }
}
