{
    "gmd_bus": {
        "5": {
            "volt_mag": -131.58232375321376,
            "gic_blocker": 0.0
        },
        "16": {
            "volt_mag": 0.0,
            "gic_blocker": 0.0
        },
        "20": {
            "volt_mag": 0.0,
            "gic_blocker": 0.0
        },
        "12": {
            "volt_mag": -394.29776900539946,
            "gic_blocker": 1.0
        },
        "24": {
            "volt_mag": 0.0,
            "gic_blocker": 0.0
        },
        "8": {
            "volt_mag": 68.61870412784457,
            "gic_blocker": 0.0
        },
        "17": {
            "volt_mag": 67.7608267338841,
            "gic_blocker": 0.0
        },
        "1": {
            "volt_mag": 0.0,
            "gic_blocker": 0.0
        },
        "19": {
            "volt_mag": 0.0,
            "gic_blocker": 0.0
        },
        "22": {
            "volt_mag": 11.673082223579398,
            "gic_blocker": 0.0
        },
        "23": {
            "volt_mag": -243.27074615469508,
            "gic_blocker": 0.0
        },
        "6": {
            "volt_mag": 102.00973449615655,
            "gic_blocker": 0.0
        },
        "11": {
            "volt_mag": -391.7723988728913,
            "gic_blocker": 0.0
        },
        "9": {
            "volt_mag": 0.0,
            "gic_blocker": 0.0
        },
        "14": {
            "volt_mag": 127.5121681201957,
            "gic_blocker": 0.0
        },
        "3": {
            "volt_mag": 11.673082223579398,
            "gic_blocker": 1.0
        },
        "7": {
            "volt_mag": 0.0,
            "gic_blocker": 0.0
        },
        "25": {
            "volt_mag": 0.0,
            "gic_blocker": 0.0
        },
        "4": {
            "volt_mag": -390.46114870787386,
            "gic_blocker": 0.0
        },
        "13": {
            "volt_mag": -138.16718683442838,
            "gic_blocker": 0.0
        },
        "15": {
            "volt_mag": 0.0,
            "gic_blocker": 0.0
        },
        "2": {
            "volt_mag": -243.27074615469508,
            "gic_blocker": 1.0
        },
        "10": {
            "volt_mag": -819.1444926103578,
            "gic_blocker": 1.0
        },
        "18": {
            "volt_mag": 80.05515470145416,
            "gic_blocker": 0.0
        },
        "21": {
            "volt_mag": 8.163889445944557,
            "gic_blocker": 0.0
        },
        "26": {
            "volt_mag": -134.8632612597808,
            "gic_blocker": 1.0
        },
        "27": {
            "volt_mag": -1139.3291067945856,
            "gic_blocker": 0.0
        }
    },
    "bus": {
        "5": {
            "qd": 2.8000000000000003,
            "pd": 14.399999999999999
        },
        "16": {
            "qd": 2.2,
            "pd": 6.0
        },
        "20": {
            "qd": 0.0,
            "pd": 0.0
        },
        "12": {
            "qd": 0.0,
            "pd": 0.0
        },
        "8": {
            "qd": 0.0,
            "pd": 0.0
        },
        "17": {
            "qd": 0.0,
            "pd": 0.0
        },
        "1": {
            "qd": 0.0,
            "pd": 0.0
        },
        "19": {
            "qd": 0.0,
            "pd": 0.0
        },
        "6": {
            "qd": 1.35,
            "pd": 2.4000000000000004
        },
        "11": {
            "qd": 0.0,
            "pd": 0.0
        },
        "14": {
            "qd": 0.0,
            "pd": 0.0
        },
        "3": {
            "qd": 0.0,
            "pd": 0.0
        },
        "7": {
            "qd": 0.0,
            "pd": 0.0
        },
        "4": {
            "qd": 5.699999999999999,
            "pd": 12.0
        },
        "13": {
            "qd": 0.0,
            "pd": 0.0
        },
        "15": {
            "qd": 5.5,
            "pd": 13.200000000000001
        },
        "2": {
            "qd": 0.0,
            "pd": 0.0
        },
        "21": {
            "qd": 0.0,
            "pd": 0.0
        },
        "18": {
            "qd": 0.0,
            "pd": 0.0
        }
    }
}
