{
    "gmd_bus": {
        "5": {
            "volt_mag": -86.92346083128714,
            "gic_blocker": 0.0
        },
        "16": {
            "volt_mag": 0.0,
            "gic_blocker": 0.0
        },
        "20": {
            "volt_mag": 0.0,
            "gic_blocker": 0.0
        },
        "12": {
            "volt_mag": -307.9143486090846,
            "gic_blocker": 0.0
        },
        "24": {
            "volt_mag": 0.0,
            "gic_blocker": 0.0
        },
        "8": {
            "volt_mag": 90.04721365785085,
            "gic_blocker": 0.0
        },
        "17": {
            "volt_mag": 258.83170334072594,
            "gic_blocker": 0.0
        },
        "1": {
            "volt_mag": 0.0,
            "gic_blocker": 0.0
        },
        "19": {
            "volt_mag": 0.0,
            "gic_blocker": 0.0
        },
        "22": {
            "volt_mag": 96.1856705692201,
            "gic_blocker": 0.0
        },
        "23": {
            "volt_mag": -41.608099796139385,
            "gic_blocker": 0.0
        },
        "6": {
            "volt_mag": 422.15417405063954,
            "gic_blocker": 1.0
        },
        "11": {
            "volt_mag": -305.5938446536288,
            "gic_blocker": 0.0
        },
        "9": {
            "volt_mag": 0.0,
            "gic_blocker": 0.0
        },
        "14": {
            "volt_mag": 422.15417405063954,
            "gic_blocker": 0.0
        },
        "3": {
            "volt_mag": 93.08290707753793,
            "gic_blocker": 0.0
        },
        "7": {
            "volt_mag": 0.0,
            "gic_blocker": 0.0
        },
        "25": {
            "volt_mag": 0.0,
            "gic_blocker": 0.0
        },
        "4": {
            "volt_mag": -304.61467983111623,
            "gic_blocker": 0.0
        },
        "13": {
            "volt_mag": -91.1730094200968,
            "gic_blocker": 0.0
        },
        "15": {
            "volt_mag": 0.0,
            "gic_blocker": 0.0
        },
        "2": {
            "volt_mag": -38.40747676444211,
            "gic_blocker": 0.0
        },
        "10": {
            "volt_mag": -675.3215945990625,
            "gic_blocker": 0.0
        },
        "18": {
            "volt_mag": 105.0550824507473,
            "gic_blocker": 0.0
        },
        "21": {
            "volt_mag": 96.86567682990433,
            "gic_blocker": 0.0
        },
        "26": {
            "volt_mag": -89.24148387184329,
            "gic_blocker": 0.0
        },
        "27": {
            "volt_mag": -948.2582301877438,
            "gic_blocker": 0.0
        }
    },
    "bus": {
        "5": {
            "qd": 2.8000000000000003,
            "pd": 11.399999999999999
        },
        "16": {
            "qd": 2.0,
            "pd": 5.0
        },
        "20": {
            "qd": 0.0,
            "pd": 0.0
        },
        "12": {
            "qd": 0.0,
            "pd": 0.0
        },
        "8": {
            "qd": 0.0,
            "pd": 0.0
        },
        "17": {
            "qd": 0.0,
            "pd": 0.0
        },
        "1": {
            "qd": 0.0,
            "pd": 0.0
        },
        "19": {
            "qd": 0.0,
            "pd": 0.0
        },
        "6": {
            "qd": 1.2000000000000002,
            "pd": 3.4499999999999997
        },
        "11": {
            "qd": 0.0,
            "pd": 0.0
        },
        "14": {
            "qd": 0.0,
            "pd": 0.0
        },
        "3": {
            "qd": 0.0,
            "pd": 0.0
        },
        "7": {
            "qd": 0.0,
            "pd": 0.0
        },
        "4": {
            "qd": 7.199999999999999,
            "pd": 15.0
        },
        "13": {
            "qd": 0.0,
            "pd": 0.0
        },
        "15": {
            "qd": 5.75,
            "pd": 12.0
        },
        "2": {
            "qd": 0.0,
            "pd": 0.0
        },
        "21": {
            "qd": 0.0,
            "pd": 0.0
        },
        "18": {
            "qd": 0.0,
            "pd": 0.0
        }
    }
}
