{
    "gmd_bus": {
        "5": {
            "volt_mag": -484.43121945474087,
            "gic_blocker": 1.0000000099652517
        },
        "16": {
            "volt_mag": 0.0,
            "gic_blocker": 0.0
        },
        "20": {
            "volt_mag": 0.0,
            "gic_blocker": 0.0
        },
        "12": {
            "volt_mag": -618.1807927672239,
            "gic_blocker": 0.0
        },
        "24": {
            "volt_mag": 0.0,
            "gic_blocker": 0.0
        },
        "8": {
            "volt_mag": 1266.8236563351068,
            "gic_blocker": 1.0000000000000477
        },
        "17": {
            "volt_mag": 722.7343713762629,
            "gic_blocker": 0.0
        },
        "1": {
            "volt_mag": 0.0,
            "gic_blocker": 0.0
        },
        "19": {
            "volt_mag": 0.0,
            "gic_blocker": 0.0
        },
        "22": {
            "volt_mag": -1.157184301953182e-5,
            "gic_blocker": 0.0
        },
        "23": {
            "volt_mag": -413.1934438097229,
            "gic_blocker": 0.0
        },
        "6": {
            "volt_mag": 450.82864303928835,
            "gic_blocker": 0.9999999999957907
        },
        "11": {
            "volt_mag": -618.1708120959969,
            "gic_blocker": 0.0
        },
        "9": {
            "volt_mag": 0.0,
            "gic_blocker": 0.0
        },
        "14": {
            "volt_mag": 450.82864303976277,
            "gic_blocker": 0.0
        },
        "3": {
            "volt_mag": -1.119855776986834e-5,
            "gic_blocker": 0.0
        },
        "7": {
            "volt_mag": 0.0,
            "gic_blocker": 0.0
        },
        "25": {
            "volt_mag": 0.0,
            "gic_blocker": 0.0
        },
        "4": {
            "volt_mag": -618.1720597045817,
            "gic_blocker": 1.0000000095932462
        },
        "13": {
            "volt_mag": -484.4316108429459,
            "gic_blocker": 0.0
        },
        "15": {
            "volt_mag": 0.0,
            "gic_blocker": 0.0
        },
        "2": {
            "volt_mag": -413.193443839212,
            "gic_blocker": 1.000000000856423
        },
        "10": {
            "volt_mag": -1017.3528278426294,
            "gic_blocker": 0.0
        },
        "18": {
            "volt_mag": 1266.8236563350965,
            "gic_blocker": 0.0
        },
        "21": {
            "volt_mag": 0.013176100302047003,
            "gic_blocker": 0.0
        },
        "26": {
            "volt_mag": -484.4306318896707,
            "gic_blocker": 0.0
        },
        "27": {
            "volt_mag": -484.35556215220663,
            "gic_blocker": 0.0
        }
    },
    "bus": {
        "5": {
            "qd": 3.15,
            "pd": 10.2
        },
        "16": {
            "qd": 2.1,
            "pd": 5.5
        },
        "20": {
            "qd": 0.0,
            "pd": 0.0
        },
        "12": {
            "qd": 0.0,
            "pd": 0.0
        },
        "8": {
            "qd": 0.0,
            "pd": 0.0
        },
        "17": {
            "qd": 0.0,
            "pd": 0.0
        },
        "1": {
            "qd": 0.0,
            "pd": 0.0
        },
        "19": {
            "qd": 0.0,
            "pd": 0.0
        },
        "6": {
            "qd": 1.6500000000000001,
            "pd": 2.8499999999999996
        },
        "11": {
            "qd": 0.0,
            "pd": 0.0
        },
        "14": {
            "qd": 0.0,
            "pd": 0.0
        },
        "3": {
            "qd": 0.0,
            "pd": 0.0
        },
        "7": {
            "qd": 0.0,
            "pd": 0.0
        },
        "4": {
            "qd": 5.4,
            "pd": 13.5
        },
        "13": {
            "qd": 0.0,
            "pd": 0.0
        },
        "15": {
            "qd": 4.25,
            "pd": 14.399999999999999
        },
        "2": {
            "qd": 0.0,
            "pd": 0.0
        },
        "21": {
            "qd": 0.0,
            "pd": 0.0
        },
        "18": {
            "qd": 0.0,
            "pd": 0.0
        }
    }
}
