{
    "gmd_bus": {
        "5": {
            "volt_mag": -484.4312194713752,
            "gic_blocker": 1.0000000099648847
        },
        "16": {
            "volt_mag": 0.0,
            "gic_blocker": 0.0
        },
        "20": {
            "volt_mag": 0.0,
            "gic_blocker": 0.0
        },
        "12": {
            "volt_mag": -618.1807927839841,
            "gic_blocker": 0.0
        },
        "24": {
            "volt_mag": 0.0,
            "gic_blocker": 0.0
        },
        "8": {
            "volt_mag": 1266.823656321593,
            "gic_blocker": 1.000000000000008
        },
        "17": {
            "volt_mag": 722.7343713631473,
            "gic_blocker": 0.0
        },
        "1": {
            "volt_mag": 0.0,
            "gic_blocker": 0.0
        },
        "19": {
            "volt_mag": 0.0,
            "gic_blocker": 0.0
        },
        "22": {
            "volt_mag": -1.1581056944091904e-5,
            "gic_blocker": 0.0
        },
        "23": {
            "volt_mag": -413.19344385117756,
            "gic_blocker": 0.0
        },
        "6": {
            "volt_mag": 450.82864302640655,
            "gic_blocker": 0.9999999999957104
        },
        "11": {
            "volt_mag": -618.170812112865,
            "gic_blocker": 0.0
        },
        "9": {
            "volt_mag": 0.0,
            "gic_blocker": 0.0
        },
        "14": {
            "volt_mag": 450.82864302689006,
            "gic_blocker": 0.0
        },
        "3": {
            "volt_mag": -1.120747447106271e-5,
            "gic_blocker": 0.0
        },
        "7": {
            "volt_mag": 0.0,
            "gic_blocker": 0.0
        },
        "25": {
            "volt_mag": 0.0,
            "gic_blocker": 0.0
        },
        "4": {
            "volt_mag": -618.1720597214511,
            "gic_blocker": 1.0000000095990251
        },
        "13": {
            "volt_mag": -484.4316108595576,
            "gic_blocker": 0.0
        },
        "15": {
            "volt_mag": 0.0,
            "gic_blocker": 0.0
        },
        "2": {
            "volt_mag": -413.19344388136545,
            "gic_blocker": 1.0000000008767154
        },
        "10": {
            "volt_mag": -1017.3528278717699,
            "gic_blocker": 0.0
        },
        "18": {
            "volt_mag": 1266.8236563215914,
            "gic_blocker": 0.0
        },
        "21": {
            "volt_mag": 0.013176090904981565,
            "gic_blocker": 0.0
        },
        "26": {
            "volt_mag": -484.43063190635667,
            "gic_blocker": 0.0
        },
        "27": {
            "volt_mag": -484.3555621653225,
            "gic_blocker": 0.0
        }
    },
    "bus": {
        "5": {
            "qd": 3.6750000000000003,
            "pd": 13.200000000000001
        },
        "16": {
            "qd": 1.9,
            "pd": 5.25
        },
        "20": {
            "qd": 0.0,
            "pd": 0.0
        },
        "12": {
            "qd": 0.0,
            "pd": 0.0
        },
        "8": {
            "qd": 0.0,
            "pd": 0.0
        },
        "17": {
            "qd": 0.0,
            "pd": 0.0
        },
        "1": {
            "qd": 0.0,
            "pd": 0.0
        },
        "19": {
            "qd": 0.0,
            "pd": 0.0
        },
        "6": {
            "qd": 1.35,
            "pd": 3.0
        },
        "11": {
            "qd": 0.0,
            "pd": 0.0
        },
        "14": {
            "qd": 0.0,
            "pd": 0.0
        },
        "3": {
            "qd": 0.0,
            "pd": 0.0
        },
        "7": {
            "qd": 0.0,
            "pd": 0.0
        },
        "4": {
            "qd": 4.800000000000001,
            "pd": 12.0
        },
        "13": {
            "qd": 0.0,
            "pd": 0.0
        },
        "15": {
            "qd": 5.0,
            "pd": 10.8
        },
        "2": {
            "qd": 0.0,
            "pd": 0.0
        },
        "21": {
            "qd": 0.0,
            "pd": 0.0
        },
        "18": {
            "qd": 0.0,
            "pd": 0.0
        }
    }
}
