{
    "gmd_bus": {
        "5": {
            "volt_mag": -550.4624498925343,
            "gic_blocker": 1.0000000099690538
        },
        "16": {
            "volt_mag": 0.0,
            "gic_blocker": 0.0
        },
        "20": {
            "volt_mag": 0.0,
            "gic_blocker": 0.0
        },
        "12": {
            "volt_mag": -684.2120222116237,
            "gic_blocker": 0.0
        },
        "24": {
            "volt_mag": 0.0,
            "gic_blocker": 0.0
        },
        "8": {
            "volt_mag": 1200.7924276085264,
            "gic_blocker": 0.9999999999990605
        },
        "17": {
            "volt_mag": 656.7031426590914,
            "gic_blocker": 0.0
        },
        "1": {
            "volt_mag": 0.0,
            "gic_blocker": 0.0
        },
        "19": {
            "volt_mag": 0.0,
            "gic_blocker": 0.0
        },
        "22": {
            "volt_mag": -66.03123916103871,
            "gic_blocker": 0.0
        },
        "23": {
            "volt_mag": -479.2246734614575,
            "gic_blocker": 0.0
        },
        "6": {
            "volt_mag": 384.79741432772175,
            "gic_blocker": 0.9999999999936183
        },
        "11": {
            "volt_mag": -684.2020415456668,
            "gic_blocker": 0.0
        },
        "9": {
            "volt_mag": 0.0,
            "gic_blocker": 0.0
        },
        "14": {
            "volt_mag": 384.79741432833566,
            "gic_blocker": 0.0
        },
        "3": {
            "volt_mag": -66.03123873199701,
            "gic_blocker": 0.9999998050732999
        },
        "7": {
            "volt_mag": 0.0,
            "gic_blocker": 0.0
        },
        "25": {
            "volt_mag": 0.0,
            "gic_blocker": 0.0
        },
        "4": {
            "volt_mag": -684.2032891563507,
            "gic_blocker": 1.000000009634838
        },
        "13": {
            "volt_mag": -550.4628412528859,
            "gic_blocker": 0.0
        },
        "15": {
            "volt_mag": 0.0,
            "gic_blocker": 0.0
        },
        "2": {
            "volt_mag": -479.22467350899643,
            "gic_blocker": 1.0000000011903956
        },
        "10": {
            "volt_mag": -1083.3840573931607,
            "gic_blocker": 0.0
        },
        "18": {
            "volt_mag": 1200.7924276087144,
            "gic_blocker": 0.0
        },
        "21": {
            "volt_mag": -66.0180515383291,
            "gic_blocker": 0.0
        },
        "26": {
            "volt_mag": -550.4618623032329,
            "gic_blocker": 0.0
        },
        "27": {
            "volt_mag": -550.386790869378,
            "gic_blocker": 0.0
        }
    },
    "bus": {
        "5": {
            "qd": 3.5,
            "pd": 11.399999999999999
        },
        "16": {
            "qd": 1.8,
            "pd": 4.0
        },
        "20": {
            "qd": 0.0,
            "pd": 0.0
        },
        "12": {
            "qd": 0.0,
            "pd": 0.0
        },
        "8": {
            "qd": 0.0,
            "pd": 0.0
        },
        "17": {
            "qd": 0.0,
            "pd": 0.0
        },
        "1": {
            "qd": 0.0,
            "pd": 0.0
        },
        "19": {
            "qd": 0.0,
            "pd": 0.0
        },
        "6": {
            "qd": 1.5,
            "pd": 3.3000000000000003
        },
        "11": {
            "qd": 0.0,
            "pd": 0.0
        },
        "14": {
            "qd": 0.0,
            "pd": 0.0
        },
        "3": {
            "qd": 0.0,
            "pd": 0.0
        },
        "7": {
            "qd": 0.0,
            "pd": 0.0
        },
        "4": {
            "qd": 4.800000000000001,
            "pd": 12.0
        },
        "13": {
            "qd": 0.0,
            "pd": 0.0
        },
        "15": {
            "qd": 6.0,
            "pd": 10.8
        },
        "2": {
            "qd": 0.0,
            "pd": 0.0
        },
        "21": {
            "qd": 0.0,
            "pd": 0.0
        },
        "18": {
            "qd": 0.0,
            "pd": 0.0
        }
    }
}
