{
    "gmd_bus": {
        "5": {
            "volt_mag": -484.4312193797427,
            "gic_blocker": 1.0000000099651605
        },
        "16": {
            "volt_mag": 0.0,
            "gic_blocker": 0.0
        },
        "20": {
            "volt_mag": 0.0,
            "gic_blocker": 0.0
        },
        "12": {
            "volt_mag": -618.1807926922219,
            "gic_blocker": 0.0
        },
        "24": {
            "volt_mag": 0.0,
            "gic_blocker": 0.0
        },
        "8": {
            "volt_mag": 1266.823656372731,
            "gic_blocker": 0.9999999999992655
        },
        "17": {
            "volt_mag": 722.734371421732,
            "gic_blocker": 0.0
        },
        "1": {
            "volt_mag": 0.0,
            "gic_blocker": 0.0
        },
        "19": {
            "volt_mag": 0.0,
            "gic_blocker": 0.0
        },
        "22": {
            "volt_mag": -1.1531721982974716e-5,
            "gic_blocker": 0.0
        },
        "23": {
            "volt_mag": -413.1934436189499,
            "gic_blocker": 0.0
        },
        "6": {
            "volt_mag": 450.8286430892616,
            "gic_blocker": 0.999999999993258
        },
        "11": {
            "volt_mag": -618.1708120204735,
            "gic_blocker": 0.0
        },
        "9": {
            "volt_mag": 0.0,
            "gic_blocker": 0.0
        },
        "14": {
            "volt_mag": 450.82864309002144,
            "gic_blocker": 0.0
        },
        "3": {
            "volt_mag": -1.1159730960265638e-5,
            "gic_blocker": 0.0
        },
        "7": {
            "volt_mag": 0.0,
            "gic_blocker": 0.0
        },
        "25": {
            "volt_mag": 0.0,
            "gic_blocker": 0.0
        },
        "4": {
            "volt_mag": -618.1720596290442,
            "gic_blocker": 1.0000000095624249
        },
        "13": {
            "volt_mag": -484.4316107681102,
            "gic_blocker": 0.0
        },
        "15": {
            "volt_mag": 0.0,
            "gic_blocker": 0.0
        },
        "2": {
            "volt_mag": -413.1934436451729,
            "gic_blocker": 1.0000000007615688
        },
        "10": {
            "volt_mag": -1017.3528277095787,
            "gic_blocker": 0.0
        },
        "18": {
            "volt_mag": 1266.8236563728863,
            "gic_blocker": 0.0
        },
        "21": {
            "volt_mag": 0.013176141135439991,
            "gic_blocker": 0.0
        },
        "26": {
            "volt_mag": -484.43063181443324,
            "gic_blocker": 0.0
        },
        "27": {
            "volt_mag": -484.35556210673764,
            "gic_blocker": 0.0
        }
    },
    "bus": {
        "5": {
            "qd": 3.3249999999999997,
            "pd": 9.600000000000001
        },
        "16": {
            "qd": 1.8,
            "pd": 5.0
        },
        "20": {
            "qd": 0.0,
            "pd": 0.0
        },
        "12": {
            "qd": 0.0,
            "pd": 0.0
        },
        "8": {
            "qd": 0.0,
            "pd": 0.0
        },
        "17": {
            "qd": 0.0,
            "pd": 0.0
        },
        "1": {
            "qd": 0.0,
            "pd": 0.0
        },
        "19": {
            "qd": 0.0,
            "pd": 0.0
        },
        "6": {
            "qd": 1.7999999999999998,
            "pd": 3.0
        },
        "11": {
            "qd": 0.0,
            "pd": 0.0
        },
        "14": {
            "qd": 0.0,
            "pd": 0.0
        },
        "3": {
            "qd": 0.0,
            "pd": 0.0
        },
        "7": {
            "qd": 0.0,
            "pd": 0.0
        },
        "4": {
            "qd": 6.8999999999999995,
            "pd": 16.5
        },
        "13": {
            "qd": 0.0,
            "pd": 0.0
        },
        "15": {
            "qd": 4.5,
            "pd": 10.8
        },
        "2": {
            "qd": 0.0,
            "pd": 0.0
        },
        "21": {
            "qd": 0.0,
            "pd": 0.0
        },
        "18": {
            "qd": 0.0,
            "pd": 0.0
        }
    }
}
