{
    "gmd_bus": {
        "5": {
            "volt_mag": -484.4312193590516,
            "gic_blocker": 1.0000000099629083
        },
        "16": {
            "volt_mag": 0.0,
            "gic_blocker": 0.0
        },
        "20": {
            "volt_mag": 0.0,
            "gic_blocker": 0.0
        },
        "12": {
            "volt_mag": -618.180792673448,
            "gic_blocker": 0.0
        },
        "24": {
            "volt_mag": 0.0,
            "gic_blocker": 0.0
        },
        "8": {
            "volt_mag": 1266.8236563796243,
            "gic_blocker": 0.9999999999989353
        },
        "17": {
            "volt_mag": 722.7343714319362,
            "gic_blocker": 0.0
        },
        "1": {
            "volt_mag": 0.0,
            "gic_blocker": 0.0
        },
        "19": {
            "volt_mag": 0.0,
            "gic_blocker": 0.0
        },
        "22": {
            "volt_mag": -1.1521831935992181e-5,
            "gic_blocker": 0.0
        },
        "23": {
            "volt_mag": -413.19344357456856,
            "gic_blocker": 0.0
        },
        "6": {
            "volt_mag": 450.828643101386,
            "gic_blocker": 0.9999999999923618
        },
        "11": {
            "volt_mag": -618.1708120016004,
            "gic_blocker": 0.0
        },
        "9": {
            "volt_mag": 0.0,
            "gic_blocker": 0.0
        },
        "14": {
            "volt_mag": 450.82864310224693,
            "gic_blocker": 0.0
        },
        "3": {
            "volt_mag": -1.1150159947049015e-5,
            "gic_blocker": 0.0
        },
        "7": {
            "volt_mag": 0.0,
            "gic_blocker": 0.0
        },
        "25": {
            "volt_mag": 0.0,
            "gic_blocker": 0.0
        },
        "4": {
            "volt_mag": -618.1720596101756,
            "gic_blocker": 1.0000000095593862
        },
        "13": {
            "volt_mag": -484.4316107475065,
            "gic_blocker": 0.0
        },
        "15": {
            "volt_mag": 0.0,
            "gic_blocker": 0.0
        },
        "2": {
            "volt_mag": -413.1934436000701,
            "gic_blocker": 1.000000000740616
        },
        "10": {
            "volt_mag": -1017.352827677973,
            "gic_blocker": 0.0
        },
        "18": {
            "volt_mag": 1266.8236563798491,
            "gic_blocker": 0.0
        },
        "21": {
            "volt_mag": 0.013176151202033613,
            "gic_blocker": 0.0
        },
        "26": {
            "volt_mag": -484.4306317937202,
            "gic_blocker": 0.0
        },
        "27": {
            "volt_mag": -484.35556209653345,
            "gic_blocker": 0.0
        }
    },
    "bus": {
        "5": {
            "qd": 3.6750000000000003,
            "pd": 10.8
        },
        "16": {
            "qd": 1.9,
            "pd": 5.25
        },
        "20": {
            "qd": 0.0,
            "pd": 0.0
        },
        "12": {
            "qd": 0.0,
            "pd": 0.0
        },
        "8": {
            "qd": 0.0,
            "pd": 0.0
        },
        "17": {
            "qd": 0.0,
            "pd": 0.0
        },
        "1": {
            "qd": 0.0,
            "pd": 0.0
        },
        "19": {
            "qd": 0.0,
            "pd": 0.0
        },
        "6": {
            "qd": 1.5750000000000002,
            "pd": 2.4000000000000004
        },
        "11": {
            "qd": 0.0,
            "pd": 0.0
        },
        "14": {
            "qd": 0.0,
            "pd": 0.0
        },
        "3": {
            "qd": 0.0,
            "pd": 0.0
        },
        "7": {
            "qd": 0.0,
            "pd": 0.0
        },
        "4": {
            "qd": 7.199999999999999,
            "pd": 15.75
        },
        "13": {
            "qd": 0.0,
            "pd": 0.0
        },
        "15": {
            "qd": 4.25,
            "pd": 10.8
        },
        "2": {
            "qd": 0.0,
            "pd": 0.0
        },
        "21": {
            "qd": 0.0,
            "pd": 0.0
        },
        "18": {
            "qd": 0.0,
            "pd": 0.0
        }
    }
}
