{
    "gmd_bus": {
        "5": {
            "volt_mag": -61.03511670102806,
            "gic_blocker": 1.0000000096918453
        },
        "16": {
            "volt_mag": 0.0,
            "gic_blocker": 0.0
        },
        "20": {
            "volt_mag": 0.0,
            "gic_blocker": 0.0
        },
        "12": {
            "volt_mag": -194.78469627605546,
            "gic_blocker": 0.0
        },
        "24": {
            "volt_mag": 0.0,
            "gic_blocker": 0.0
        },
        "8": {
            "volt_mag": 1690.2197489024036,
            "gic_blocker": 1.0000000000036826
        },
        "17": {
            "volt_mag": 1146.130463894761,
            "gic_blocker": 0.0
        },
        "1": {
            "volt_mag": 0.0,
            "gic_blocker": 0.0
        },
        "19": {
            "volt_mag": 0.0,
            "gic_blocker": 0.0
        },
        "22": {
            "volt_mag": 423.39607434941865,
            "gic_blocker": 0.0
        },
        "23": {
            "volt_mag": 10.202648890236565,
            "gic_blocker": 0.0
        },
        "6": {
            "volt_mag": 874.2247355299563,
            "gic_blocker": 1.0000000000068099
        },
        "11": {
            "volt_mag": -194.7747155881435,
            "gic_blocker": 0.0
        },
        "9": {
            "volt_mag": 0.0,
            "gic_blocker": 0.0
        },
        "14": {
            "volt_mag": 874.224735528468,
            "gic_blocker": 0.0
        },
        "3": {
            "volt_mag": 423.39607442121826,
            "gic_blocker": 1.0000000050874087
        },
        "7": {
            "volt_mag": 0.0,
            "gic_blocker": 0.0
        },
        "25": {
            "volt_mag": 0.0,
            "gic_blocker": 0.0
        },
        "4": {
            "volt_mag": -194.7759631810498,
            "gic_blocker": 1.000000008557997
        },
        "13": {
            "volt_mag": -61.03550826076522,
            "gic_blocker": 0.0
        },
        "15": {
            "volt_mag": 0.0,
            "gic_blocker": 0.0
        },
        "2": {
            "volt_mag": 10.20264883507987,
            "gic_blocker": 0.9999999351266161
        },
        "10": {
            "volt_mag": -593.9567332355014,
            "gic_blocker": 0.0
        },
        "18": {
            "volt_mag": 1690.2197489013663,
            "gic_blocker": 0.0
        },
        "21": {
            "volt_mag": 423.40926230665747,
            "gic_blocker": 0.0
        },
        "26": {
            "volt_mag": -61.03452930225334,
            "gic_blocker": 0.0
        },
        "27": {
            "volt_mag": -60.959469633708636,
            "gic_blocker": 0.0
        }
    },
    "bus": {
        "5": {
            "qd": 4.2,
            "pd": 11.399999999999999
        },
        "16": {
            "qd": 1.9,
            "pd": 6.0
        },
        "20": {
            "qd": 0.0,
            "pd": 0.0
        },
        "12": {
            "qd": 0.0,
            "pd": 0.0
        },
        "8": {
            "qd": 0.0,
            "pd": 0.0
        },
        "17": {
            "qd": 0.0,
            "pd": 0.0
        },
        "1": {
            "qd": 0.0,
            "pd": 0.0
        },
        "19": {
            "qd": 0.0,
            "pd": 0.0
        },
        "6": {
            "qd": 1.4249999999999998,
            "pd": 3.1500000000000004
        },
        "11": {
            "qd": 0.0,
            "pd": 0.0
        },
        "14": {
            "qd": 0.0,
            "pd": 0.0
        },
        "3": {
            "qd": 0.0,
            "pd": 0.0
        },
        "7": {
            "qd": 0.0,
            "pd": 0.0
        },
        "4": {
            "qd": 6.300000000000001,
            "pd": 14.25
        },
        "13": {
            "qd": 0.0,
            "pd": 0.0
        },
        "15": {
            "qd": 5.5,
            "pd": 11.399999999999999
        },
        "2": {
            "qd": 0.0,
            "pd": 0.0
        },
        "21": {
            "qd": 0.0,
            "pd": 0.0
        },
        "18": {
            "qd": 0.0,
            "pd": 0.0
        }
    }
}
