{
    "gmd_bus": {
        "5": {
            "volt_mag": -484.4312194242512,
            "gic_blocker": 1.0000000099650304
        },
        "16": {
            "volt_mag": 0.0,
            "gic_blocker": 0.0
        },
        "20": {
            "volt_mag": 0.0,
            "gic_blocker": 0.0
        },
        "12": {
            "volt_mag": -618.1807927371491,
            "gic_blocker": 0.0
        },
        "24": {
            "volt_mag": 0.0,
            "gic_blocker": 0.0
        },
        "8": {
            "volt_mag": 1266.8236563458172,
            "gic_blocker": 0.9999999999995243
        },
        "17": {
            "volt_mag": 722.7343713922228,
            "gic_blocker": 0.0
        },
        "1": {
            "volt_mag": 0.0,
            "gic_blocker": 0.0
        },
        "19": {
            "volt_mag": 0.0,
            "gic_blocker": 0.0
        },
        "22": {
            "volt_mag": -1.1555626278664117e-5,
            "gic_blocker": 0.0
        },
        "23": {
            "volt_mag": -413.1934437287422,
            "gic_blocker": 0.0
        },
        "6": {
            "volt_mag": 450.8286430582981,
            "gic_blocker": 0.9999999999944158
        },
        "11": {
            "volt_mag": -618.1708120657149,
            "gic_blocker": 0.0
        },
        "9": {
            "volt_mag": 0.0,
            "gic_blocker": 0.0
        },
        "14": {
            "volt_mag": 450.8286430589274,
            "gic_blocker": 0.0
        },
        "3": {
            "volt_mag": -1.1182864149661132e-5,
            "gic_blocker": 0.0
        },
        "7": {
            "volt_mag": 0.0,
            "gic_blocker": 0.0
        },
        "25": {
            "volt_mag": 0.0,
            "gic_blocker": 0.0
        },
        "4": {
            "volt_mag": -618.172059674304,
            "gic_blocker": 1.0000000095848665
        },
        "13": {
            "volt_mag": -484.4316108125375,
            "gic_blocker": 0.0
        },
        "15": {
            "volt_mag": 0.0,
            "gic_blocker": 0.0
        },
        "2": {
            "volt_mag": -413.19344375681396,
            "gic_blocker": 1.0000000008152585
        },
        "10": {
            "volt_mag": -1017.3528277870408,
            "gic_blocker": 0.0
        },
        "18": {
            "volt_mag": 1266.8236563459175,
            "gic_blocker": 0.0
        },
        "21": {
            "volt_mag": 0.013176116780418842,
            "gic_blocker": 0.0
        },
        "26": {
            "volt_mag": -484.4306318590699,
            "gic_blocker": 0.0
        },
        "27": {
            "volt_mag": -484.35556213624704,
            "gic_blocker": 0.0
        }
    },
    "bus": {
        "5": {
            "qd": 2.975,
            "pd": 10.2
        },
        "16": {
            "qd": 1.9,
            "pd": 4.75
        },
        "20": {
            "qd": 0.0,
            "pd": 0.0
        },
        "12": {
            "qd": 0.0,
            "pd": 0.0
        },
        "8": {
            "qd": 0.0,
            "pd": 0.0
        },
        "17": {
            "qd": 0.0,
            "pd": 0.0
        },
        "1": {
            "qd": 0.0,
            "pd": 0.0
        },
        "19": {
            "qd": 0.0,
            "pd": 0.0
        },
        "6": {
            "qd": 1.4249999999999998,
            "pd": 2.8499999999999996
        },
        "11": {
            "qd": 0.0,
            "pd": 0.0
        },
        "14": {
            "qd": 0.0,
            "pd": 0.0
        },
        "3": {
            "qd": 0.0,
            "pd": 0.0
        },
        "7": {
            "qd": 0.0,
            "pd": 0.0
        },
        "4": {
            "qd": 6.0,
            "pd": 15.75
        },
        "13": {
            "qd": 0.0,
            "pd": 0.0
        },
        "15": {
            "qd": 4.25,
            "pd": 12.600000000000001
        },
        "2": {
            "qd": 0.0,
            "pd": 0.0
        },
        "21": {
            "qd": 0.0,
            "pd": 0.0
        },
        "18": {
            "qd": 0.0,
            "pd": 0.0
        }
    }
}
