{
    "gmd_bus": {
        "5": {
            "volt_mag": -484.43121940726746,
            "gic_blocker": 1.0000000099627295
        },
        "16": {
            "volt_mag": 0.0,
            "gic_blocker": 0.0
        },
        "20": {
            "volt_mag": 0.0,
            "gic_blocker": 0.0
        },
        "12": {
            "volt_mag": -618.1807927209114,
            "gic_blocker": 0.0
        },
        "24": {
            "volt_mag": 0.0,
            "gic_blocker": 0.0
        },
        "8": {
            "volt_mag": 1266.8236563703806,
            "gic_blocker": 1.0000000000000988
        },
        "17": {
            "volt_mag": 722.7343714110244,
            "gic_blocker": 0.0
        },
        "1": {
            "volt_mag": 0.0,
            "gic_blocker": 0.0
        },
        "19": {
            "volt_mag": 0.0,
            "gic_blocker": 0.0
        },
        "22": {
            "volt_mag": -1.1547753437798973e-5,
            "gic_blocker": 0.0
        },
        "23": {
            "volt_mag": -413.1934437139479,
            "gic_blocker": 0.0
        },
        "6": {
            "volt_mag": 450.8286430737088,
            "gic_blocker": 0.9999999999955403
        },
        "11": {
            "volt_mag": -618.1708120494013,
            "gic_blocker": 0.0
        },
        "9": {
            "volt_mag": 0.0,
            "gic_blocker": 0.0
        },
        "14": {
            "volt_mag": 450.8286430742114,
            "gic_blocker": 0.0
        },
        "3": {
            "volt_mag": -1.1175245271398397e-5,
            "gic_blocker": 0.0
        },
        "7": {
            "volt_mag": 0.0,
            "gic_blocker": 0.0
        },
        "25": {
            "volt_mag": 0.0,
            "gic_blocker": 0.0
        },
        "4": {
            "volt_mag": -618.1720596579511,
            "gic_blocker": 1.00000000956592
        },
        "13": {
            "volt_mag": -484.4316107955774,
            "gic_blocker": 0.0
        },
        "15": {
            "volt_mag": 0.0,
            "gic_blocker": 0.0
        },
        "2": {
            "volt_mag": -413.19344374197146,
            "gic_blocker": 1.0000000008138605
        },
        "10": {
            "volt_mag": -1017.3528277714856,
            "gic_blocker": 0.0
        },
        "18": {
            "volt_mag": 1266.8236563703597,
            "gic_blocker": 0.0
        },
        "21": {
            "volt_mag": 0.013176124922723924,
            "gic_blocker": 0.0
        },
        "26": {
            "volt_mag": -484.4306318421622,
            "gic_blocker": 0.0
        },
        "27": {
            "volt_mag": -484.3555621174455,
            "gic_blocker": 0.0
        }
    },
    "bus": {
        "5": {
            "qd": 4.2,
            "pd": 10.2
        },
        "16": {
            "qd": 2.3,
            "pd": 5.75
        },
        "20": {
            "qd": 0.0,
            "pd": 0.0
        },
        "12": {
            "qd": 0.0,
            "pd": 0.0
        },
        "8": {
            "qd": 0.0,
            "pd": 0.0
        },
        "17": {
            "qd": 0.0,
            "pd": 0.0
        },
        "1": {
            "qd": 0.0,
            "pd": 0.0
        },
        "19": {
            "qd": 0.0,
            "pd": 0.0
        },
        "6": {
            "qd": 1.275,
            "pd": 2.8499999999999996
        },
        "11": {
            "qd": 0.0,
            "pd": 0.0
        },
        "14": {
            "qd": 0.0,
            "pd": 0.0
        },
        "3": {
            "qd": 0.0,
            "pd": 0.0
        },
        "7": {
            "qd": 0.0,
            "pd": 0.0
        },
        "4": {
            "qd": 6.300000000000001,
            "pd": 13.5
        },
        "13": {
            "qd": 0.0,
            "pd": 0.0
        },
        "15": {
            "qd": 5.0,
            "pd": 12.600000000000001
        },
        "2": {
            "qd": 0.0,
            "pd": 0.0
        },
        "21": {
            "qd": 0.0,
            "pd": 0.0
        },
        "18": {
            "qd": 0.0,
            "pd": 0.0
        }
    }
}
