{
    "gmd_bus": {
        "5": {
            "volt_mag": -108.16883393680011,
            "gic_blocker": -6.447591315474557e-9
        },
        "16": {
            "volt_mag": 0.0,
            "gic_blocker": 0.0
        },
        "20": {
            "volt_mag": 0.0,
            "gic_blocker": 0.0
        },
        "12": {
            "volt_mag": -343.57931279052,
            "gic_blocker": 0.0
        },
        "24": {
            "volt_mag": 0.0,
            "gic_blocker": 0.0
        },
        "8": {
            "volt_mag": 1020.4308088943847,
            "gic_blocker": 1.0
        },
        "17": {
            "volt_mag": 476.3415239360191,
            "gic_blocker": 0.0
        },
        "1": {
            "volt_mag": 0.0,
            "gic_blocker": 0.0
        },
        "19": {
            "volt_mag": 0.0,
            "gic_blocker": 0.0
        },
        "22": {
            "volt_mag": 88.57357231747352,
            "gic_blocker": 0.0
        },
        "23": {
            "volt_mag": -46.3599596822642,
            "gic_blocker": 0.0
        },
        "6": {
            "volt_mag": 163.54863620781765,
            "gic_blocker": -8.316519665188855e-9
        },
        "11": {
            "volt_mag": -340.9114967129569,
            "gic_blocker": 0.0
        },
        "9": {
            "volt_mag": 0.0,
            "gic_blocker": 0.0
        },
        "14": {
            "volt_mag": 204.43579559981094,
            "gic_blocker": 0.0
        },
        "3": {
            "volt_mag": 88.57357214550764,
            "gic_blocker": 0.9999999417549028
        },
        "7": {
            "volt_mag": 0.0,
            "gic_blocker": 0.0
        },
        "25": {
            "volt_mag": 0.0,
            "gic_blocker": 0.0
        },
        "4": {
            "volt_mag": -339.8290194840704,
            "gic_blocker": -5.655217479520897e-9
        },
        "13": {
            "volt_mag": -113.94832242144025,
            "gic_blocker": 0.0
        },
        "15": {
            "volt_mag": 0.0,
            "gic_blocker": 1.0
        },
        "2": {
            "volt_mag": -42.79380915581821,
            "gic_blocker": 5.63289027341814e-8
        },
        "10": {
            "volt_mag": -695.38220995603,
            "gic_blocker": 0.0
        },
        "18": {
            "volt_mag": 1020.4308088943847,
            "gic_blocker": 0.0
        },
        "21": {
            "volt_mag": 84.68084556823993,
            "gic_blocker": 0.0
        },
        "26": {
            "volt_mag": -110.31648445653192,
            "gic_blocker": 0.0
        },
        "27": {
            "volt_mag": -730.7484095924506,
            "gic_blocker": 1.0
        }
    },
    "bus": {
        "5": {
            "qd": 3.5,
            "pd": 12.600000000000001
        },
        "16": {
            "qd": 1.6,
            "pd": 4.5
        },
        "20": {
            "qd": 0.0,
            "pd": 0.0
        },
        "12": {
            "qd": 0.0,
            "pd": 0.0
        },
        "8": {
            "qd": 0.0,
            "pd": 0.0
        },
        "17": {
            "qd": 0.0,
            "pd": 0.0
        },
        "1": {
            "qd": 0.0,
            "pd": 0.0
        },
        "19": {
            "qd": 0.0,
            "pd": 0.0
        },
        "6": {
            "qd": 1.5750000000000002,
            "pd": 2.55
        },
        "11": {
            "qd": 0.0,
            "pd": 0.0
        },
        "14": {
            "qd": 0.0,
            "pd": 0.0
        },
        "3": {
            "qd": 0.0,
            "pd": 0.0
        },
        "7": {
            "qd": 0.0,
            "pd": 0.0
        },
        "4": {
            "qd": 6.300000000000001,
            "pd": 17.25
        },
        "13": {
            "qd": 0.0,
            "pd": 0.0
        },
        "15": {
            "qd": 5.5,
            "pd": 10.8
        },
        "2": {
            "qd": 0.0,
            "pd": 0.0
        },
        "21": {
            "qd": 0.0,
            "pd": 0.0
        },
        "18": {
            "qd": 0.0,
            "pd": 0.0
        }
    }
}
