{
    "gmd_bus": {
        "5": {
            "volt_mag": -484.4312193226104,
            "gic_blocker": 1.000000009961528
        },
        "16": {
            "volt_mag": 0.0,
            "gic_blocker": 0.0
        },
        "20": {
            "volt_mag": 0.0,
            "gic_blocker": 0.0
        },
        "12": {
            "volt_mag": -618.1807926379349,
            "gic_blocker": 0.0
        },
        "24": {
            "volt_mag": 0.0,
            "gic_blocker": 0.0
        },
        "8": {
            "volt_mag": 1266.823656405967,
            "gic_blocker": 0.9999999999989352
        },
        "17": {
            "volt_mag": 722.7343714582809,
            "gic_blocker": 0.0
        },
        "1": {
            "volt_mag": 0.0,
            "gic_blocker": 0.0
        },
        "19": {
            "volt_mag": 0.0,
            "gic_blocker": 0.0
        },
        "22": {
            "volt_mag": -1.1502958773129036e-5,
            "gic_blocker": 0.0
        },
        "23": {
            "volt_mag": -413.193443494959,
            "gic_blocker": 0.0
        },
        "6": {
            "volt_mag": 450.8286431276955,
            "gic_blocker": 0.9999999999920393
        },
        "11": {
            "volt_mag": -618.170811965872,
            "gic_blocker": 0.0
        },
        "9": {
            "volt_mag": 0.0,
            "gic_blocker": 0.0
        },
        "14": {
            "volt_mag": 450.8286431285927,
            "gic_blocker": 0.0
        },
        "3": {
            "volt_mag": -1.1131895595876403e-5,
            "gic_blocker": 0.0
        },
        "7": {
            "volt_mag": 0.0,
            "gic_blocker": 0.0
        },
        "25": {
            "volt_mag": 0.0,
            "gic_blocker": 0.0
        },
        "4": {
            "volt_mag": -618.1720595744337,
            "gic_blocker": 1.0000000095437152
        },
        "13": {
            "volt_mag": -484.43161071114696,
            "gic_blocker": 0.0
        },
        "15": {
            "volt_mag": 0.0,
            "gic_blocker": 0.0
        },
        "2": {
            "volt_mag": -413.19344351918716,
            "gic_blocker": 1.0000000007036334
        },
        "10": {
            "volt_mag": -1017.3528276203411,
            "gic_blocker": 0.0
        },
        "18": {
            "volt_mag": 1266.823656406192,
            "gic_blocker": 0.0
        },
        "21": {
            "volt_mag": 0.013176170467242433,
            "gic_blocker": 0.0
        },
        "26": {
            "volt_mag": -484.4306317572232,
            "gic_blocker": 0.0
        },
        "27": {
            "volt_mag": -484.3555620701888,
            "gic_blocker": 0.0
        }
    },
    "bus": {
        "5": {
            "qd": 4.0249999999999995,
            "pd": 11.399999999999999
        },
        "16": {
            "qd": 2.3,
            "pd": 4.0
        },
        "20": {
            "qd": 0.0,
            "pd": 0.0
        },
        "12": {
            "qd": 0.0,
            "pd": 0.0
        },
        "8": {
            "qd": 0.0,
            "pd": 0.0
        },
        "17": {
            "qd": 0.0,
            "pd": 0.0
        },
        "1": {
            "qd": 0.0,
            "pd": 0.0
        },
        "19": {
            "qd": 0.0,
            "pd": 0.0
        },
        "6": {
            "qd": 1.5,
            "pd": 2.55
        },
        "11": {
            "qd": 0.0,
            "pd": 0.0
        },
        "14": {
            "qd": 0.0,
            "pd": 0.0
        },
        "3": {
            "qd": 0.0,
            "pd": 0.0
        },
        "7": {
            "qd": 0.0,
            "pd": 0.0
        },
        "4": {
            "qd": 7.199999999999999,
            "pd": 17.25
        },
        "13": {
            "qd": 0.0,
            "pd": 0.0
        },
        "15": {
            "qd": 4.75,
            "pd": 9.600000000000001
        },
        "2": {
            "qd": 0.0,
            "pd": 0.0
        },
        "21": {
            "qd": 0.0,
            "pd": 0.0
        },
        "18": {
            "qd": 0.0,
            "pd": 0.0
        }
    }
}
