{
    "gmd_bus": {
        "5": {
            "volt_mag": -108.1688334767538,
            "gic_blocker": -6.090107006567229e-9
        },
        "16": {
            "volt_mag": 0.0,
            "gic_blocker": 0.0
        },
        "20": {
            "volt_mag": 0.0,
            "gic_blocker": 0.0
        },
        "12": {
            "volt_mag": -343.57931153742857,
            "gic_blocker": 1.0
        },
        "24": {
            "volt_mag": 0.0,
            "gic_blocker": 0.0
        },
        "8": {
            "volt_mag": 1020.4308096285857,
            "gic_blocker": 1.0
        },
        "17": {
            "volt_mag": 476.34152467022017,
            "gic_blocker": 0.0
        },
        "1": {
            "volt_mag": 0.0,
            "gic_blocker": 1.0
        },
        "19": {
            "volt_mag": 0.0,
            "gic_blocker": 1.0
        },
        "22": {
            "volt_mag": 88.5735758759745,
            "gic_blocker": 1.0
        },
        "23": {
            "volt_mag": -46.35995812472105,
            "gic_blocker": 0.0
        },
        "6": {
            "volt_mag": 163.54863679999465,
            "gic_blocker": -8.16928268459109e-9
        },
        "11": {
            "volt_mag": -340.9114954669837,
            "gic_blocker": 0.0
        },
        "9": {
            "volt_mag": 0.0,
            "gic_blocker": 1.0
        },
        "14": {
            "volt_mag": 204.43579633401208,
            "gic_blocker": 0.0
        },
        "3": {
            "volt_mag": 88.57357578759597,
            "gic_blocker": 0.9999999700660605
        },
        "7": {
            "volt_mag": 0.0,
            "gic_blocker": 1.0
        },
        "25": {
            "volt_mag": 0.0,
            "gic_blocker": 1.0
        },
        "4": {
            "volt_mag": -339.8290182421196,
            "gic_blocker": -5.840679126883469e-9
        },
        "13": {
            "volt_mag": -113.94832194640807,
            "gic_blocker": 5.830134838170181e-8
        },
        "15": {
            "volt_mag": 0.0,
            "gic_blocker": 0.0
        },
        "2": {
            "volt_mag": -42.79380760979272,
            "gic_blocker": 2.3431306125737728e-8
        },
        "10": {
            "volt_mag": -695.3822085545355,
            "gic_blocker": 1.0
        },
        "18": {
            "volt_mag": 1020.4308096285857,
            "gic_blocker": 0.0
        },
        "21": {
            "volt_mag": 84.68084903699194,
            "gic_blocker": 0.0
        },
        "26": {
            "volt_mag": -110.31648396909294,
            "gic_blocker": 0.0
        },
        "27": {
            "volt_mag": -730.7484088582496,
            "gic_blocker": 0.0
        }
    },
    "bus": {
        "5": {
            "qd": 4.0249999999999995,
            "pd": 12.0
        },
        "16": {
            "qd": 1.8,
            "pd": 4.5
        },
        "20": {
            "qd": 0.0,
            "pd": 0.0
        },
        "12": {
            "qd": 0.0,
            "pd": 0.0
        },
        "8": {
            "qd": 0.0,
            "pd": 0.0
        },
        "17": {
            "qd": 0.0,
            "pd": 0.0
        },
        "1": {
            "qd": 0.0,
            "pd": 0.0
        },
        "19": {
            "qd": 0.0,
            "pd": 0.0
        },
        "6": {
            "qd": 1.4249999999999998,
            "pd": 2.4000000000000004
        },
        "11": {
            "qd": 0.0,
            "pd": 0.0
        },
        "14": {
            "qd": 0.0,
            "pd": 0.0
        },
        "3": {
            "qd": 0.0,
            "pd": 0.0
        },
        "7": {
            "qd": 0.0,
            "pd": 0.0
        },
        "4": {
            "qd": 6.8999999999999995,
            "pd": 17.25
        },
        "13": {
            "qd": 0.0,
            "pd": 0.0
        },
        "15": {
            "qd": 4.5,
            "pd": 13.200000000000001
        },
        "2": {
            "qd": 0.0,
            "pd": 0.0
        },
        "21": {
            "qd": 0.0,
            "pd": 0.0
        },
        "18": {
            "qd": 0.0,
            "pd": 0.0
        }
    }
}
