{
    "gmd_bus": {
        "5": {
            "volt_mag": -119.97836066854775,
            "gic_blocker": 0.0
        },
        "16": {
            "volt_mag": 0.0,
            "gic_blocker": 0.0
        },
        "20": {
            "volt_mag": 0.0,
            "gic_blocker": 0.0
        },
        "12": {
            "volt_mag": -369.92385156446386,
            "gic_blocker": 0.0
        },
        "24": {
            "volt_mag": 0.0,
            "gic_blocker": 0.0
        },
        "8": {
            "volt_mag": 1011.7584091879817,
            "gic_blocker": 1.0
        },
        "17": {
            "volt_mag": 467.66912422961616,
            "gic_blocker": 0.0
        },
        "1": {
            "volt_mag": 0.0,
            "gic_blocker": 0.0
        },
        "19": {
            "volt_mag": 0.0,
            "gic_blocker": 0.0
        },
        "22": {
            "volt_mag": 52.57534387988118,
            "gic_blocker": 0.0
        },
        "23": {
            "volt_mag": -215.45882529445885,
            "gic_blocker": 0.0
        },
        "6": {
            "volt_mag": 156.61071671472644,
            "gic_blocker": 0.0
        },
        "11": {
            "volt_mag": -367.55363383801,
            "gic_blocker": 0.0
        },
        "9": {
            "volt_mag": 0.0,
            "gic_blocker": 0.0
        },
        "14": {
            "volt_mag": 195.76339589340807,
            "gic_blocker": 0.0
        },
        "3": {
            "volt_mag": 52.57534387745814,
            "gic_blocker": 0.9999999986173862
        },
        "7": {
            "volt_mag": 0.0,
            "gic_blocker": 0.0
        },
        "25": {
            "volt_mag": 0.0,
            "gic_blocker": 0.0
        },
        "4": {
            "volt_mag": -366.32356290375645,
            "gic_blocker": 5.6739800128701605e-9
        },
        "13": {
            "volt_mag": -125.97891470559559,
            "gic_blocker": 0.0
        },
        "15": {
            "volt_mag": 0.0,
            "gic_blocker": 0.0
        },
        "2": {
            "volt_mag": -215.45882529445885,
            "gic_blocker": 1.0
        },
        "10": {
            "volt_mag": -793.1321895577444,
            "gic_blocker": 0.0
        },
        "18": {
            "volt_mag": 1011.7584091879817,
            "gic_blocker": 0.0
        },
        "21": {
            "volt_mag": 49.36540780826667,
            "gic_blocker": 0.0
        },
        "26": {
            "volt_mag": -122.97536545481,
            "gic_blocker": 0.0
        },
        "27": {
            "volt_mag": -739.4208092988537,
            "gic_blocker": 0.0
        }
    },
    "bus": {
        "5": {
            "qd": 3.8500000000000005,
            "pd": 12.0
        },
        "16": {
            "qd": 2.3,
            "pd": 6.0
        },
        "20": {
            "qd": 0.0,
            "pd": 0.0
        },
        "12": {
            "qd": 0.0,
            "pd": 0.0
        },
        "8": {
            "qd": 0.0,
            "pd": 0.0
        },
        "17": {
            "qd": 0.0,
            "pd": 0.0
        },
        "1": {
            "qd": 0.0,
            "pd": 0.0
        },
        "19": {
            "qd": 0.0,
            "pd": 0.0
        },
        "6": {
            "qd": 1.7999999999999998,
            "pd": 3.4499999999999997
        },
        "11": {
            "qd": 0.0,
            "pd": 0.0
        },
        "14": {
            "qd": 0.0,
            "pd": 0.0
        },
        "3": {
            "qd": 0.0,
            "pd": 0.0
        },
        "7": {
            "qd": 0.0,
            "pd": 0.0
        },
        "4": {
            "qd": 6.300000000000001,
            "pd": 17.25
        },
        "13": {
            "qd": 0.0,
            "pd": 0.0
        },
        "15": {
            "qd": 5.25,
            "pd": 11.399999999999999
        },
        "2": {
            "qd": 0.0,
            "pd": 0.0
        },
        "21": {
            "qd": 0.0,
            "pd": 0.0
        },
        "18": {
            "qd": 0.0,
            "pd": 0.0
        }
    }
}
