{
    "gmd_bus": {
        "5": {
            "volt_mag": -484.4312194409268,
            "gic_blocker": 1.0000000099638036
        },
        "16": {
            "volt_mag": 0.0,
            "gic_blocker": 0.0
        },
        "20": {
            "volt_mag": 0.0,
            "gic_blocker": 0.0
        },
        "12": {
            "volt_mag": -618.1807927542599,
            "gic_blocker": 0.0
        },
        "24": {
            "volt_mag": 0.0,
            "gic_blocker": 0.0
        },
        "8": {
            "volt_mag": 1266.8236563593548,
            "gic_blocker": 1.0000000000006934
        },
        "17": {
            "volt_mag": 722.7343713940345,
            "gic_blocker": 0.0
        },
        "1": {
            "volt_mag": 0.0,
            "gic_blocker": 0.0
        },
        "19": {
            "volt_mag": 0.0,
            "gic_blocker": 0.0
        },
        "22": {
            "volt_mag": -1.1565036437960629e-5,
            "gic_blocker": 0.0
        },
        "23": {
            "volt_mag": -413.1934437953569,
            "gic_blocker": 0.0
        },
        "6": {
            "volt_mag": 450.8286430532632,
            "gic_blocker": 0.9999999999971871
        },
        "11": {
            "volt_mag": -618.1708120829885,
            "gic_blocker": 0.0
        },
        "9": {
            "volt_mag": 0.0,
            "gic_blocker": 0.0
        },
        "14": {
            "volt_mag": 450.8286430535802,
            "gic_blocker": 0.0
        },
        "3": {
            "volt_mag": -1.1191970755439295e-5,
            "gic_blocker": 0.0
        },
        "7": {
            "volt_mag": 0.0,
            "gic_blocker": 0.0
        },
        "25": {
            "volt_mag": 0.0,
            "gic_blocker": 0.0
        },
        "4": {
            "volt_mag": -618.1720596915549,
            "gic_blocker": 1.0000000095839547
        },
        "13": {
            "volt_mag": -484.43161082914594,
            "gic_blocker": 0.0
        },
        "15": {
            "volt_mag": 0.0,
            "gic_blocker": 0.0
        },
        "2": {
            "volt_mag": -413.1934438247511,
            "gic_blocker": 1.0000000008536643
        },
        "10": {
            "volt_mag": -1017.3528278289433,
            "gic_blocker": 0.0
        },
        "18": {
            "volt_mag": 1266.8236563592084,
            "gic_blocker": 0.0
        },
        "21": {
            "volt_mag": 0.013176107337790427,
            "gic_blocker": 0.0
        },
        "26": {
            "volt_mag": -484.43063187590565,
            "gic_blocker": 0.0
        },
        "27": {
            "volt_mag": -484.3555621344353,
            "gic_blocker": 0.0
        }
    },
    "bus": {
        "5": {
            "qd": 3.8500000000000005,
            "pd": 12.600000000000001
        },
        "16": {
            "qd": 2.0,
            "pd": 6.0
        },
        "20": {
            "qd": 0.0,
            "pd": 0.0
        },
        "12": {
            "qd": 0.0,
            "pd": 0.0
        },
        "8": {
            "qd": 0.0,
            "pd": 0.0
        },
        "17": {
            "qd": 0.0,
            "pd": 0.0
        },
        "1": {
            "qd": 0.0,
            "pd": 0.0
        },
        "19": {
            "qd": 0.0,
            "pd": 0.0
        },
        "6": {
            "qd": 1.5,
            "pd": 2.7
        },
        "11": {
            "qd": 0.0,
            "pd": 0.0
        },
        "14": {
            "qd": 0.0,
            "pd": 0.0
        },
        "3": {
            "qd": 0.0,
            "pd": 0.0
        },
        "7": {
            "qd": 0.0,
            "pd": 0.0
        },
        "4": {
            "qd": 5.4,
            "pd": 12.0
        },
        "13": {
            "qd": 0.0,
            "pd": 0.0
        },
        "15": {
            "qd": 5.75,
            "pd": 9.600000000000001
        },
        "2": {
            "qd": 0.0,
            "pd": 0.0
        },
        "21": {
            "qd": 0.0,
            "pd": 0.0
        },
        "18": {
            "qd": 0.0,
            "pd": 0.0
        }
    }
}
