{
    "gmd_bus": {
        "5": {
            "volt_mag": -501.4701512147381,
            "gic_blocker": 1.000000009965259
        },
        "16": {
            "volt_mag": 0.0,
            "gic_blocker": 0.0
        },
        "20": {
            "volt_mag": 0.0,
            "gic_blocker": 0.0
        },
        "12": {
            "volt_mag": -635.2197242724432,
            "gic_blocker": 0.0
        },
        "24": {
            "volt_mag": 0.0,
            "gic_blocker": 0.0
        },
        "8": {
            "volt_mag": 1249.7847249403617,
            "gic_blocker": 0.9999999999977084
        },
        "17": {
            "volt_mag": 705.69544000467,
            "gic_blocker": 0.0
        },
        "1": {
            "volt_mag": 0.0,
            "gic_blocker": 0.0
        },
        "19": {
            "volt_mag": 0.0,
            "gic_blocker": 0.0
        },
        "22": {
            "volt_mag": -17.03894264879024,
            "gic_blocker": 0.0
        },
        "23": {
            "volt_mag": -430.23237518216206,
            "gic_blocker": 0.0
        },
        "6": {
            "volt_mag": 433.7897116811286,
            "gic_blocker": 0.999999999989153
        },
        "11": {
            "volt_mag": -635.2097436018144,
            "gic_blocker": 0.0
        },
        "9": {
            "volt_mag": 0.0,
            "gic_blocker": 0.0
        },
        "14": {
            "volt_mag": 433.7897116823048,
            "gic_blocker": 0.0
        },
        "3": {
            "volt_mag": -17.038942263004323,
            "gic_blocker": 0.9999993207572686
        },
        "7": {
            "volt_mag": 0.0,
            "gic_blocker": 0.0
        },
        "25": {
            "volt_mag": 0.0,
            "gic_blocker": 0.0
        },
        "4": {
            "volt_mag": -635.210991210955,
            "gic_blocker": 1.0000000095741524
        },
        "13": {
            "volt_mag": -501.47054259606375,
            "gic_blocker": 0.0
        },
        "15": {
            "volt_mag": 0.0,
            "gic_blocker": 0.0
        },
        "2": {
            "volt_mag": -430.2323752111252,
            "gic_blocker": 1.000000000807834
        },
        "10": {
            "volt_mag": -1034.3917592818705,
            "gic_blocker": 0.0
        },
        "18": {
            "volt_mag": 1249.7847249408392,
            "gic_blocker": 0.0
        },
        "21": {
            "volt_mag": -17.025754988482028,
            "gic_blocker": 0.0
        },
        "26": {
            "volt_mag": -501.46956364300706,
            "gic_blocker": 0.0
        },
        "27": {
            "volt_mag": -501.39449352379955,
            "gic_blocker": 0.0
        }
    },
    "bus": {
        "5": {
            "qd": 4.0249999999999995,
            "pd": 14.399999999999999
        },
        "16": {
            "qd": 2.2,
            "pd": 5.25
        },
        "20": {
            "qd": 0.0,
            "pd": 0.0
        },
        "12": {
            "qd": 0.0,
            "pd": 0.0
        },
        "8": {
            "qd": 0.0,
            "pd": 0.0
        },
        "17": {
            "qd": 0.0,
            "pd": 0.0
        },
        "1": {
            "qd": 0.0,
            "pd": 0.0
        },
        "19": {
            "qd": 0.0,
            "pd": 0.0
        },
        "6": {
            "qd": 1.7999999999999998,
            "pd": 2.55
        },
        "11": {
            "qd": 0.0,
            "pd": 0.0
        },
        "14": {
            "qd": 0.0,
            "pd": 0.0
        },
        "3": {
            "qd": 0.0,
            "pd": 0.0
        },
        "7": {
            "qd": 0.0,
            "pd": 0.0
        },
        "4": {
            "qd": 6.6000000000000005,
            "pd": 12.0
        },
        "13": {
            "qd": 0.0,
            "pd": 0.0
        },
        "15": {
            "qd": 4.75,
            "pd": 10.8
        },
        "2": {
            "qd": 0.0,
            "pd": 0.0
        },
        "21": {
            "qd": 0.0,
            "pd": 0.0
        },
        "18": {
            "qd": 0.0,
            "pd": 0.0
        }
    }
}
