{
    "gmd_bus": {
        "5": {
            "volt_mag": -484.4312194078442,
            "gic_blocker": 1.0000000099640904
        },
        "16": {
            "volt_mag": 0.0,
            "gic_blocker": 0.0
        },
        "20": {
            "volt_mag": 0.0,
            "gic_blocker": 0.0
        },
        "12": {
            "volt_mag": -618.1807927218173,
            "gic_blocker": 0.0
        },
        "24": {
            "volt_mag": 0.0,
            "gic_blocker": 0.0
        },
        "8": {
            "volt_mag": 1266.8236563469418,
            "gic_blocker": 0.9999999999990717
        },
        "17": {
            "volt_mag": 722.7343713978861,
            "gic_blocker": 0.0
        },
        "1": {
            "volt_mag": 0.0,
            "gic_blocker": 0.0
        },
        "19": {
            "volt_mag": 0.0,
            "gic_blocker": 0.0
        },
        "22": {
            "volt_mag": -1.1547361308271663e-5,
            "gic_blocker": 0.0
        },
        "23": {
            "volt_mag": -413.1934436843771,
            "gic_blocker": 0.0
        },
        "6": {
            "volt_mag": 450.8286430665692,
            "gic_blocker": 0.9999999999929665
        },
        "11": {
            "volt_mag": -618.1708120502848,
            "gic_blocker": 0.0
        },
        "9": {
            "volt_mag": 0.0,
            "gic_blocker": 0.0
        },
        "14": {
            "volt_mag": 450.8286430673619,
            "gic_blocker": 0.0
        },
        "3": {
            "volt_mag": -1.1174865791210374e-5,
            "gic_blocker": 0.0
        },
        "7": {
            "volt_mag": 0.0,
            "gic_blocker": 0.0
        },
        "25": {
            "volt_mag": 0.0,
            "gic_blocker": 0.0
        },
        "4": {
            "volt_mag": -618.1720596588858,
            "gic_blocker": 1.0000000095847168
        },
        "13": {
            "volt_mag": -484.43161079620074,
            "gic_blocker": 0.0
        },
        "15": {
            "volt_mag": 0.0,
            "gic_blocker": 0.0
        },
        "2": {
            "volt_mag": -413.1934437116553,
            "gic_blocker": 1.0000000007922125
        },
        "10": {
            "volt_mag": -1017.3528277571678,
            "gic_blocker": 0.0
        },
        "18": {
            "volt_mag": 1266.823656347138,
            "gic_blocker": 0.0
        },
        "21": {
            "volt_mag": 0.01317612515238925,
            "gic_blocker": 0.0
        },
        "26": {
            "volt_mag": -484.430631842603,
            "gic_blocker": 0.0
        },
        "27": {
            "volt_mag": -484.35556213058356,
            "gic_blocker": 0.0
        }
    },
    "bus": {
        "5": {
            "qd": 3.8500000000000005,
            "pd": 9.600000000000001
        },
        "16": {
            "qd": 1.7,
            "pd": 5.0
        },
        "20": {
            "qd": 0.0,
            "pd": 0.0
        },
        "12": {
            "qd": 0.0,
            "pd": 0.0
        },
        "8": {
            "qd": 0.0,
            "pd": 0.0
        },
        "17": {
            "qd": 0.0,
            "pd": 0.0
        },
        "1": {
            "qd": 0.0,
            "pd": 0.0
        },
        "19": {
            "qd": 0.0,
            "pd": 0.0
        },
        "6": {
            "qd": 1.7249999999999999,
            "pd": 2.55
        },
        "11": {
            "qd": 0.0,
            "pd": 0.0
        },
        "14": {
            "qd": 0.0,
            "pd": 0.0
        },
        "3": {
            "qd": 0.0,
            "pd": 0.0
        },
        "7": {
            "qd": 0.0,
            "pd": 0.0
        },
        "4": {
            "qd": 5.699999999999999,
            "pd": 15.0
        },
        "13": {
            "qd": 0.0,
            "pd": 0.0
        },
        "15": {
            "qd": 4.0,
            "pd": 13.799999999999999
        },
        "2": {
            "qd": 0.0,
            "pd": 0.0
        },
        "21": {
            "qd": 0.0,
            "pd": 0.0
        },
        "18": {
            "qd": 0.0,
            "pd": 0.0
        }
    }
}
