{
    "gmd_bus": {
        "5": {
            "volt_mag": -484.43121945811225,
            "gic_blocker": 1.0000000099668618
        },
        "16": {
            "volt_mag": 0.0,
            "gic_blocker": 0.0
        },
        "20": {
            "volt_mag": 0.0,
            "gic_blocker": 0.0
        },
        "12": {
            "volt_mag": -618.1807927698943,
            "gic_blocker": 0.0
        },
        "24": {
            "volt_mag": 0.0,
            "gic_blocker": 0.0
        },
        "8": {
            "volt_mag": 1266.8236563213736,
            "gic_blocker": 0.9999999999994924
        },
        "17": {
            "volt_mag": 722.7343713680981,
            "gic_blocker": 0.0
        },
        "1": {
            "volt_mag": 0.0,
            "gic_blocker": 0.0
        },
        "19": {
            "volt_mag": 0.0,
            "gic_blocker": 0.0
        },
        "22": {
            "volt_mag": -1.1572818767372398e-5,
            "gic_blocker": 0.0
        },
        "23": {
            "volt_mag": -413.19344379982715,
            "gic_blocker": 0.0
        },
        "6": {
            "volt_mag": 450.82864303444114,
            "gic_blocker": 0.9999999999950618
        },
        "11": {
            "volt_mag": -618.1708120986572,
            "gic_blocker": 0.0
        },
        "9": {
            "volt_mag": 0.0,
            "gic_blocker": 0.0
        },
        "14": {
            "volt_mag": 450.82864303499775,
            "gic_blocker": 0.0
        },
        "3": {
            "volt_mag": -1.1199502041972887e-5,
            "gic_blocker": 0.0
        },
        "7": {
            "volt_mag": 0.0,
            "gic_blocker": 0.0
        },
        "25": {
            "volt_mag": 0.0,
            "gic_blocker": 0.0
        },
        "4": {
            "volt_mag": -618.1720597072627,
            "gic_blocker": 1.0000000096007684
        },
        "13": {
            "volt_mag": -484.4316108463148,
            "gic_blocker": 0.0
        },
        "15": {
            "volt_mag": 0.0,
            "gic_blocker": 0.0
        },
        "2": {
            "volt_mag": -413.1934438290155,
            "gic_blocker": 1.0000000008476868
        },
        "10": {
            "volt_mag": -1017.3528278390222,
            "gic_blocker": 0.0
        },
        "18": {
            "volt_mag": 1266.8236563214807,
            "gic_blocker": 0.0
        },
        "21": {
            "volt_mag": 0.013176099226394013,
            "gic_blocker": 0.0
        },
        "26": {
            "volt_mag": -484.4306318929678,
            "gic_blocker": 0.0
        },
        "27": {
            "volt_mag": -484.3555621603716,
            "gic_blocker": 0.0
        }
    },
    "bus": {
        "5": {
            "qd": 3.5,
            "pd": 13.200000000000001
        },
        "16": {
            "qd": 1.6,
            "pd": 6.0
        },
        "20": {
            "qd": 0.0,
            "pd": 0.0
        },
        "12": {
            "qd": 0.0,
            "pd": 0.0
        },
        "8": {
            "qd": 0.0,
            "pd": 0.0
        },
        "17": {
            "qd": 0.0,
            "pd": 0.0
        },
        "1": {
            "qd": 0.0,
            "pd": 0.0
        },
        "19": {
            "qd": 0.0,
            "pd": 0.0
        },
        "6": {
            "qd": 1.6500000000000001,
            "pd": 2.4000000000000004
        },
        "11": {
            "qd": 0.0,
            "pd": 0.0
        },
        "14": {
            "qd": 0.0,
            "pd": 0.0
        },
        "3": {
            "qd": 0.0,
            "pd": 0.0
        },
        "7": {
            "qd": 0.0,
            "pd": 0.0
        },
        "4": {
            "qd": 4.800000000000001,
            "pd": 12.75
        },
        "13": {
            "qd": 0.0,
            "pd": 0.0
        },
        "15": {
            "qd": 5.0,
            "pd": 10.8
        },
        "2": {
            "qd": 0.0,
            "pd": 0.0
        },
        "21": {
            "qd": 0.0,
            "pd": 0.0
        },
        "18": {
            "qd": 0.0,
            "pd": 0.0
        }
    }
}
