{
    "gmd_bus": {
        "5": {
            "volt_mag": -119.97837016426939,
            "gic_blocker": 0.0
        },
        "16": {
            "volt_mag": 0.0,
            "gic_blocker": 0.0
        },
        "20": {
            "volt_mag": 0.0,
            "gic_blocker": 0.0
        },
        "12": {
            "volt_mag": -369.92388295258615,
            "gic_blocker": 0.0
        },
        "24": {
            "volt_mag": 0.0,
            "gic_blocker": 0.0
        },
        "8": {
            "volt_mag": 1011.7583982069638,
            "gic_blocker": 1.0
        },
        "17": {
            "volt_mag": 467.6691132485983,
            "gic_blocker": 0.0
        },
        "1": {
            "volt_mag": 0.0,
            "gic_blocker": 0.0
        },
        "19": {
            "volt_mag": 0.0,
            "gic_blocker": 1.0
        },
        "22": {
            "volt_mag": 52.57529489989809,
            "gic_blocker": 0.0
        },
        "23": {
            "volt_mag": -215.45885810854577,
            "gic_blocker": 0.0
        },
        "6": {
            "volt_mag": 156.6107079299122,
            "gic_blocker": 0.0
        },
        "11": {
            "volt_mag": -367.553665523589,
            "gic_blocker": 0.0
        },
        "9": {
            "volt_mag": 0.0,
            "gic_blocker": 0.0
        },
        "14": {
            "volt_mag": 195.76338491239022,
            "gic_blocker": 0.0
        },
        "3": {
            "volt_mag": 52.57529396123071,
            "gic_blocker": 0.9999994643867911
        },
        "7": {
            "volt_mag": 0.0,
            "gic_blocker": 0.0
        },
        "25": {
            "volt_mag": 0.0,
            "gic_blocker": 0.0
        },
        "4": {
            "volt_mag": -366.32359472868956,
            "gic_blocker": 2.082097725139331e-7
        },
        "13": {
            "volt_mag": -125.97892457506474,
            "gic_blocker": 0.0
        },
        "15": {
            "volt_mag": 0.0,
            "gic_blocker": 0.0
        },
        "2": {
            "volt_mag": -215.45885810854577,
            "gic_blocker": 1.0
        },
        "10": {
            "volt_mag": -793.1322218066226,
            "gic_blocker": 0.0
        },
        "18": {
            "volt_mag": 1011.7583982069638,
            "gic_blocker": 0.0
        },
        "21": {
            "volt_mag": 49.36535983888642,
            "gic_blocker": 1.0
        },
        "26": {
            "volt_mag": -122.9753753394825,
            "gic_blocker": 0.0
        },
        "27": {
            "volt_mag": -739.4208202798715,
            "gic_blocker": 1.0
        }
    },
    "bus": {
        "5": {
            "qd": 3.5,
            "pd": 12.600000000000001
        },
        "16": {
            "qd": 2.3,
            "pd": 6.0
        },
        "20": {
            "qd": 0.0,
            "pd": 0.0
        },
        "12": {
            "qd": 0.0,
            "pd": 0.0
        },
        "8": {
            "qd": 0.0,
            "pd": 0.0
        },
        "17": {
            "qd": 0.0,
            "pd": 0.0
        },
        "1": {
            "qd": 0.0,
            "pd": 0.0
        },
        "19": {
            "qd": 0.0,
            "pd": 0.0
        },
        "6": {
            "qd": 1.2000000000000002,
            "pd": 2.7
        },
        "11": {
            "qd": 0.0,
            "pd": 0.0
        },
        "14": {
            "qd": 0.0,
            "pd": 0.0
        },
        "3": {
            "qd": 0.0,
            "pd": 0.0
        },
        "7": {
            "qd": 0.0,
            "pd": 0.0
        },
        "4": {
            "qd": 6.8999999999999995,
            "pd": 14.25
        },
        "13": {
            "qd": 0.0,
            "pd": 0.0
        },
        "15": {
            "qd": 5.25,
            "pd": 12.600000000000001
        },
        "2": {
            "qd": 0.0,
            "pd": 0.0
        },
        "21": {
            "qd": 0.0,
            "pd": 0.0
        },
        "18": {
            "qd": 0.0,
            "pd": 0.0
        }
    }
}
