{
    "gmd_bus": {
        "5": {
            "volt_mag": -118.34605417274665,
            "gic_blocker": 0.0
        },
        "16": {
            "volt_mag": 0.0,
            "gic_blocker": 0.0
        },
        "20": {
            "volt_mag": 0.0,
            "gic_blocker": 0.0
        },
        "12": {
            "volt_mag": -364.75581971532836,
            "gic_blocker": 0.0
        },
        "24": {
            "volt_mag": 0.0,
            "gic_blocker": 0.0
        },
        "8": {
            "volt_mag": 69.28353546885728,
            "gic_blocker": 0.0
        },
        "17": {
            "volt_mag": 73.68890619013939,
            "gic_blocker": 0.0
        },
        "1": {
            "volt_mag": 0.0,
            "gic_blocker": 0.0
        },
        "19": {
            "volt_mag": 0.0,
            "gic_blocker": 0.0
        },
        "22": {
            "volt_mag": 51.96678177958179,
            "gic_blocker": 0.0
        },
        "23": {
            "volt_mag": -52.4021868119444,
            "gic_blocker": 0.0
        },
        "6": {
            "volt_mag": 109.32287924463705,
            "gic_blocker": 0.0
        },
        "11": {
            "volt_mag": -361.8925611542203,
            "gic_blocker": 0.0
        },
        "9": {
            "volt_mag": 0.0,
            "gic_blocker": 0.0
        },
        "14": {
            "volt_mag": 136.6535990557963,
            "gic_blocker": 0.0
        },
        "3": {
            "volt_mag": 51.966781790670545,
            "gic_blocker": 1.0000000064014494
        },
        "7": {
            "volt_mag": 0.0,
            "gic_blocker": 0.0
        },
        "25": {
            "volt_mag": 0.0,
            "gic_blocker": 0.0
        },
        "4": {
            "volt_mag": -360.7473545062197,
            "gic_blocker": -6.1747963122221216e-9
        },
        "13": {
            "volt_mag": -124.68670077034933,
            "gic_blocker": 0.0
        },
        "15": {
            "volt_mag": 0.0,
            "gic_blocker": 0.0
        },
        "2": {
            "volt_mag": -48.3712494020804,
            "gic_blocker": 0.0
        },
        "10": {
            "volt_mag": -708.9064943517486,
            "gic_blocker": 0.0
        },
        "18": {
            "volt_mag": 80.83079126486095,
            "gic_blocker": 0.0
        },
        "21": {
            "volt_mag": 47.68290856023859,
            "gic_blocker": 0.0
        },
        "26": {
            "volt_mag": -120.66968945584301,
            "gic_blocker": 0.0
        },
        "27": {
            "volt_mag": -1133.40102733833,
            "gic_blocker": 0.0
        }
    },
    "bus": {
        "5": {
            "qd": 2.975,
            "pd": 13.799999999999999
        },
        "16": {
            "qd": 1.8,
            "pd": 5.25
        },
        "20": {
            "qd": 0.0,
            "pd": 0.0
        },
        "12": {
            "qd": 0.0,
            "pd": 0.0
        },
        "8": {
            "qd": 0.0,
            "pd": 0.0
        },
        "17": {
            "qd": 0.0,
            "pd": 0.0
        },
        "1": {
            "qd": 0.0,
            "pd": 0.0
        },
        "19": {
            "qd": 0.0,
            "pd": 0.0
        },
        "6": {
            "qd": 1.275,
            "pd": 3.4499999999999997
        },
        "11": {
            "qd": 0.0,
            "pd": 0.0
        },
        "14": {
            "qd": 0.0,
            "pd": 0.0
        },
        "3": {
            "qd": 0.0,
            "pd": 0.0
        },
        "7": {
            "qd": 0.0,
            "pd": 0.0
        },
        "4": {
            "qd": 5.4,
            "pd": 13.5
        },
        "13": {
            "qd": 0.0,
            "pd": 0.0
        },
        "15": {
            "qd": 6.0,
            "pd": 13.200000000000001
        },
        "2": {
            "qd": 0.0,
            "pd": 0.0
        },
        "21": {
            "qd": 0.0,
            "pd": 0.0
        },
        "18": {
            "qd": 0.0,
            "pd": 0.0
        }
    }
}
