{
    "gmd_bus": {
        "5": {
            "volt_mag": -114.27849313486158,
            "gic_blocker": -7.0895595861660134e-9
        },
        "16": {
            "volt_mag": 0.0,
            "gic_blocker": 1.0
        },
        "20": {
            "volt_mag": 0.0,
            "gic_blocker": 0.0
        },
        "12": {
            "volt_mag": -359.7399989474368,
            "gic_blocker": 0.0
        },
        "24": {
            "volt_mag": 0.0,
            "gic_blocker": 0.0
        },
        "8": {
            "volt_mag": 1010.5049667057324,
            "gic_blocker": 1.0
        },
        "17": {
            "volt_mag": 466.41568174736693,
            "gic_blocker": 0.0
        },
        "1": {
            "volt_mag": 0.0,
            "gic_blocker": 1.0
        },
        "19": {
            "volt_mag": 0.0,
            "gic_blocker": 1.0
        },
        "22": {
            "volt_mag": 38.8245251530249,
            "gic_blocker": 0.0
        },
        "23": {
            "volt_mag": -53.16052060167075,
            "gic_blocker": 0.0
        },
        "6": {
            "volt_mag": 155.60796246786782,
            "gic_blocker": -8.38836441427675e-9
        },
        "11": {
            "volt_mag": -356.9303596099204,
            "gic_blocker": 0.0
        },
        "9": {
            "volt_mag": 0.0,
            "gic_blocker": 0.0
        },
        "14": {
            "volt_mag": 194.50995341115885,
            "gic_blocker": 0.0
        },
        "3": {
            "volt_mag": 37.57212114613065,
            "gic_blocker": 0.0
        },
        "7": {
            "volt_mag": 0.0,
            "gic_blocker": 0.0
        },
        "25": {
            "volt_mag": 0.0,
            "gic_blocker": 0.0
        },
        "4": {
            "volt_mag": -355.7990684177496,
            "gic_blocker": -6.067209586762558e-9
        },
        "13": {
            "volt_mag": -120.25015497875496,
            "gic_blocker": 0.0
        },
        "15": {
            "volt_mag": 0.0,
            "gic_blocker": 0.0
        },
        "2": {
            "volt_mag": -49.07125008530713,
            "gic_blocker": 6.925096067019971e-8
        },
        "10": {
            "volt_mag": -706.7997207660574,
            "gic_blocker": 0.0
        },
        "18": {
            "volt_mag": 1010.5049667057324,
            "gic_blocker": 0.0
        },
        "21": {
            "volt_mag": 36.213140255997,
            "gic_blocker": 0.0
        },
        "26": {
            "volt_mag": -116.74884953958878,
            "gic_blocker": 1.0
        },
        "27": {
            "volt_mag": -740.6742517811028,
            "gic_blocker": 0.0
        }
    },
    "bus": {
        "5": {
            "qd": 2.8000000000000003,
            "pd": 12.0
        },
        "16": {
            "qd": 2.2,
            "pd": 6.0
        },
        "20": {
            "qd": 0.0,
            "pd": 0.0
        },
        "12": {
            "qd": 0.0,
            "pd": 0.0
        },
        "8": {
            "qd": 0.0,
            "pd": 0.0
        },
        "17": {
            "qd": 0.0,
            "pd": 0.0
        },
        "1": {
            "qd": 0.0,
            "pd": 0.0
        },
        "19": {
            "qd": 0.0,
            "pd": 0.0
        },
        "6": {
            "qd": 1.7999999999999998,
            "pd": 2.4000000000000004
        },
        "11": {
            "qd": 0.0,
            "pd": 0.0
        },
        "14": {
            "qd": 0.0,
            "pd": 0.0
        },
        "3": {
            "qd": 0.0,
            "pd": 0.0
        },
        "7": {
            "qd": 0.0,
            "pd": 0.0
        },
        "4": {
            "qd": 5.699999999999999,
            "pd": 17.25
        },
        "13": {
            "qd": 0.0,
            "pd": 0.0
        },
        "15": {
            "qd": 5.5,
            "pd": 10.8
        },
        "2": {
            "qd": 0.0,
            "pd": 0.0
        },
        "21": {
            "qd": 0.0,
            "pd": 0.0
        },
        "18": {
            "qd": 0.0,
            "pd": 0.0
        }
    }
}
