{
    "gmd_bus": {
        "5": {
            "volt_mag": -108.16883428890964,
            "gic_blocker": -6.087733904103164e-9
        },
        "16": {
            "volt_mag": 0.0,
            "gic_blocker": 1.0
        },
        "20": {
            "volt_mag": 0.0,
            "gic_blocker": 0.0
        },
        "12": {
            "volt_mag": -343.57931361449266,
            "gic_blocker": 1.0
        },
        "24": {
            "volt_mag": 0.0,
            "gic_blocker": 0.0
        },
        "8": {
            "volt_mag": 1020.4308084540514,
            "gic_blocker": 1.0
        },
        "17": {
            "volt_mag": 476.3415234956859,
            "gic_blocker": 1.0
        },
        "1": {
            "volt_mag": 0.0,
            "gic_blocker": 0.0
        },
        "19": {
            "volt_mag": 0.0,
            "gic_blocker": 0.0
        },
        "22": {
            "volt_mag": 88.57357008237308,
            "gic_blocker": 0.0
        },
        "23": {
            "volt_mag": -46.359961177384335,
            "gic_blocker": 0.0
        },
        "6": {
            "volt_mag": 163.54863586078247,
            "gic_blocker": -8.156586051704379e-9
        },
        "11": {
            "volt_mag": -340.9114975328578,
            "gic_blocker": 0.0
        },
        "9": {
            "volt_mag": 0.0,
            "gic_blocker": 0.0
        },
        "14": {
            "volt_mag": 204.43579515947772,
            "gic_blocker": 0.0
        },
        "3": {
            "volt_mag": 88.57356986052658,
            "gic_blocker": 0.9999999248602561
        },
        "7": {
            "volt_mag": 0.0,
            "gic_blocker": 0.0
        },
        "25": {
            "volt_mag": 0.0,
            "gic_blocker": 0.0
        },
        "4": {
            "volt_mag": -339.8290203006612,
            "gic_blocker": -5.949470929839605e-9
        },
        "13": {
            "volt_mag": -113.94832278197457,
            "gic_blocker": 0.0
        },
        "15": {
            "volt_mag": 0.0,
            "gic_blocker": 0.0
        },
        "2": {
            "volt_mag": -42.79381065590924,
            "gic_blocker": 9.277673653371592e-8
        },
        "10": {
            "volt_mag": -695.3822111129695,
            "gic_blocker": 0.0
        },
        "18": {
            "volt_mag": 1020.4308084540514,
            "gic_blocker": 0.0
        },
        "21": {
            "volt_mag": 84.68084338938206,
            "gic_blocker": 0.0
        },
        "26": {
            "volt_mag": -110.3164848273227,
            "gic_blocker": 0.0
        },
        "27": {
            "volt_mag": -730.7484100327838,
            "gic_blocker": 1.0
        }
    },
    "bus": {
        "5": {
            "qd": 3.5,
            "pd": 14.399999999999999
        },
        "16": {
            "qd": 2.3,
            "pd": 6.0
        },
        "20": {
            "qd": 0.0,
            "pd": 0.0
        },
        "12": {
            "qd": 0.0,
            "pd": 0.0
        },
        "8": {
            "qd": 0.0,
            "pd": 0.0
        },
        "17": {
            "qd": 0.0,
            "pd": 0.0
        },
        "1": {
            "qd": 0.0,
            "pd": 0.0
        },
        "19": {
            "qd": 0.0,
            "pd": 0.0
        },
        "6": {
            "qd": 1.7249999999999999,
            "pd": 2.8499999999999996
        },
        "11": {
            "qd": 0.0,
            "pd": 0.0
        },
        "14": {
            "qd": 0.0,
            "pd": 0.0
        },
        "3": {
            "qd": 0.0,
            "pd": 0.0
        },
        "7": {
            "qd": 0.0,
            "pd": 0.0
        },
        "4": {
            "qd": 5.1,
            "pd": 14.25
        },
        "13": {
            "qd": 0.0,
            "pd": 0.0
        },
        "15": {
            "qd": 6.0,
            "pd": 11.399999999999999
        },
        "2": {
            "qd": 0.0,
            "pd": 0.0
        },
        "21": {
            "qd": 0.0,
            "pd": 0.0
        },
        "18": {
            "qd": 0.0,
            "pd": 0.0
        }
    }
}
