{
    "gmd_bus": {
        "5": {
            "volt_mag": -114.27850208215203,
            "gic_blocker": 8.719177797376483e-8
        },
        "16": {
            "volt_mag": 0.0,
            "gic_blocker": 0.0
        },
        "20": {
            "volt_mag": 0.0,
            "gic_blocker": 0.0
        },
        "12": {
            "volt_mag": -359.7400095681341,
            "gic_blocker": 0.0
        },
        "24": {
            "volt_mag": 0.0,
            "gic_blocker": 0.0
        },
        "8": {
            "volt_mag": 1010.5049706135683,
            "gic_blocker": 1.0
        },
        "17": {
            "volt_mag": 466.4156856552028,
            "gic_blocker": 1.0
        },
        "1": {
            "volt_mag": 0.0,
            "gic_blocker": 0.0
        },
        "19": {
            "volt_mag": 0.0,
            "gic_blocker": 0.0
        },
        "22": {
            "volt_mag": 38.82452373308428,
            "gic_blocker": 0.0
        },
        "23": {
            "volt_mag": -53.16051956587734,
            "gic_blocker": 0.0
        },
        "6": {
            "volt_mag": 155.60796720616187,
            "gic_blocker": 4.340928432885269e-8
        },
        "11": {
            "volt_mag": -356.9303704173981,
            "gic_blocker": 0.0
        },
        "9": {
            "volt_mag": 0.0,
            "gic_blocker": 0.0
        },
        "14": {
            "volt_mag": 194.5099573189947,
            "gic_blocker": 0.0
        },
        "3": {
            "volt_mag": 37.57211977199456,
            "gic_blocker": 0.0
        },
        "7": {
            "volt_mag": 0.0,
            "gic_blocker": 0.0
        },
        "25": {
            "volt_mag": 0.0,
            "gic_blocker": 0.0
        },
        "4": {
            "volt_mag": -355.7990793382221,
            "gic_blocker": 1.1659371645572962e-7
        },
        "13": {
            "volt_mag": -120.25016386945167,
            "gic_blocker": 0.0
        },
        "15": {
            "volt_mag": 0.0,
            "gic_blocker": 0.0
        },
        "2": {
            "volt_mag": -49.07124886778773,
            "gic_blocker": 0.0
        },
        "10": {
            "volt_mag": -706.7997256619192,
            "gic_blocker": 0.0
        },
        "18": {
            "volt_mag": 1010.5049706135683,
            "gic_blocker": 0.0
        },
        "21": {
            "volt_mag": 36.213138806636145,
            "gic_blocker": 0.0
        },
        "26": {
            "volt_mag": -116.74885838906587,
            "gic_blocker": 1.0
        },
        "27": {
            "volt_mag": -740.6742478732667,
            "gic_blocker": 0.0
        }
    },
    "bus": {
        "5": {
            "qd": 3.15,
            "pd": 13.200000000000001
        },
        "16": {
            "qd": 2.3,
            "pd": 6.0
        },
        "20": {
            "qd": 0.0,
            "pd": 0.0
        },
        "12": {
            "qd": 0.0,
            "pd": 0.0
        },
        "8": {
            "qd": 0.0,
            "pd": 0.0
        },
        "17": {
            "qd": 0.0,
            "pd": 0.0
        },
        "1": {
            "qd": 0.0,
            "pd": 0.0
        },
        "19": {
            "qd": 0.0,
            "pd": 0.0
        },
        "6": {
            "qd": 1.6500000000000001,
            "pd": 3.4499999999999997
        },
        "11": {
            "qd": 0.0,
            "pd": 0.0
        },
        "14": {
            "qd": 0.0,
            "pd": 0.0
        },
        "3": {
            "qd": 0.0,
            "pd": 0.0
        },
        "7": {
            "qd": 0.0,
            "pd": 0.0
        },
        "4": {
            "qd": 5.1,
            "pd": 18.0
        },
        "13": {
            "qd": 0.0,
            "pd": 0.0
        },
        "15": {
            "qd": 5.75,
            "pd": 13.200000000000001
        },
        "2": {
            "qd": 0.0,
            "pd": 0.0
        },
        "21": {
            "qd": 0.0,
            "pd": 0.0
        },
        "18": {
            "qd": 0.0,
            "pd": 0.0
        }
    }
}
