{
    "gmd_bus": {
        "5": {
            "volt_mag": -114.27850029262616,
            "gic_blocker": 6.666650148362222e-8
        },
        "16": {
            "volt_mag": 0.0,
            "gic_blocker": 0.0
        },
        "20": {
            "volt_mag": 0.0,
            "gic_blocker": 0.0
        },
        "12": {
            "volt_mag": -359.7400082685859,
            "gic_blocker": 0.0
        },
        "24": {
            "volt_mag": 0.0,
            "gic_blocker": 0.0
        },
        "8": {
            "volt_mag": 1010.5049698586951,
            "gic_blocker": 1.0
        },
        "17": {
            "volt_mag": 466.41568490032944,
            "gic_blocker": 0.0
        },
        "1": {
            "volt_mag": 0.0,
            "gic_blocker": 0.0
        },
        "19": {
            "volt_mag": 0.0,
            "gic_blocker": 1.0
        },
        "22": {
            "volt_mag": 38.82452392711243,
            "gic_blocker": 0.0
        },
        "23": {
            "volt_mag": -53.160519328857006,
            "gic_blocker": 0.0
        },
        "6": {
            "volt_mag": 155.60796630628263,
            "gic_blocker": 3.389882881454248e-8
        },
        "11": {
            "volt_mag": -356.9303691057314,
            "gic_blocker": 0.0
        },
        "9": {
            "volt_mag": 0.0,
            "gic_blocker": 0.0
        },
        "14": {
            "volt_mag": 194.50995656412135,
            "gic_blocker": 0.0
        },
        "3": {
            "volt_mag": 37.57211995976373,
            "gic_blocker": 0.0
        },
        "7": {
            "volt_mag": 0.0,
            "gic_blocker": 0.0
        },
        "25": {
            "volt_mag": 0.0,
            "gic_blocker": 0.0
        },
        "4": {
            "volt_mag": -355.79907801860236,
            "gic_blocker": 1.0649835804190634e-7
        },
        "13": {
            "volt_mag": -120.25016210478088,
            "gic_blocker": 0.0
        },
        "15": {
            "volt_mag": 0.0,
            "gic_blocker": 1.0
        },
        "2": {
            "volt_mag": -49.07124864899974,
            "gic_blocker": 0.0
        },
        "10": {
            "volt_mag": -706.7997248866665,
            "gic_blocker": 0.0
        },
        "18": {
            "volt_mag": 1010.5049698586951,
            "gic_blocker": 0.0
        },
        "21": {
            "volt_mag": 36.213138998084474,
            "gic_blocker": 0.0
        },
        "26": {
            "volt_mag": -116.74885661786455,
            "gic_blocker": 0.0
        },
        "27": {
            "volt_mag": -740.6742486281402,
            "gic_blocker": 1.0
        }
    },
    "bus": {
        "5": {
            "qd": 3.5,
            "pd": 11.399999999999999
        },
        "16": {
            "qd": 1.8,
            "pd": 5.0
        },
        "20": {
            "qd": 0.0,
            "pd": 0.0
        },
        "12": {
            "qd": 0.0,
            "pd": 0.0
        },
        "8": {
            "qd": 0.0,
            "pd": 0.0
        },
        "17": {
            "qd": 0.0,
            "pd": 0.0
        },
        "1": {
            "qd": 0.0,
            "pd": 0.0
        },
        "19": {
            "qd": 0.0,
            "pd": 0.0
        },
        "6": {
            "qd": 1.4249999999999998,
            "pd": 2.4000000000000004
        },
        "11": {
            "qd": 0.0,
            "pd": 0.0
        },
        "14": {
            "qd": 0.0,
            "pd": 0.0
        },
        "3": {
            "qd": 0.0,
            "pd": 0.0
        },
        "7": {
            "qd": 0.0,
            "pd": 0.0
        },
        "4": {
            "qd": 5.1,
            "pd": 15.0
        },
        "13": {
            "qd": 0.0,
            "pd": 0.0
        },
        "15": {
            "qd": 5.5,
            "pd": 13.799999999999999
        },
        "2": {
            "qd": 0.0,
            "pd": 0.0
        },
        "21": {
            "qd": 0.0,
            "pd": 0.0
        },
        "18": {
            "qd": 0.0,
            "pd": 0.0
        }
    }
}
