{
    "gmd_bus": {
        "5": {
            "volt_mag": -71.23776608256892,
            "gic_blocker": 1.000000009748947
        },
        "16": {
            "volt_mag": 0.0,
            "gic_blocker": 0.0
        },
        "20": {
            "volt_mag": 0.0,
            "gic_blocker": 0.0
        },
        "12": {
            "volt_mag": -204.98734552353832,
            "gic_blocker": 0.0
        },
        "24": {
            "volt_mag": 0.0,
            "gic_blocker": 0.0
        },
        "8": {
            "volt_mag": 1680.0170996945267,
            "gic_blocker": 1.000000000005082
        },
        "17": {
            "volt_mag": 1135.927814668571,
            "gic_blocker": 0.0
        },
        "1": {
            "volt_mag": 0.0,
            "gic_blocker": 0.0
        },
        "19": {
            "volt_mag": 0.0,
            "gic_blocker": 0.0
        },
        "22": {
            "volt_mag": 413.19342517280734,
            "gic_blocker": 0.0
        },
        "23": {
            "volt_mag": 4.5179445540674497e-7,
            "gic_blocker": 0.0
        },
        "6": {
            "volt_mag": 864.0220862927235,
            "gic_blocker": 1.0000000000075273
        },
        "11": {
            "volt_mag": -204.97736483373697,
            "gic_blocker": 0.0
        },
        "9": {
            "volt_mag": 0.0,
            "gic_blocker": 0.0
        },
        "14": {
            "volt_mag": 864.0220862910976,
            "gic_blocker": 0.0
        },
        "3": {
            "volt_mag": 413.19342524392346,
            "gic_blocker": 1.0000000051633968
        },
        "7": {
            "volt_mag": 0.0,
            "gic_blocker": 0.0
        },
        "25": {
            "volt_mag": 0.0,
            "gic_blocker": 0.0
        },
        "4": {
            "volt_mag": -204.97861242738276,
            "gic_blocker": 1.000000008721355
        },
        "13": {
            "volt_mag": -71.23815763913043,
            "gic_blocker": 0.0
        },
        "15": {
            "volt_mag": 0.0,
            "gic_blocker": 0.0
        },
        "2": {
            "volt_mag": 4.170410360808731e-7,
            "gic_blocker": 0.0
        },
        "10": {
            "volt_mag": -604.159382078202,
            "gic_blocker": 0.0
        },
        "18": {
            "volt_mag": 1680.0170996931038,
            "gic_blocker": 0.0
        },
        "21": {
            "volt_mag": 413.20661312780334,
            "gic_blocker": 0.0
        },
        "26": {
            "volt_mag": -71.23717867826267,
            "gic_blocker": 0.0
        },
        "27": {
            "volt_mag": -71.16211885989848,
            "gic_blocker": 0.0
        }
    },
    "bus": {
        "5": {
            "qd": 4.0249999999999995,
            "pd": 12.0
        },
        "16": {
            "qd": 1.9,
            "pd": 5.25
        },
        "20": {
            "qd": 0.0,
            "pd": 0.0
        },
        "12": {
            "qd": 0.0,
            "pd": 0.0
        },
        "8": {
            "qd": 0.0,
            "pd": 0.0
        },
        "17": {
            "qd": 0.0,
            "pd": 0.0
        },
        "1": {
            "qd": 0.0,
            "pd": 0.0
        },
        "19": {
            "qd": 0.0,
            "pd": 0.0
        },
        "6": {
            "qd": 1.5,
            "pd": 3.4499999999999997
        },
        "11": {
            "qd": 0.0,
            "pd": 0.0
        },
        "14": {
            "qd": 0.0,
            "pd": 0.0
        },
        "3": {
            "qd": 0.0,
            "pd": 0.0
        },
        "7": {
            "qd": 0.0,
            "pd": 0.0
        },
        "4": {
            "qd": 5.1,
            "pd": 14.25
        },
        "13": {
            "qd": 0.0,
            "pd": 0.0
        },
        "15": {
            "qd": 4.75,
            "pd": 10.8
        },
        "2": {
            "qd": 0.0,
            "pd": 0.0
        },
        "21": {
            "qd": 0.0,
            "pd": 0.0
        },
        "18": {
            "qd": 0.0,
            "pd": 0.0
        }
    }
}
