{
    "gmd_bus": {
        "5": {
            "volt_mag": -484.43121942924273,
            "gic_blocker": 1.0000000099625532
        },
        "16": {
            "volt_mag": 0.0,
            "gic_blocker": 0.0
        },
        "20": {
            "volt_mag": 0.0,
            "gic_blocker": 0.0
        },
        "12": {
            "volt_mag": -618.1807927423945,
            "gic_blocker": 0.0
        },
        "24": {
            "volt_mag": 0.0,
            "gic_blocker": 0.0
        },
        "8": {
            "volt_mag": 1266.8236563520366,
            "gic_blocker": 1.0000000000000195
        },
        "17": {
            "volt_mag": 722.734371393474,
            "gic_blocker": 0.0
        },
        "1": {
            "volt_mag": 0.0,
            "gic_blocker": 0.0
        },
        "19": {
            "volt_mag": 0.0,
            "gic_blocker": 0.0
        },
        "22": {
            "volt_mag": -1.155985953420979e-5,
            "gic_blocker": 0.0
        },
        "23": {
            "volt_mag": -413.19344376903285,
            "gic_blocker": 0.0
        },
        "6": {
            "volt_mag": 450.8286430566192,
            "gic_blocker": 0.999999999995331
        },
        "11": {
            "volt_mag": -618.1708120710064,
            "gic_blocker": 0.0
        },
        "9": {
            "volt_mag": 0.0,
            "gic_blocker": 0.0
        },
        "14": {
            "volt_mag": 450.8286430571455,
            "gic_blocker": 0.0
        },
        "3": {
            "volt_mag": -1.1186960848579606e-5,
            "gic_blocker": 0.0
        },
        "7": {
            "volt_mag": 0.0,
            "gic_blocker": 0.0
        },
        "25": {
            "volt_mag": 0.0,
            "gic_blocker": 0.0
        },
        "4": {
            "volt_mag": -618.1720596795462,
            "gic_blocker": 1.0000000095680037
        },
        "13": {
            "volt_mag": -484.4316108175122,
            "gic_blocker": 0.0
        },
        "15": {
            "volt_mag": 0.0,
            "gic_blocker": 0.0
        },
        "2": {
            "volt_mag": -413.1934437979931,
            "gic_blocker": 1.0000000008410617
        },
        "10": {
            "volt_mag": -1017.3528278098023,
            "gic_blocker": 0.0
        },
        "18": {
            "volt_mag": 1266.8236563520325,
            "gic_blocker": 0.0
        },
        "21": {
            "volt_mag": 0.013176112580868732,
            "gic_blocker": 0.0
        },
        "26": {
            "volt_mag": -484.43063186420665,
            "gic_blocker": 0.0
        },
        "27": {
            "volt_mag": -484.35556213499575,
            "gic_blocker": 0.0
        }
    },
    "bus": {
        "5": {
            "qd": 4.2,
            "pd": 12.600000000000001
        },
        "16": {
            "qd": 2.2,
            "pd": 4.0
        },
        "20": {
            "qd": 0.0,
            "pd": 0.0
        },
        "12": {
            "qd": 0.0,
            "pd": 0.0
        },
        "8": {
            "qd": 0.0,
            "pd": 0.0
        },
        "17": {
            "qd": 0.0,
            "pd": 0.0
        },
        "1": {
            "qd": 0.0,
            "pd": 0.0
        },
        "19": {
            "qd": 0.0,
            "pd": 0.0
        },
        "6": {
            "qd": 1.2000000000000002,
            "pd": 3.4499999999999997
        },
        "11": {
            "qd": 0.0,
            "pd": 0.0
        },
        "14": {
            "qd": 0.0,
            "pd": 0.0
        },
        "3": {
            "qd": 0.0,
            "pd": 0.0
        },
        "7": {
            "qd": 0.0,
            "pd": 0.0
        },
        "4": {
            "qd": 6.0,
            "pd": 12.0
        },
        "13": {
            "qd": 0.0,
            "pd": 0.0
        },
        "15": {
            "qd": 5.25,
            "pd": 11.399999999999999
        },
        "2": {
            "qd": 0.0,
            "pd": 0.0
        },
        "21": {
            "qd": 0.0,
            "pd": 0.0
        },
        "18": {
            "qd": 0.0,
            "pd": 0.0
        }
    }
}
