{
    "gmd_bus": {
        "5": {
            "volt_mag": -108.16883415107635,
            "gic_blocker": -6.773123498770646e-9
        },
        "16": {
            "volt_mag": 0.0,
            "gic_blocker": 0.0
        },
        "20": {
            "volt_mag": 0.0,
            "gic_blocker": 0.0
        },
        "12": {
            "volt_mag": -343.5793134154727,
            "gic_blocker": 0.0
        },
        "24": {
            "volt_mag": 0.0,
            "gic_blocker": 0.0
        },
        "8": {
            "volt_mag": 1020.4308084971442,
            "gic_blocker": 1.0
        },
        "17": {
            "volt_mag": 476.34152353877863,
            "gic_blocker": 0.0
        },
        "1": {
            "volt_mag": 0.0,
            "gic_blocker": 0.0
        },
        "19": {
            "volt_mag": 0.0,
            "gic_blocker": 0.0
        },
        "22": {
            "volt_mag": 88.57357037641765,
            "gic_blocker": 0.0
        },
        "23": {
            "volt_mag": -46.35995995552599,
            "gic_blocker": 0.0
        },
        "6": {
            "volt_mag": 163.54863588643235,
            "gic_blocker": -8.426362422927046e-9
        },
        "11": {
            "volt_mag": -340.9114973325706,
            "gic_blocker": 0.0
        },
        "9": {
            "volt_mag": 0.0,
            "gic_blocker": 0.0
        },
        "14": {
            "volt_mag": 204.43579520257046,
            "gic_blocker": 0.0
        },
        "3": {
            "volt_mag": 88.57357015558011,
            "gic_blocker": 0.9999999252020011
        },
        "7": {
            "volt_mag": 0.0,
            "gic_blocker": 0.0
        },
        "25": {
            "volt_mag": 0.0,
            "gic_blocker": 0.0
        },
        "4": {
            "volt_mag": -339.82902010184523,
            "gic_blocker": -5.607350756776842e-9
        },
        "13": {
            "volt_mag": -113.9483226437461,
            "gic_blocker": 0.0
        },
        "15": {
            "volt_mag": 0.0,
            "gic_blocker": 0.0
        },
        "2": {
            "volt_mag": -42.79380940907757,
            "gic_blocker": 5.6638062881988065e-8
        },
        "10": {
            "volt_mag": -695.3822104027608,
            "gic_blocker": 0.0
        },
        "18": {
            "volt_mag": 1020.4308084971442,
            "gic_blocker": 0.0
        },
        "21": {
            "volt_mag": 84.6808436770627,
            "gic_blocker": 0.0
        },
        "26": {
            "volt_mag": -110.31648468371264,
            "gic_blocker": 0.0
        },
        "27": {
            "volt_mag": -730.7484099896911,
            "gic_blocker": 0.0
        }
    },
    "bus": {
        "5": {
            "qd": 3.3249999999999997,
            "pd": 14.399999999999999
        },
        "16": {
            "qd": 2.2,
            "pd": 5.75
        },
        "20": {
            "qd": 0.0,
            "pd": 0.0
        },
        "12": {
            "qd": 0.0,
            "pd": 0.0
        },
        "8": {
            "qd": 0.0,
            "pd": 0.0
        },
        "17": {
            "qd": 0.0,
            "pd": 0.0
        },
        "1": {
            "qd": 0.0,
            "pd": 0.0
        },
        "19": {
            "qd": 0.0,
            "pd": 0.0
        },
        "6": {
            "qd": 1.5750000000000002,
            "pd": 3.0
        },
        "11": {
            "qd": 0.0,
            "pd": 0.0
        },
        "14": {
            "qd": 0.0,
            "pd": 0.0
        },
        "3": {
            "qd": 0.0,
            "pd": 0.0
        },
        "7": {
            "qd": 0.0,
            "pd": 0.0
        },
        "4": {
            "qd": 6.8999999999999995,
            "pd": 16.5
        },
        "13": {
            "qd": 0.0,
            "pd": 0.0
        },
        "15": {
            "qd": 4.5,
            "pd": 9.600000000000001
        },
        "2": {
            "qd": 0.0,
            "pd": 0.0
        },
        "21": {
            "qd": 0.0,
            "pd": 0.0
        },
        "18": {
            "qd": 0.0,
            "pd": 0.0
        }
    }
}
