{
    "gmd_bus": {
        "5": {
            "volt_mag": -108.1688338743152,
            "gic_blocker": -6.76907827491603e-9
        },
        "16": {
            "volt_mag": 0.0,
            "gic_blocker": 0.0
        },
        "20": {
            "volt_mag": 0.0,
            "gic_blocker": 0.0
        },
        "12": {
            "volt_mag": -343.57931268247864,
            "gic_blocker": 0.0
        },
        "24": {
            "volt_mag": 0.0,
            "gic_blocker": 1.0
        },
        "8": {
            "volt_mag": 1020.430808951445,
            "gic_blocker": 1.0
        },
        "17": {
            "volt_mag": 476.34152399307953,
            "gic_blocker": 0.0
        },
        "1": {
            "volt_mag": 0.0,
            "gic_blocker": 0.0
        },
        "19": {
            "volt_mag": 0.0,
            "gic_blocker": 0.0
        },
        "22": {
            "volt_mag": 88.57357265271821,
            "gic_blocker": 1.0
        },
        "23": {
            "volt_mag": -46.35995969239321,
            "gic_blocker": 0.0
        },
        "6": {
            "volt_mag": 163.5486362500929,
            "gic_blocker": -8.419643301065431e-9
        },
        "11": {
            "volt_mag": -340.9114966062435,
            "gic_blocker": 0.0
        },
        "9": {
            "volt_mag": 0.0,
            "gic_blocker": 0.0
        },
        "14": {
            "volt_mag": 204.43579565687142,
            "gic_blocker": 1.0
        },
        "3": {
            "volt_mag": 88.57357248946703,
            "gic_blocker": 0.9999999447065813
        },
        "7": {
            "volt_mag": 0.0,
            "gic_blocker": 0.0
        },
        "25": {
            "volt_mag": 0.0,
            "gic_blocker": 0.0
        },
        "4": {
            "volt_mag": -339.8290193777521,
            "gic_blocker": -5.571785553442296e-9
        },
        "13": {
            "volt_mag": -113.94832235823353,
            "gic_blocker": 0.0
        },
        "15": {
            "volt_mag": 0.0,
            "gic_blocker": 0.0
        },
        "2": {
            "volt_mag": -42.79380917101425,
            "gic_blocker": 5.8104869838571006e-8
        },
        "10": {
            "volt_mag": -695.382209907639,
            "gic_blocker": 0.0
        },
        "18": {
            "volt_mag": 1020.430808951445,
            "gic_blocker": 0.0
        },
        "21": {
            "volt_mag": 84.68084589464276,
            "gic_blocker": 0.0
        },
        "26": {
            "volt_mag": -110.31648439235875,
            "gic_blocker": 0.0
        },
        "27": {
            "volt_mag": -730.7484095353901,
            "gic_blocker": 0.0
        }
    },
    "bus": {
        "5": {
            "qd": 3.3249999999999997,
            "pd": 13.200000000000001
        },
        "16": {
            "qd": 2.1,
            "pd": 5.25
        },
        "20": {
            "qd": 0.0,
            "pd": 0.0
        },
        "12": {
            "qd": 0.0,
            "pd": 0.0
        },
        "8": {
            "qd": 0.0,
            "pd": 0.0
        },
        "17": {
            "qd": 0.0,
            "pd": 0.0
        },
        "1": {
            "qd": 0.0,
            "pd": 0.0
        },
        "19": {
            "qd": 0.0,
            "pd": 0.0
        },
        "6": {
            "qd": 1.2000000000000002,
            "pd": 3.3000000000000003
        },
        "11": {
            "qd": 0.0,
            "pd": 0.0
        },
        "14": {
            "qd": 0.0,
            "pd": 0.0
        },
        "3": {
            "qd": 0.0,
            "pd": 0.0
        },
        "7": {
            "qd": 0.0,
            "pd": 0.0
        },
        "4": {
            "qd": 6.8999999999999995,
            "pd": 16.5
        },
        "13": {
            "qd": 0.0,
            "pd": 0.0
        },
        "15": {
            "qd": 5.0,
            "pd": 10.8
        },
        "2": {
            "qd": 0.0,
            "pd": 0.0
        },
        "21": {
            "qd": 0.0,
            "pd": 0.0
        },
        "18": {
            "qd": 0.0,
            "pd": 0.0
        }
    }
}
