{
    "gmd_bus": {
        "5": {
            "volt_mag": -484.4312193793764,
            "gic_blocker": 1.0000000099636674
        },
        "16": {
            "volt_mag": 0.0,
            "gic_blocker": 0.0
        },
        "20": {
            "volt_mag": 0.0,
            "gic_blocker": 0.0
        },
        "12": {
            "volt_mag": -618.1807926940243,
            "gic_blocker": 0.0
        },
        "24": {
            "volt_mag": 0.0,
            "gic_blocker": 0.0
        },
        "8": {
            "volt_mag": 1266.8236563732996,
            "gic_blocker": 0.9999999999993008
        },
        "17": {
            "volt_mag": 722.7343714219463,
            "gic_blocker": 0.0
        },
        "1": {
            "volt_mag": 0.0,
            "gic_blocker": 0.0
        },
        "19": {
            "volt_mag": 0.0,
            "gic_blocker": 0.0
        },
        "22": {
            "volt_mag": -1.1532088238181228e-5,
            "gic_blocker": 0.0
        },
        "23": {
            "volt_mag": -413.19344362074577,
            "gic_blocker": 0.0
        },
        "6": {
            "volt_mag": 450.82864308928805,
            "gic_blocker": 0.999999999993513
        },
        "11": {
            "volt_mag": -618.1708120223366,
            "gic_blocker": 0.0
        },
        "9": {
            "volt_mag": 0.0,
            "gic_blocker": 0.0
        },
        "14": {
            "volt_mag": 450.8286430900193,
            "gic_blocker": 0.0
        },
        "3": {
            "volt_mag": -1.1160085400788353e-5,
            "gic_blocker": 0.0
        },
        "7": {
            "volt_mag": 0.0,
            "gic_blocker": 0.0
        },
        "25": {
            "volt_mag": 0.0,
            "gic_blocker": 0.0
        },
        "4": {
            "volt_mag": -618.1720596309361,
            "gic_blocker": 1.000000009576633
        },
        "13": {
            "volt_mag": -484.4316107677823,
            "gic_blocker": 0.0
        },
        "15": {
            "volt_mag": 0.0,
            "gic_blocker": 0.0
        },
        "2": {
            "volt_mag": -413.1934436469991,
            "gic_blocker": 1.0000000007624492
        },
        "10": {
            "volt_mag": -1017.3528277114083,
            "gic_blocker": 0.0
        },
        "18": {
            "volt_mag": 1266.8236563734472,
            "gic_blocker": 0.0
        },
        "21": {
            "volt_mag": 0.013176140755332322,
            "gic_blocker": 0.0
        },
        "26": {
            "volt_mag": -484.4306318140816,
            "gic_blocker": 0.0
        },
        "27": {
            "volt_mag": -484.3555621065234,
            "gic_blocker": 0.0
        }
    },
    "bus": {
        "5": {
            "qd": 3.8500000000000005,
            "pd": 10.8
        },
        "16": {
            "qd": 2.2,
            "pd": 4.0
        },
        "20": {
            "qd": 0.0,
            "pd": 0.0
        },
        "12": {
            "qd": 0.0,
            "pd": 0.0
        },
        "8": {
            "qd": 0.0,
            "pd": 0.0
        },
        "17": {
            "qd": 0.0,
            "pd": 0.0
        },
        "1": {
            "qd": 0.0,
            "pd": 0.0
        },
        "19": {
            "qd": 0.0,
            "pd": 0.0
        },
        "6": {
            "qd": 1.35,
            "pd": 3.0
        },
        "11": {
            "qd": 0.0,
            "pd": 0.0
        },
        "14": {
            "qd": 0.0,
            "pd": 0.0
        },
        "3": {
            "qd": 0.0,
            "pd": 0.0
        },
        "7": {
            "qd": 0.0,
            "pd": 0.0
        },
        "4": {
            "qd": 5.699999999999999,
            "pd": 15.0
        },
        "13": {
            "qd": 0.0,
            "pd": 0.0
        },
        "15": {
            "qd": 4.75,
            "pd": 9.600000000000001
        },
        "2": {
            "qd": 0.0,
            "pd": 0.0
        },
        "21": {
            "qd": 0.0,
            "pd": 0.0
        },
        "18": {
            "qd": 0.0,
            "pd": 0.0
        }
    }
}
