{
    "gmd_bus": {
        "5": {
            "volt_mag": -484.43121944674937,
            "gic_blocker": 1.0000000099649293
        },
        "16": {
            "volt_mag": 0.0,
            "gic_blocker": 0.0
        },
        "20": {
            "volt_mag": 0.0,
            "gic_blocker": 0.0
        },
        "12": {
            "volt_mag": -618.1807927593892,
            "gic_blocker": 0.0
        },
        "24": {
            "volt_mag": 0.0,
            "gic_blocker": 0.0
        },
        "8": {
            "volt_mag": 1266.8236563268279,
            "gic_blocker": 0.9999999999994331
        },
        "17": {
            "volt_mag": 722.734371374147,
            "gic_blocker": 0.0
        },
        "1": {
            "volt_mag": 0.0,
            "gic_blocker": 0.0
        },
        "19": {
            "volt_mag": 0.0,
            "gic_blocker": 0.0
        },
        "22": {
            "volt_mag": -1.1567915893350073e-5,
            "gic_blocker": 0.0
        },
        "23": {
            "volt_mag": -413.19344378287593,
            "gic_blocker": 0.0
        },
        "6": {
            "volt_mag": 450.8286430407541,
            "gic_blocker": 0.9999999999941844
        },
        "11": {
            "volt_mag": -618.1708120880876,
            "gic_blocker": 0.0
        },
        "9": {
            "volt_mag": 0.0,
            "gic_blocker": 0.0
        },
        "14": {
            "volt_mag": 450.82864304140963,
            "gic_blocker": 0.0
        },
        "3": {
            "volt_mag": -1.119475732517326e-5,
            "gic_blocker": 0.0
        },
        "7": {
            "volt_mag": 0.0,
            "gic_blocker": 0.0
        },
        "25": {
            "volt_mag": 0.0,
            "gic_blocker": 0.0
        },
        "4": {
            "volt_mag": -618.1720596966754,
            "gic_blocker": 1.0000000095907808
        },
        "13": {
            "volt_mag": -484.43161083499865,
            "gic_blocker": 0.0
        },
        "15": {
            "volt_mag": 0.0,
            "gic_blocker": 0.0
        },
        "2": {
            "volt_mag": -413.19344381184936,
            "gic_blocker": 1.0000000008414454
        },
        "10": {
            "volt_mag": -1017.3528278252674,
            "gic_blocker": 0.0
        },
        "18": {
            "volt_mag": 1266.8236563269475,
            "gic_blocker": 0.0
        },
        "21": {
            "volt_mag": 0.013176104241319448,
            "gic_blocker": 0.0
        },
        "26": {
            "volt_mag": -484.43063188162836,
            "gic_blocker": 0.0
        },
        "27": {
            "volt_mag": -484.3555621543226,
            "gic_blocker": 0.0
        }
    },
    "bus": {
        "5": {
            "qd": 3.3249999999999997,
            "pd": 9.600000000000001
        },
        "16": {
            "qd": 1.7,
            "pd": 4.75
        },
        "20": {
            "qd": 0.0,
            "pd": 0.0
        },
        "12": {
            "qd": 0.0,
            "pd": 0.0
        },
        "8": {
            "qd": 0.0,
            "pd": 0.0
        },
        "17": {
            "qd": 0.0,
            "pd": 0.0
        },
        "1": {
            "qd": 0.0,
            "pd": 0.0
        },
        "19": {
            "qd": 0.0,
            "pd": 0.0
        },
        "6": {
            "qd": 1.5750000000000002,
            "pd": 3.4499999999999997
        },
        "11": {
            "qd": 0.0,
            "pd": 0.0
        },
        "14": {
            "qd": 0.0,
            "pd": 0.0
        },
        "3": {
            "qd": 0.0,
            "pd": 0.0
        },
        "7": {
            "qd": 0.0,
            "pd": 0.0
        },
        "4": {
            "qd": 5.4,
            "pd": 15.0
        },
        "13": {
            "qd": 0.0,
            "pd": 0.0
        },
        "15": {
            "qd": 4.25,
            "pd": 13.200000000000001
        },
        "2": {
            "qd": 0.0,
            "pd": 0.0
        },
        "21": {
            "qd": 0.0,
            "pd": 0.0
        },
        "18": {
            "qd": 0.0,
            "pd": 0.0
        }
    }
}
