{
    "gmd_bus": {
        "5": {
            "volt_mag": -108.16883347064116,
            "gic_blocker": -5.899643270626997e-9
        },
        "16": {
            "volt_mag": 0.0,
            "gic_blocker": 0.0
        },
        "20": {
            "volt_mag": 0.0,
            "gic_blocker": 0.0
        },
        "12": {
            "volt_mag": -343.57931145838455,
            "gic_blocker": 0.0
        },
        "24": {
            "volt_mag": 0.0,
            "gic_blocker": 1.0
        },
        "8": {
            "volt_mag": 1020.4308097223966,
            "gic_blocker": 1.0
        },
        "17": {
            "volt_mag": 476.341524764031,
            "gic_blocker": 0.0
        },
        "1": {
            "volt_mag": 0.0,
            "gic_blocker": 0.0
        },
        "19": {
            "volt_mag": 0.0,
            "gic_blocker": 0.0
        },
        "22": {
            "volt_mag": 88.57357639707456,
            "gic_blocker": 0.0
        },
        "23": {
            "volt_mag": -46.359959004291504,
            "gic_blocker": 0.0
        },
        "6": {
            "volt_mag": 163.54863687506233,
            "gic_blocker": -8.168700724042207e-9
        },
        "11": {
            "volt_mag": -340.91149539164604,
            "gic_blocker": 0.0
        },
        "9": {
            "volt_mag": 0.0,
            "gic_blocker": 0.0
        },
        "14": {
            "volt_mag": 204.43579642782285,
            "gic_blocker": 0.0
        },
        "3": {
            "volt_mag": 88.57357632720928,
            "gic_blocker": 0.9999999763365232
        },
        "7": {
            "volt_mag": 0.0,
            "gic_blocker": 0.0
        },
        "25": {
            "volt_mag": 0.0,
            "gic_blocker": 0.0
        },
        "4": {
            "volt_mag": -339.82901816660774,
            "gic_blocker": -5.858773250197916e-9
        },
        "13": {
            "volt_mag": -113.94832193850695,
            "gic_blocker": 0.0
        },
        "15": {
            "volt_mag": 0.0,
            "gic_blocker": 0.0
        },
        "2": {
            "volt_mag": -42.79380851754235,
            "gic_blocker": 5.2545322230282836e-8
        },
        "10": {
            "volt_mag": -695.382208955844,
            "gic_blocker": 0.0
        },
        "18": {
            "volt_mag": 1020.4308097223966,
            "gic_blocker": 0.0
        },
        "21": {
            "volt_mag": 84.68084954314595,
            "gic_blocker": 0.0
        },
        "26": {
            "volt_mag": -110.31648396299153,
            "gic_blocker": 0.0
        },
        "27": {
            "volt_mag": -730.7484087644386,
            "gic_blocker": 1.0
        }
    },
    "bus": {
        "5": {
            "qd": 4.2,
            "pd": 14.399999999999999
        },
        "16": {
            "qd": 2.1,
            "pd": 5.25
        },
        "20": {
            "qd": 0.0,
            "pd": 0.0
        },
        "12": {
            "qd": 0.0,
            "pd": 0.0
        },
        "8": {
            "qd": 0.0,
            "pd": 0.0
        },
        "17": {
            "qd": 0.0,
            "pd": 0.0
        },
        "1": {
            "qd": 0.0,
            "pd": 0.0
        },
        "19": {
            "qd": 0.0,
            "pd": 0.0
        },
        "6": {
            "qd": 1.7999999999999998,
            "pd": 3.0
        },
        "11": {
            "qd": 0.0,
            "pd": 0.0
        },
        "14": {
            "qd": 0.0,
            "pd": 0.0
        },
        "3": {
            "qd": 0.0,
            "pd": 0.0
        },
        "7": {
            "qd": 0.0,
            "pd": 0.0
        },
        "4": {
            "qd": 6.300000000000001,
            "pd": 15.0
        },
        "13": {
            "qd": 0.0,
            "pd": 0.0
        },
        "15": {
            "qd": 4.25,
            "pd": 13.799999999999999
        },
        "2": {
            "qd": 0.0,
            "pd": 0.0
        },
        "21": {
            "qd": 0.0,
            "pd": 0.0
        },
        "18": {
            "qd": 0.0,
            "pd": 0.0
        }
    }
}
