{
    "gmd_bus": {
        "5": {
            "volt_mag": -108.16883330741406,
            "gic_blocker": 0.0
        },
        "16": {
            "volt_mag": 0.0,
            "gic_blocker": 0.0
        },
        "20": {
            "volt_mag": 0.0,
            "gic_blocker": 0.0
        },
        "12": {
            "volt_mag": -343.5793101501577,
            "gic_blocker": 0.0
        },
        "24": {
            "volt_mag": 0.0,
            "gic_blocker": 0.0
        },
        "8": {
            "volt_mag": 1020.4308114041415,
            "gic_blocker": 1.0
        },
        "17": {
            "volt_mag": 476.341526445776,
            "gic_blocker": 0.0
        },
        "1": {
            "volt_mag": 0.0,
            "gic_blocker": 0.0
        },
        "19": {
            "volt_mag": 0.0,
            "gic_blocker": 0.0
        },
        "22": {
            "volt_mag": 88.57358036052375,
            "gic_blocker": 0.0
        },
        "23": {
            "volt_mag": -46.35995678638647,
            "gic_blocker": 0.0
        },
        "6": {
            "volt_mag": 163.54863848765433,
            "gic_blocker": 0.0
        },
        "11": {
            "volt_mag": -340.9114940920123,
            "gic_blocker": 0.0
        },
        "9": {
            "volt_mag": 0.0,
            "gic_blocker": 0.0
        },
        "14": {
            "volt_mag": 204.4357981095679,
            "gic_blocker": 0.0
        },
        "3": {
            "volt_mag": 88.57358037282953,
            "gic_blocker": 1.0000000041679822
        },
        "7": {
            "volt_mag": 0.0,
            "gic_blocker": 0.0
        },
        "25": {
            "volt_mag": 0.0,
            "gic_blocker": 0.0
        },
        "4": {
            "volt_mag": -339.82901687293077,
            "gic_blocker": -4.70010274487749e-9
        },
        "13": {
            "volt_mag": -113.94832174627074,
            "gic_blocker": 0.0
        },
        "15": {
            "volt_mag": 0.0,
            "gic_blocker": 0.0
        },
        "2": {
            "volt_mag": -42.793806297275054,
            "gic_blocker": 0.0
        },
        "10": {
            "volt_mag": -695.3822071978516,
            "gic_blocker": 0.0
        },
        "18": {
            "volt_mag": 1020.4308114041415,
            "gic_blocker": 0.0
        },
        "21": {
            "volt_mag": 84.68085342246222,
            "gic_blocker": 0.0
        },
        "26": {
            "volt_mag": -110.31648376313959,
            "gic_blocker": 0.0
        },
        "27": {
            "volt_mag": -730.7484070826935,
            "gic_blocker": 0.0
        }
    },
    "bus": {
        "5": {
            "qd": 3.8500000000000005,
            "pd": 9.600000000000001
        },
        "16": {
            "qd": 1.9,
            "pd": 4.0
        },
        "20": {
            "qd": 0.0,
            "pd": 0.0
        },
        "12": {
            "qd": 0.0,
            "pd": 0.0
        },
        "8": {
            "qd": 0.0,
            "pd": 0.0
        },
        "17": {
            "qd": 0.0,
            "pd": 0.0
        },
        "1": {
            "qd": 0.0,
            "pd": 0.0
        },
        "19": {
            "qd": 0.0,
            "pd": 0.0
        },
        "6": {
            "qd": 1.5750000000000002,
            "pd": 3.0
        },
        "11": {
            "qd": 0.0,
            "pd": 0.0
        },
        "14": {
            "qd": 0.0,
            "pd": 0.0
        },
        "3": {
            "qd": 0.0,
            "pd": 0.0
        },
        "7": {
            "qd": 0.0,
            "pd": 0.0
        },
        "4": {
            "qd": 6.0,
            "pd": 18.0
        },
        "13": {
            "qd": 0.0,
            "pd": 0.0
        },
        "15": {
            "qd": 5.5,
            "pd": 13.799999999999999
        },
        "2": {
            "qd": 0.0,
            "pd": 0.0
        },
        "21": {
            "qd": 0.0,
            "pd": 0.0
        },
        "18": {
            "qd": 0.0,
            "pd": 0.0
        }
    }
}
