{
    "gmd_bus": {
        "5": {
            "volt_mag": -484.43121942724605,
            "gic_blocker": 1.0000000099649122
        },
        "16": {
            "volt_mag": 0.0,
            "gic_blocker": 0.0
        },
        "20": {
            "volt_mag": 0.0,
            "gic_blocker": 0.0
        },
        "12": {
            "volt_mag": -618.1807927400773,
            "gic_blocker": 0.0
        },
        "24": {
            "volt_mag": 0.0,
            "gic_blocker": 0.0
        },
        "8": {
            "volt_mag": 1266.823656357579,
            "gic_blocker": 1.000000000000136
        },
        "17": {
            "volt_mag": 722.7343713978499,
            "gic_blocker": 0.0
        },
        "1": {
            "volt_mag": 0.0,
            "gic_blocker": 0.0
        },
        "19": {
            "volt_mag": 0.0,
            "gic_blocker": 0.0
        },
        "22": {
            "volt_mag": -1.1557148228776212e-5,
            "gic_blocker": 0.0
        },
        "23": {
            "volt_mag": -413.1934437472326,
            "gic_blocker": 0.0
        },
        "6": {
            "volt_mag": 450.8286430603577,
            "gic_blocker": 0.9999999999959926
        },
        "11": {
            "volt_mag": -618.1708120686859,
            "gic_blocker": 0.0
        },
        "9": {
            "volt_mag": 0.0,
            "gic_blocker": 0.0
        },
        "14": {
            "volt_mag": 450.8286430608094,
            "gic_blocker": 0.0
        },
        "3": {
            "volt_mag": -1.118433700460951e-5,
            "gic_blocker": 0.0
        },
        "7": {
            "volt_mag": 0.0,
            "gic_blocker": 0.0
        },
        "25": {
            "volt_mag": 0.0,
            "gic_blocker": 0.0
        },
        "4": {
            "volt_mag": -618.1720596772637,
            "gic_blocker": 1.0000000095825843
        },
        "13": {
            "volt_mag": -484.4316108154993,
            "gic_blocker": 0.0
        },
        "15": {
            "volt_mag": 0.0,
            "gic_blocker": 0.0
        },
        "2": {
            "volt_mag": -413.19344377570775,
            "gic_blocker": 1.0000000008269743
        },
        "10": {
            "volt_mag": -1017.3528277977584,
            "gic_blocker": 0.0
        },
        "18": {
            "volt_mag": 1266.8236563575501,
            "gic_blocker": 0.0
        },
        "21": {
            "volt_mag": 0.013176115305259865,
            "gic_blocker": 0.0
        },
        "26": {
            "volt_mag": -484.43063186212015,
            "gic_blocker": 0.0
        },
        "27": {
            "volt_mag": -484.3555621306196,
            "gic_blocker": 0.0
        }
    },
    "bus": {
        "5": {
            "qd": 2.975,
            "pd": 9.600000000000001
        },
        "16": {
            "qd": 2.1,
            "pd": 4.5
        },
        "20": {
            "qd": 0.0,
            "pd": 0.0
        },
        "12": {
            "qd": 0.0,
            "pd": 0.0
        },
        "8": {
            "qd": 0.0,
            "pd": 0.0
        },
        "17": {
            "qd": 0.0,
            "pd": 0.0
        },
        "1": {
            "qd": 0.0,
            "pd": 0.0
        },
        "19": {
            "qd": 0.0,
            "pd": 0.0
        },
        "6": {
            "qd": 1.2000000000000002,
            "pd": 2.8499999999999996
        },
        "11": {
            "qd": 0.0,
            "pd": 0.0
        },
        "14": {
            "qd": 0.0,
            "pd": 0.0
        },
        "3": {
            "qd": 0.0,
            "pd": 0.0
        },
        "7": {
            "qd": 0.0,
            "pd": 0.0
        },
        "4": {
            "qd": 5.699999999999999,
            "pd": 17.25
        },
        "13": {
            "qd": 0.0,
            "pd": 0.0
        },
        "15": {
            "qd": 5.0,
            "pd": 12.0
        },
        "2": {
            "qd": 0.0,
            "pd": 0.0
        },
        "21": {
            "qd": 0.0,
            "pd": 0.0
        },
        "18": {
            "qd": 0.0,
            "pd": 0.0
        }
    }
}
