{
    "gmd_bus": {
        "5": {
            "volt_mag": -114.2784929882843,
            "gic_blocker": -7.046993784352474e-9
        },
        "16": {
            "volt_mag": 0.0,
            "gic_blocker": 0.0
        },
        "20": {
            "volt_mag": 0.0,
            "gic_blocker": 0.0
        },
        "12": {
            "volt_mag": -359.7399986190661,
            "gic_blocker": 0.0
        },
        "24": {
            "volt_mag": 0.0,
            "gic_blocker": 0.0
        },
        "8": {
            "volt_mag": 1010.5049667767245,
            "gic_blocker": 1.0
        },
        "17": {
            "volt_mag": 466.41568181835896,
            "gic_blocker": 0.0
        },
        "1": {
            "volt_mag": 0.0,
            "gic_blocker": 0.0
        },
        "19": {
            "volt_mag": 0.0,
            "gic_blocker": 0.0
        },
        "22": {
            "volt_mag": 38.8245254040002,
            "gic_blocker": 0.0
        },
        "23": {
            "volt_mag": -53.16051797685421,
            "gic_blocker": 0.0
        },
        "6": {
            "volt_mag": 155.60796252365625,
            "gic_blocker": -8.420662763189214e-9
        },
        "11": {
            "volt_mag": -356.9303592754254,
            "gic_blocker": 0.0
        },
        "9": {
            "volt_mag": 0.0,
            "gic_blocker": 1.0
        },
        "14": {
            "volt_mag": 194.50995348215088,
            "gic_blocker": 0.0
        },
        "3": {
            "volt_mag": 37.57212138900997,
            "gic_blocker": 0.0
        },
        "7": {
            "volt_mag": 0.0,
            "gic_blocker": 1.0
        },
        "25": {
            "volt_mag": 0.0,
            "gic_blocker": 0.0
        },
        "4": {
            "volt_mag": -355.7990680849895,
            "gic_blocker": -6.34857598352979e-9
        },
        "13": {
            "volt_mag": -120.25015482965145,
            "gic_blocker": 0.0
        },
        "15": {
            "volt_mag": 0.0,
            "gic_blocker": 0.0
        },
        "2": {
            "volt_mag": -49.071247400997144,
            "gic_blocker": 0.0
        },
        "10": {
            "volt_mag": -706.7997192883395,
            "gic_blocker": 1.0
        },
        "18": {
            "volt_mag": 1010.5049667767245,
            "gic_blocker": 1.0
        },
        "21": {
            "volt_mag": 36.2131405045427,
            "gic_blocker": 0.0
        },
        "26": {
            "volt_mag": -116.74884938165667,
            "gic_blocker": 0.0
        },
        "27": {
            "volt_mag": -740.6742517101105,
            "gic_blocker": 0.0
        }
    },
    "bus": {
        "5": {
            "qd": 3.5,
            "pd": 11.399999999999999
        },
        "16": {
            "qd": 2.2,
            "pd": 5.25
        },
        "20": {
            "qd": 0.0,
            "pd": 0.0
        },
        "12": {
            "qd": 0.0,
            "pd": 0.0
        },
        "8": {
            "qd": 0.0,
            "pd": 0.0
        },
        "17": {
            "qd": 0.0,
            "pd": 0.0
        },
        "1": {
            "qd": 0.0,
            "pd": 0.0
        },
        "19": {
            "qd": 0.0,
            "pd": 0.0
        },
        "6": {
            "qd": 1.7249999999999999,
            "pd": 3.3000000000000003
        },
        "11": {
            "qd": 0.0,
            "pd": 0.0
        },
        "14": {
            "qd": 0.0,
            "pd": 0.0
        },
        "3": {
            "qd": 0.0,
            "pd": 0.0
        },
        "7": {
            "qd": 0.0,
            "pd": 0.0
        },
        "4": {
            "qd": 5.1,
            "pd": 17.25
        },
        "13": {
            "qd": 0.0,
            "pd": 0.0
        },
        "15": {
            "qd": 5.5,
            "pd": 10.8
        },
        "2": {
            "qd": 0.0,
            "pd": 0.0
        },
        "21": {
            "qd": 0.0,
            "pd": 0.0
        },
        "18": {
            "qd": 0.0,
            "pd": 0.0
        }
    }
}
