{
    "gmd_bus": {
        "5": {
            "volt_mag": -484.4312194249879,
            "gic_blocker": 1.0000000099634465
        },
        "16": {
            "volt_mag": 0.0,
            "gic_blocker": 0.0
        },
        "20": {
            "volt_mag": 0.0,
            "gic_blocker": 0.0
        },
        "12": {
            "volt_mag": -618.1807927381395,
            "gic_blocker": 0.0
        },
        "24": {
            "volt_mag": 0.0,
            "gic_blocker": 0.0
        },
        "8": {
            "volt_mag": 1266.823656359564,
            "gic_blocker": 1.0000000000001892
        },
        "17": {
            "volt_mag": 722.734371399301,
            "gic_blocker": 0.0
        },
        "1": {
            "volt_mag": 0.0,
            "gic_blocker": 0.0
        },
        "19": {
            "volt_mag": 0.0,
            "gic_blocker": 0.0
        },
        "22": {
            "volt_mag": -1.1556884043247755e-5,
            "gic_blocker": 0.0
        },
        "23": {
            "volt_mag": -413.1934437536889,
            "gic_blocker": 0.0
        },
        "6": {
            "volt_mag": 450.8286430614668,
            "gic_blocker": 0.9999999999958497
        },
        "11": {
            "volt_mag": -618.1708120667363,
            "gic_blocker": 0.0
        },
        "9": {
            "volt_mag": 0.0,
            "gic_blocker": 0.0
        },
        "14": {
            "volt_mag": 450.8286430619346,
            "gic_blocker": 0.0
        },
        "3": {
            "volt_mag": -1.1184081341194668e-5,
            "gic_blocker": 0.0
        },
        "7": {
            "volt_mag": 0.0,
            "gic_blocker": 0.0
        },
        "25": {
            "volt_mag": 0.0,
            "gic_blocker": 0.0
        },
        "4": {
            "volt_mag": -618.1720596752915,
            "gic_blocker": 1.000000009573203
        },
        "13": {
            "volt_mag": -484.43161081325377,
            "gic_blocker": 0.0
        },
        "15": {
            "volt_mag": 0.0,
            "gic_blocker": 0.0
        },
        "2": {
            "volt_mag": -413.19344378235826,
            "gic_blocker": 1.0000000008326135
        },
        "10": {
            "volt_mag": -1017.3528278000048,
            "gic_blocker": 0.0
        },
        "18": {
            "volt_mag": 1266.823656359524,
            "gic_blocker": 0.0
        },
        "21": {
            "volt_mag": 0.013176115611042812,
            "gic_blocker": 0.0
        },
        "26": {
            "volt_mag": -484.43063185991383,
            "gic_blocker": 0.0
        },
        "27": {
            "volt_mag": -484.3555621291686,
            "gic_blocker": 0.0
        }
    },
    "bus": {
        "5": {
            "qd": 3.5,
            "pd": 12.600000000000001
        },
        "16": {
            "qd": 2.1,
            "pd": 4.5
        },
        "20": {
            "qd": 0.0,
            "pd": 0.0
        },
        "12": {
            "qd": 0.0,
            "pd": 0.0
        },
        "8": {
            "qd": 0.0,
            "pd": 0.0
        },
        "17": {
            "qd": 0.0,
            "pd": 0.0
        },
        "1": {
            "qd": 0.0,
            "pd": 0.0
        },
        "19": {
            "qd": 0.0,
            "pd": 0.0
        },
        "6": {
            "qd": 1.275,
            "pd": 3.4499999999999997
        },
        "11": {
            "qd": 0.0,
            "pd": 0.0
        },
        "14": {
            "qd": 0.0,
            "pd": 0.0
        },
        "3": {
            "qd": 0.0,
            "pd": 0.0
        },
        "7": {
            "qd": 0.0,
            "pd": 0.0
        },
        "4": {
            "qd": 5.699999999999999,
            "pd": 14.25
        },
        "13": {
            "qd": 0.0,
            "pd": 0.0
        },
        "15": {
            "qd": 5.5,
            "pd": 10.8
        },
        "2": {
            "qd": 0.0,
            "pd": 0.0
        },
        "21": {
            "qd": 0.0,
            "pd": 0.0
        },
        "18": {
            "qd": 0.0,
            "pd": 0.0
        }
    }
}
