{
    "gmd_bus": {
        "5": {
            "volt_mag": -484.431219385105,
            "gic_blocker": 1.0000000099633255
        },
        "16": {
            "volt_mag": 0.0,
            "gic_blocker": 0.0
        },
        "20": {
            "volt_mag": 0.0,
            "gic_blocker": 0.0
        },
        "12": {
            "volt_mag": -618.1807926992435,
            "gic_blocker": 0.0
        },
        "24": {
            "volt_mag": 0.0,
            "gic_blocker": 0.0
        },
        "8": {
            "volt_mag": 1266.8236563794642,
            "gic_blocker": 0.9999999999997724
        },
        "17": {
            "volt_mag": 722.7343714233808,
            "gic_blocker": 0.0
        },
        "1": {
            "volt_mag": 0.0,
            "gic_blocker": 0.0
        },
        "19": {
            "volt_mag": 0.0,
            "gic_blocker": 0.0
        },
        "22": {
            "volt_mag": -1.1535390368452809e-5,
            "gic_blocker": 0.0
        },
        "23": {
            "volt_mag": -413.19344364733973,
            "gic_blocker": 0.0
        },
        "6": {
            "volt_mag": 450.8286430879471,
            "gic_blocker": 0.9999999999945093
        },
        "11": {
            "volt_mag": -618.1708120275935,
            "gic_blocker": 0.0
        },
        "9": {
            "volt_mag": 0.0,
            "gic_blocker": 0.0
        },
        "14": {
            "volt_mag": 450.82864308856597,
            "gic_blocker": 0.0
        },
        "3": {
            "volt_mag": -1.116328101073117e-5,
            "gic_blocker": 0.0
        },
        "7": {
            "volt_mag": 0.0,
            "gic_blocker": 0.0
        },
        "25": {
            "volt_mag": 0.0,
            "gic_blocker": 0.0
        },
        "4": {
            "volt_mag": -618.1720596361677,
            "gic_blocker": 1.0000000095686008
        },
        "13": {
            "volt_mag": -484.4316107734744,
            "gic_blocker": 0.0
        },
        "15": {
            "volt_mag": 0.0,
            "gic_blocker": 0.0
        },
        "2": {
            "volt_mag": -413.1934436741442,
            "gic_blocker": 1.0000000007784542
        },
        "10": {
            "volt_mag": -1017.3528277273156,
            "gic_blocker": 0.0
        },
        "18": {
            "volt_mag": 1266.8236563795122,
            "gic_blocker": 0.0
        },
        "21": {
            "volt_mag": 0.01317613746170157,
            "gic_blocker": 0.0
        },
        "26": {
            "volt_mag": -484.4306318198817,
            "gic_blocker": 0.0
        },
        "27": {
            "volt_mag": -484.355562105089,
            "gic_blocker": 0.0
        }
    },
    "bus": {
        "5": {
            "qd": 3.5,
            "pd": 10.2
        },
        "16": {
            "qd": 2.1,
            "pd": 5.5
        },
        "20": {
            "qd": 0.0,
            "pd": 0.0
        },
        "12": {
            "qd": 0.0,
            "pd": 0.0
        },
        "8": {
            "qd": 0.0,
            "pd": 0.0
        },
        "17": {
            "qd": 0.0,
            "pd": 0.0
        },
        "1": {
            "qd": 0.0,
            "pd": 0.0
        },
        "19": {
            "qd": 0.0,
            "pd": 0.0
        },
        "6": {
            "qd": 1.7999999999999998,
            "pd": 2.8499999999999996
        },
        "11": {
            "qd": 0.0,
            "pd": 0.0
        },
        "14": {
            "qd": 0.0,
            "pd": 0.0
        },
        "3": {
            "qd": 0.0,
            "pd": 0.0
        },
        "7": {
            "qd": 0.0,
            "pd": 0.0
        },
        "4": {
            "qd": 6.0,
            "pd": 17.25
        },
        "13": {
            "qd": 0.0,
            "pd": 0.0
        },
        "15": {
            "qd": 5.0,
            "pd": 10.2
        },
        "2": {
            "qd": 0.0,
            "pd": 0.0
        },
        "21": {
            "qd": 0.0,
            "pd": 0.0
        },
        "18": {
            "qd": 0.0,
            "pd": 0.0
        }
    }
}
