{
    "gmd_bus": {
        "5": {
            "volt_mag": -108.16883411241943,
            "gic_blocker": -6.649422421416388e-9
        },
        "16": {
            "volt_mag": 0.0,
            "gic_blocker": 0.0
        },
        "20": {
            "volt_mag": 0.0,
            "gic_blocker": 0.0
        },
        "12": {
            "volt_mag": -343.5793132942938,
            "gic_blocker": 0.0
        },
        "24": {
            "volt_mag": 0.0,
            "gic_blocker": 0.0
        },
        "8": {
            "volt_mag": 1020.4308085763703,
            "gic_blocker": 1.0
        },
        "17": {
            "volt_mag": 476.34152361800477,
            "gic_blocker": 0.0
        },
        "1": {
            "volt_mag": 0.0,
            "gic_blocker": 0.0
        },
        "19": {
            "volt_mag": 0.0,
            "gic_blocker": 0.0
        },
        "22": {
            "volt_mag": 88.5735707530138,
            "gic_blocker": 0.0
        },
        "23": {
            "volt_mag": -46.3599598537026,
            "gic_blocker": 0.0
        },
        "6": {
            "volt_mag": 163.54863595121134,
            "gic_blocker": -8.383621581645264e-9
        },
        "11": {
            "volt_mag": -340.91149721236917,
            "gic_blocker": 0.0
        },
        "9": {
            "volt_mag": 0.0,
            "gic_blocker": 0.0
        },
        "14": {
            "volt_mag": 204.43579528179666,
            "gic_blocker": 0.0
        },
        "3": {
            "volt_mag": 88.5735705414344,
            "gic_blocker": 0.9999999283377476
        },
        "7": {
            "volt_mag": 0.0,
            "gic_blocker": 0.0
        },
        "25": {
            "volt_mag": 0.0,
            "gic_blocker": 0.0
        },
        "4": {
            "volt_mag": -339.8290199820719,
            "gic_blocker": -5.571169606690822e-9
        },
        "13": {
            "volt_mag": -113.94832260345072,
            "gic_blocker": 0.0
        },
        "15": {
            "volt_mag": 0.0,
            "gic_blocker": 0.0
        },
        "2": {
            "volt_mag": -42.793809309894,
            "gic_blocker": 5.506060002886547e-8
        },
        "10": {
            "volt_mag": -695.3822102917329,
            "gic_blocker": 0.0
        },
        "18": {
            "volt_mag": 1020.4308085763703,
            "gic_blocker": 0.0
        },
        "21": {
            "volt_mag": 84.6808440440232,
            "gic_blocker": 0.0
        },
        "26": {
            "volt_mag": -110.31648464230966,
            "gic_blocker": 0.0
        },
        "27": {
            "volt_mag": -730.748409910465,
            "gic_blocker": 0.0
        }
    },
    "bus": {
        "5": {
            "qd": 3.5,
            "pd": 12.0
        },
        "16": {
            "qd": 1.9,
            "pd": 6.0
        },
        "20": {
            "qd": 0.0,
            "pd": 0.0
        },
        "12": {
            "qd": 0.0,
            "pd": 0.0
        },
        "8": {
            "qd": 0.0,
            "pd": 0.0
        },
        "17": {
            "qd": 0.0,
            "pd": 0.0
        },
        "1": {
            "qd": 0.0,
            "pd": 0.0
        },
        "19": {
            "qd": 0.0,
            "pd": 0.0
        },
        "6": {
            "qd": 1.7999999999999998,
            "pd": 2.4000000000000004
        },
        "11": {
            "qd": 0.0,
            "pd": 0.0
        },
        "14": {
            "qd": 0.0,
            "pd": 0.0
        },
        "3": {
            "qd": 0.0,
            "pd": 0.0
        },
        "7": {
            "qd": 0.0,
            "pd": 0.0
        },
        "4": {
            "qd": 6.8999999999999995,
            "pd": 16.5
        },
        "13": {
            "qd": 0.0,
            "pd": 0.0
        },
        "15": {
            "qd": 4.25,
            "pd": 13.799999999999999
        },
        "2": {
            "qd": 0.0,
            "pd": 0.0
        },
        "21": {
            "qd": 0.0,
            "pd": 0.0
        },
        "18": {
            "qd": 0.0,
            "pd": 0.0
        }
    }
}
