{
    "gmd_bus": {
        "5": {
            "volt_mag": -484.4312194180377,
            "gic_blocker": 1.000000009964359
        },
        "16": {
            "volt_mag": 0.0,
            "gic_blocker": 0.0
        },
        "20": {
            "volt_mag": 0.0,
            "gic_blocker": 0.0
        },
        "12": {
            "volt_mag": -618.1807927312199,
            "gic_blocker": 0.0
        },
        "24": {
            "volt_mag": 0.0,
            "gic_blocker": 0.0
        },
        "8": {
            "volt_mag": 1266.823656371429,
            "gic_blocker": 1.0000000000004572
        },
        "17": {
            "volt_mag": 722.7343714084778,
            "gic_blocker": 0.0
        },
        "1": {
            "volt_mag": 0.0,
            "gic_blocker": 0.0
        },
        "19": {
            "volt_mag": 0.0,
            "gic_blocker": 0.0
        },
        "22": {
            "volt_mag": -1.1552402137882852e-5,
            "gic_blocker": 0.0
        },
        "23": {
            "volt_mag": -413.1934437333366,
            "gic_blocker": 0.0
        },
        "6": {
            "volt_mag": 450.8286430690936,
            "gic_blocker": 0.9999999999966598
        },
        "11": {
            "volt_mag": -618.1708120597896,
            "gic_blocker": 0.0
        },
        "9": {
            "volt_mag": 0.0,
            "gic_blocker": 0.0
        },
        "14": {
            "volt_mag": 450.82864306947005,
            "gic_blocker": 0.0
        },
        "3": {
            "volt_mag": -1.1179744013418682e-5,
            "gic_blocker": 0.0
        },
        "7": {
            "volt_mag": 0.0,
            "gic_blocker": 0.0
        },
        "25": {
            "volt_mag": 0.0,
            "gic_blocker": 0.0
        },
        "4": {
            "volt_mag": -618.1720596683591,
            "gic_blocker": 1.0000000095774755
        },
        "13": {
            "volt_mag": -484.43161080630034,
            "gic_blocker": 0.0
        },
        "15": {
            "volt_mag": 0.0,
            "gic_blocker": 0.0
        },
        "2": {
            "volt_mag": -413.1934437616443,
            "gic_blocker": 1.000000000822111
        },
        "10": {
            "volt_mag": -1017.3528277863666,
            "gic_blocker": 0.0
        },
        "18": {
            "volt_mag": 1266.8236563713324,
            "gic_blocker": 0.0
        },
        "21": {
            "volt_mag": 0.013176120189182088,
            "gic_blocker": 0.0
        },
        "26": {
            "volt_mag": -484.4306318529245,
            "gic_blocker": 0.0
        },
        "27": {
            "volt_mag": -484.3555621199918,
            "gic_blocker": 0.0
        }
    },
    "bus": {
        "5": {
            "qd": 3.15,
            "pd": 10.8
        },
        "16": {
            "qd": 1.8,
            "pd": 5.75
        },
        "20": {
            "qd": 0.0,
            "pd": 0.0
        },
        "12": {
            "qd": 0.0,
            "pd": 0.0
        },
        "8": {
            "qd": 0.0,
            "pd": 0.0
        },
        "17": {
            "qd": 0.0,
            "pd": 0.0
        },
        "1": {
            "qd": 0.0,
            "pd": 0.0
        },
        "19": {
            "qd": 0.0,
            "pd": 0.0
        },
        "6": {
            "qd": 1.4249999999999998,
            "pd": 2.4000000000000004
        },
        "11": {
            "qd": 0.0,
            "pd": 0.0
        },
        "14": {
            "qd": 0.0,
            "pd": 0.0
        },
        "3": {
            "qd": 0.0,
            "pd": 0.0
        },
        "7": {
            "qd": 0.0,
            "pd": 0.0
        },
        "4": {
            "qd": 6.300000000000001,
            "pd": 13.5
        },
        "13": {
            "qd": 0.0,
            "pd": 0.0
        },
        "15": {
            "qd": 5.5,
            "pd": 11.399999999999999
        },
        "2": {
            "qd": 0.0,
            "pd": 0.0
        },
        "21": {
            "qd": 0.0,
            "pd": 0.0
        },
        "18": {
            "qd": 0.0,
            "pd": 0.0
        }
    }
}
