{
    "gmd_bus": {
        "5": {
            "volt_mag": -114.27849298024267,
            "gic_blocker": -7.199167347387508e-9
        },
        "16": {
            "volt_mag": 0.0,
            "gic_blocker": 1.0
        },
        "20": {
            "volt_mag": 0.0,
            "gic_blocker": 1.0
        },
        "12": {
            "volt_mag": -359.7399986383994,
            "gic_blocker": 0.0
        },
        "24": {
            "volt_mag": 0.0,
            "gic_blocker": 0.0
        },
        "8": {
            "volt_mag": 1010.5049667717124,
            "gic_blocker": 1.0
        },
        "17": {
            "volt_mag": 466.41568181334685,
            "gic_blocker": 0.0
        },
        "1": {
            "volt_mag": 0.0,
            "gic_blocker": 0.0
        },
        "19": {
            "volt_mag": 0.0,
            "gic_blocker": 0.0
        },
        "22": {
            "volt_mag": 38.82452540056888,
            "gic_blocker": 0.0
        },
        "23": {
            "volt_mag": -53.160517978051615,
            "gic_blocker": 0.0
        },
        "6": {
            "volt_mag": 155.60796251849092,
            "gic_blocker": -8.457795494113675e-9
        },
        "11": {
            "volt_mag": -356.93035929545385,
            "gic_blocker": 1.0
        },
        "9": {
            "volt_mag": 0.0,
            "gic_blocker": 0.0
        },
        "14": {
            "volt_mag": 194.50995347713874,
            "gic_blocker": 0.0
        },
        "3": {
            "volt_mag": 37.572121385689336,
            "gic_blocker": 0.0
        },
        "7": {
            "volt_mag": 0.0,
            "gic_blocker": 0.0
        },
        "25": {
            "volt_mag": 0.0,
            "gic_blocker": 0.0
        },
        "4": {
            "volt_mag": -355.7990681053873,
            "gic_blocker": -5.983525777432613e-9
        },
        "13": {
            "volt_mag": -120.25015482215069,
            "gic_blocker": 1.0
        },
        "15": {
            "volt_mag": 0.0,
            "gic_blocker": 0.0
        },
        "2": {
            "volt_mag": -49.07124740210245,
            "gic_blocker": 0.0
        },
        "10": {
            "volt_mag": -706.7997192989682,
            "gic_blocker": 0.0
        },
        "18": {
            "volt_mag": 1010.5049667717124,
            "gic_blocker": 0.0
        },
        "21": {
            "volt_mag": 36.213140500846855,
            "gic_blocker": 1.0
        },
        "26": {
            "volt_mag": -116.7488493737386,
            "gic_blocker": 0.0
        },
        "27": {
            "volt_mag": -740.6742517151229,
            "gic_blocker": 0.0
        }
    },
    "bus": {
        "5": {
            "qd": 2.975,
            "pd": 10.8
        },
        "16": {
            "qd": 2.2,
            "pd": 4.0
        },
        "20": {
            "qd": 0.0,
            "pd": 0.0
        },
        "12": {
            "qd": 0.0,
            "pd": 0.0
        },
        "8": {
            "qd": 0.0,
            "pd": 0.0
        },
        "17": {
            "qd": 0.0,
            "pd": 0.0
        },
        "1": {
            "qd": 0.0,
            "pd": 0.0
        },
        "19": {
            "qd": 0.0,
            "pd": 0.0
        },
        "6": {
            "qd": 1.6500000000000001,
            "pd": 2.8499999999999996
        },
        "11": {
            "qd": 0.0,
            "pd": 0.0
        },
        "14": {
            "qd": 0.0,
            "pd": 0.0
        },
        "3": {
            "qd": 0.0,
            "pd": 0.0
        },
        "7": {
            "qd": 0.0,
            "pd": 0.0
        },
        "4": {
            "qd": 6.300000000000001,
            "pd": 18.0
        },
        "13": {
            "qd": 0.0,
            "pd": 0.0
        },
        "15": {
            "qd": 4.75,
            "pd": 14.399999999999999
        },
        "2": {
            "qd": 0.0,
            "pd": 0.0
        },
        "21": {
            "qd": 0.0,
            "pd": 0.0
        },
        "18": {
            "qd": 0.0,
            "pd": 0.0
        }
    }
}
