{
    "gmd_bus": {
        "5": {
            "volt_mag": -49.351522050237236,
            "gic_blocker": 0.0
        },
        "16": {
            "volt_mag": 0.0,
            "gic_blocker": 0.0
        },
        "20": {
            "volt_mag": 0.0,
            "gic_blocker": 0.0
        },
        "12": {
            "volt_mag": -236.73219404200597,
            "gic_blocker": 0.0
        },
        "24": {
            "volt_mag": 0.0,
            "gic_blocker": 0.0
        },
        "8": {
            "volt_mag": 1550.8168697401438,
            "gic_blocker": 1.0
        },
        "17": {
            "volt_mag": 1006.7275847817785,
            "gic_blocker": 0.0
        },
        "1": {
            "volt_mag": 0.0,
            "gic_blocker": 0.0
        },
        "19": {
            "volt_mag": 0.0,
            "gic_blocker": 0.0
        },
        "22": {
            "volt_mag": 174.97078676969676,
            "gic_blocker": 0.0
        },
        "23": {
            "volt_mag": -25.740937233121453,
            "gic_blocker": 0.0
        },
        "6": {
            "volt_mag": 734.8218564455703,
            "gic_blocker": 1.0
        },
        "11": {
            "volt_mag": -235.0835139751013,
            "gic_blocker": 0.0
        },
        "9": {
            "volt_mag": 0.0,
            "gic_blocker": 0.0
        },
        "14": {
            "volt_mag": 734.8218564455703,
            "gic_blocker": 0.0
        },
        "3": {
            "volt_mag": 169.3265679781957,
            "gic_blocker": 0.0
        },
        "7": {
            "volt_mag": 0.0,
            "gic_blocker": 0.0
        },
        "25": {
            "volt_mag": 0.0,
            "gic_blocker": 0.0
        },
        "4": {
            "volt_mag": -234.3132936058883,
            "gic_blocker": 0.0
        },
        "13": {
            "volt_mag": -51.23576060904215,
            "gic_blocker": 0.0
        },
        "15": {
            "volt_mag": 0.0,
            "gic_blocker": 0.0
        },
        "2": {
            "volt_mag": -23.76086515654355,
            "gic_blocker": 0.0
        },
        "10": {
            "volt_mag": -632.0866185636403,
            "gic_blocker": 0.0
        },
        "18": {
            "volt_mag": 1550.8168697401438,
            "gic_blocker": 0.0
        },
        "21": {
            "volt_mag": 180.17149487267469,
            "gic_blocker": 0.0
        },
        "26": {
            "volt_mag": -51.460316346394634,
            "gic_blocker": 0.0
        },
        "27": {
            "volt_mag": -200.3623487466911,
            "gic_blocker": 0.0
        }
    },
    "bus": {
        "5": {
            "qd": 4.0249999999999995,
            "pd": 13.799999999999999
        },
        "16": {
            "qd": 2.1,
            "pd": 4.0
        },
        "20": {
            "qd": 0.0,
            "pd": 0.0
        },
        "12": {
            "qd": 0.0,
            "pd": 0.0
        },
        "8": {
            "qd": 0.0,
            "pd": 0.0
        },
        "17": {
            "qd": 0.0,
            "pd": 0.0
        },
        "1": {
            "qd": 0.0,
            "pd": 0.0
        },
        "19": {
            "qd": 0.0,
            "pd": 0.0
        },
        "6": {
            "qd": 1.5750000000000002,
            "pd": 3.1500000000000004
        },
        "11": {
            "qd": 0.0,
            "pd": 0.0
        },
        "14": {
            "qd": 0.0,
            "pd": 0.0
        },
        "3": {
            "qd": 0.0,
            "pd": 0.0
        },
        "7": {
            "qd": 0.0,
            "pd": 0.0
        },
        "4": {
            "qd": 6.0,
            "pd": 12.0
        },
        "13": {
            "qd": 0.0,
            "pd": 0.0
        },
        "15": {
            "qd": 4.5,
            "pd": 13.799999999999999
        },
        "2": {
            "qd": 0.0,
            "pd": 0.0
        },
        "21": {
            "qd": 0.0,
            "pd": 0.0
        },
        "18": {
            "qd": 0.0,
            "pd": 0.0
        }
    }
}
