{
    "gmd_bus": {
        "5": {
            "volt_mag": -119.97837671339717,
            "gic_blocker": 0.0
        },
        "16": {
            "volt_mag": 0.0,
            "gic_blocker": 0.0
        },
        "20": {
            "volt_mag": 0.0,
            "gic_blocker": 0.0
        },
        "12": {
            "volt_mag": -369.92391637445826,
            "gic_blocker": 1.0
        },
        "24": {
            "volt_mag": 0.0,
            "gic_blocker": 0.0
        },
        "8": {
            "volt_mag": 1011.7583948851625,
            "gic_blocker": 1.0
        },
        "17": {
            "volt_mag": 467.669109926797,
            "gic_blocker": 0.0
        },
        "1": {
            "volt_mag": 0.0,
            "gic_blocker": 0.0
        },
        "19": {
            "volt_mag": 0.0,
            "gic_blocker": 0.0
        },
        "22": {
            "volt_mag": 52.575290230162686,
            "gic_blocker": 1.0
        },
        "23": {
            "volt_mag": -215.45887174231092,
            "gic_blocker": 0.0
        },
        "6": {
            "volt_mag": 156.6107052724711,
            "gic_blocker": 0.0
        },
        "11": {
            "volt_mag": -367.5536998371252,
            "gic_blocker": 0.0
        },
        "9": {
            "volt_mag": 0.0,
            "gic_blocker": 0.0
        },
        "14": {
            "volt_mag": 195.7633815905889,
            "gic_blocker": 0.0
        },
        "3": {
            "volt_mag": 52.57528960261575,
            "gic_blocker": 0.9999996419152661
        },
        "7": {
            "volt_mag": 0.0,
            "gic_blocker": 0.0
        },
        "25": {
            "volt_mag": 0.0,
            "gic_blocker": 0.0
        },
        "4": {
            "volt_mag": -366.3236295088251,
            "gic_blocker": 6.818725918500009e-7
        },
        "13": {
            "volt_mag": -125.97893154979903,
            "gic_blocker": 0.0
        },
        "15": {
            "volt_mag": 0.0,
            "gic_blocker": 0.0
        },
        "2": {
            "volt_mag": -215.45887174231092,
            "gic_blocker": 1.0
        },
        "10": {
            "volt_mag": -793.1322457977689,
            "gic_blocker": 0.0
        },
        "18": {
            "volt_mag": 1011.7583948851625,
            "gic_blocker": 0.0
        },
        "21": {
            "volt_mag": 49.36535477416181,
            "gic_blocker": 1.0
        },
        "26": {
            "volt_mag": -122.97538190511327,
            "gic_blocker": 0.0
        },
        "27": {
            "volt_mag": -739.4208236016726,
            "gic_blocker": 1.0
        }
    },
    "bus": {
        "5": {
            "qd": 3.6750000000000003,
            "pd": 13.200000000000001
        },
        "16": {
            "qd": 1.9,
            "pd": 4.0
        },
        "20": {
            "qd": 0.0,
            "pd": 0.0
        },
        "12": {
            "qd": 0.0,
            "pd": 0.0
        },
        "8": {
            "qd": 0.0,
            "pd": 0.0
        },
        "17": {
            "qd": 0.0,
            "pd": 0.0
        },
        "1": {
            "qd": 0.0,
            "pd": 0.0
        },
        "19": {
            "qd": 0.0,
            "pd": 0.0
        },
        "6": {
            "qd": 1.35,
            "pd": 3.0
        },
        "11": {
            "qd": 0.0,
            "pd": 0.0
        },
        "14": {
            "qd": 0.0,
            "pd": 0.0
        },
        "3": {
            "qd": 0.0,
            "pd": 0.0
        },
        "7": {
            "qd": 0.0,
            "pd": 0.0
        },
        "4": {
            "qd": 7.199999999999999,
            "pd": 16.5
        },
        "13": {
            "qd": 0.0,
            "pd": 0.0
        },
        "15": {
            "qd": 5.25,
            "pd": 13.799999999999999
        },
        "2": {
            "qd": 0.0,
            "pd": 0.0
        },
        "21": {
            "qd": 0.0,
            "pd": 0.0
        },
        "18": {
            "qd": 0.0,
            "pd": 0.0
        }
    }
}
