{
    "gmd_bus": {
        "5": {
            "volt_mag": -143.24226874069757,
            "gic_blocker": 0.0
        },
        "16": {
            "volt_mag": 0.0,
            "gic_blocker": 0.0
        },
        "20": {
            "volt_mag": 0.0,
            "gic_blocker": 0.0
        },
        "12": {
            "volt_mag": -475.0466846148415,
            "gic_blocker": 0.0
        },
        "24": {
            "volt_mag": 0.0,
            "gic_blocker": 0.0
        },
        "8": {
            "volt_mag": 995.0478491825567,
            "gic_blocker": 1.0
        },
        "17": {
            "volt_mag": 450.9585642241912,
            "gic_blocker": 0.0
        },
        "1": {
            "volt_mag": 0.0,
            "gic_blocker": 0.0
        },
        "19": {
            "volt_mag": 0.0,
            "gic_blocker": 0.0
        },
        "22": {
            "volt_mag": 2.3633251967449103,
            "gic_blocker": 0.0
        },
        "23": {
            "volt_mag": -274.2815612529388,
            "gic_blocker": 0.0
        },
        "6": {
            "volt_mag": 143.24226871038644,
            "gic_blocker": 0.0
        },
        "11": {
            "volt_mag": -475.0509187120719,
            "gic_blocker": 0.0
        },
        "9": {
            "volt_mag": 0.0,
            "gic_blocker": 0.0
        },
        "14": {
            "volt_mag": 179.05283588798306,
            "gic_blocker": 0.0
        },
        "3": {
            "volt_mag": 2.3633251947241685,
            "gic_blocker": 0.9999999743487413
        },
        "7": {
            "volt_mag": 0.0,
            "gic_blocker": 0.0
        },
        "25": {
            "volt_mag": 0.0,
            "gic_blocker": 0.0
        },
        "4": {
            "volt_mag": -475.05038944993,
            "gic_blocker": 1.0
        },
        "13": {
            "volt_mag": -150.56081565030337,
            "gic_blocker": 0.0
        },
        "15": {
            "volt_mag": 0.0,
            "gic_blocker": 0.0
        },
        "2": {
            "volt_mag": -274.2815612529388,
            "gic_blocker": 1.0
        },
        "10": {
            "volt_mag": -876.3333797954328,
            "gic_blocker": 0.0
        },
        "18": {
            "volt_mag": 995.0478491825567,
            "gic_blocker": 0.0
        },
        "21": {
            "volt_mag": -0.9884265831909341,
            "gic_blocker": 0.0
        },
        "26": {
            "volt_mag": -146.58867497591314,
            "gic_blocker": 0.0
        },
        "27": {
            "volt_mag": -756.1313693042786,
            "gic_blocker": 0.0
        }
    },
    "bus": {
        "5": {
            "qd": 4.2,
            "pd": 13.200000000000001
        },
        "16": {
            "qd": 1.7,
            "pd": 4.75
        },
        "20": {
            "qd": 0.0,
            "pd": 0.0
        },
        "12": {
            "qd": 0.0,
            "pd": 0.0
        },
        "8": {
            "qd": 0.0,
            "pd": 0.0
        },
        "17": {
            "qd": 0.0,
            "pd": 0.0
        },
        "1": {
            "qd": 0.0,
            "pd": 0.0
        },
        "19": {
            "qd": 0.0,
            "pd": 0.0
        },
        "6": {
            "qd": 1.7999999999999998,
            "pd": 3.3000000000000003
        },
        "11": {
            "qd": 0.0,
            "pd": 0.0
        },
        "14": {
            "qd": 0.0,
            "pd": 0.0
        },
        "3": {
            "qd": 0.0,
            "pd": 0.0
        },
        "7": {
            "qd": 0.0,
            "pd": 0.0
        },
        "4": {
            "qd": 6.8999999999999995,
            "pd": 18.0
        },
        "13": {
            "qd": 0.0,
            "pd": 0.0
        },
        "15": {
            "qd": 5.75,
            "pd": 11.399999999999999
        },
        "2": {
            "qd": 0.0,
            "pd": 0.0
        },
        "21": {
            "qd": 0.0,
            "pd": 0.0
        },
        "18": {
            "qd": 0.0,
            "pd": 0.0
        }
    }
}
