{
    "gmd_bus": {
        "5": {
            "volt_mag": -108.16883330830358,
            "gic_blocker": 0.0
        },
        "16": {
            "volt_mag": 0.0,
            "gic_blocker": 0.0
        },
        "20": {
            "volt_mag": 0.0,
            "gic_blocker": 0.0
        },
        "12": {
            "volt_mag": -343.57931014021307,
            "gic_blocker": 0.0
        },
        "24": {
            "volt_mag": 0.0,
            "gic_blocker": 0.0
        },
        "8": {
            "volt_mag": 1020.4308113977105,
            "gic_blocker": 1.0
        },
        "17": {
            "volt_mag": 476.341526439345,
            "gic_blocker": 0.0
        },
        "1": {
            "volt_mag": 0.0,
            "gic_blocker": 0.0
        },
        "19": {
            "volt_mag": 0.0,
            "gic_blocker": 0.0
        },
        "22": {
            "volt_mag": 88.57358031966658,
            "gic_blocker": 0.0
        },
        "23": {
            "volt_mag": -46.35995679001799,
            "gic_blocker": 0.0
        },
        "6": {
            "volt_mag": 163.54863848250946,
            "gic_blocker": 0.0
        },
        "11": {
            "volt_mag": -340.91149408129195,
            "gic_blocker": 0.0
        },
        "9": {
            "volt_mag": 0.0,
            "gic_blocker": 0.0
        },
        "14": {
            "volt_mag": 204.43579810313682,
            "gic_blocker": 0.0
        },
        "3": {
            "volt_mag": 88.57358033066548,
            "gic_blocker": 1.0000000037253471
        },
        "7": {
            "volt_mag": 0.0,
            "gic_blocker": 0.0
        },
        "25": {
            "volt_mag": 0.0,
            "gic_blocker": 0.0
        },
        "4": {
            "volt_mag": -339.8290168618119,
            "gic_blocker": -5.082773988597254e-9
        },
        "13": {
            "volt_mag": -113.94832174701652,
            "gic_blocker": 0.0
        },
        "15": {
            "volt_mag": 0.0,
            "gic_blocker": 0.0
        },
        "2": {
            "volt_mag": -42.793806300627224,
            "gic_blocker": 0.0
        },
        "10": {
            "volt_mag": -695.382207194295,
            "gic_blocker": 0.0
        },
        "18": {
            "volt_mag": 1020.4308113977105,
            "gic_blocker": 0.0
        },
        "21": {
            "volt_mag": 84.68085338303194,
            "gic_blocker": 0.0
        },
        "26": {
            "volt_mag": -110.31648376433368,
            "gic_blocker": 0.0
        },
        "27": {
            "volt_mag": -730.7484070891247,
            "gic_blocker": 0.0
        }
    },
    "bus": {
        "5": {
            "qd": 3.8500000000000005,
            "pd": 10.2
        },
        "16": {
            "qd": 2.4,
            "pd": 5.75
        },
        "20": {
            "qd": 0.0,
            "pd": 0.0
        },
        "12": {
            "qd": 0.0,
            "pd": 0.0
        },
        "8": {
            "qd": 0.0,
            "pd": 0.0
        },
        "17": {
            "qd": 0.0,
            "pd": 0.0
        },
        "1": {
            "qd": 0.0,
            "pd": 0.0
        },
        "19": {
            "qd": 0.0,
            "pd": 0.0
        },
        "6": {
            "qd": 1.7249999999999999,
            "pd": 2.4000000000000004
        },
        "11": {
            "qd": 0.0,
            "pd": 0.0
        },
        "14": {
            "qd": 0.0,
            "pd": 0.0
        },
        "3": {
            "qd": 0.0,
            "pd": 0.0
        },
        "7": {
            "qd": 0.0,
            "pd": 0.0
        },
        "4": {
            "qd": 5.1,
            "pd": 17.25
        },
        "13": {
            "qd": 0.0,
            "pd": 0.0
        },
        "15": {
            "qd": 5.75,
            "pd": 12.0
        },
        "2": {
            "qd": 0.0,
            "pd": 0.0
        },
        "21": {
            "qd": 0.0,
            "pd": 0.0
        },
        "18": {
            "qd": 0.0,
            "pd": 0.0
        }
    }
}
