{
    "gmd_bus": {
        "5": {
            "volt_mag": -484.43121968241906,
            "gic_blocker": 1.0000000099634894
        },
        "16": {
            "volt_mag": 0.0,
            "gic_blocker": 0.0
        },
        "20": {
            "volt_mag": 0.0,
            "gic_blocker": 0.0
        },
        "12": {
            "volt_mag": -618.180792986212,
            "gic_blocker": 0.0
        },
        "24": {
            "volt_mag": 0.0,
            "gic_blocker": 0.0
        },
        "8": {
            "volt_mag": 1266.8236561463318,
            "gic_blocker": 0.9999999999991764
        },
        "17": {
            "volt_mag": 722.7343711962255,
            "gic_blocker": 0.0
        },
        "1": {
            "volt_mag": 0.0,
            "gic_blocker": 0.0
        },
        "19": {
            "volt_mag": 0.0,
            "gic_blocker": 0.0
        },
        "22": {
            "volt_mag": -1.1697898889611559e-5,
            "gic_blocker": 0.0
        },
        "23": {
            "volt_mag": -413.1934444044671,
            "gic_blocker": 0.0
        },
        "6": {
            "volt_mag": 450.82864286451957,
            "gic_blocker": 0.9999999999952057
        },
        "11": {
            "volt_mag": -618.1708123161491,
            "gic_blocker": 0.0
        },
        "9": {
            "volt_mag": 0.0,
            "gic_blocker": 0.0
        },
        "14": {
            "volt_mag": 450.8286428650599,
            "gic_blocker": 0.0
        },
        "3": {
            "volt_mag": -1.1320547321656785e-5,
            "gic_blocker": 0.0
        },
        "7": {
            "volt_mag": 0.0,
            "gic_blocker": 0.0
        },
        "25": {
            "volt_mag": 0.0,
            "gic_blocker": 0.0
        },
        "4": {
            "volt_mag": -618.1720599245274,
            "gic_blocker": 1.0000000095695671
        },
        "13": {
            "volt_mag": -484.43161107013185,
            "gic_blocker": 0.0
        },
        "15": {
            "volt_mag": 0.0,
            "gic_blocker": 0.0
        },
        "2": {
            "volt_mag": -413.1934444442804,
            "gic_blocker": 1.0000000011562615
        },
        "10": {
            "volt_mag": -1017.3528282497606,
            "gic_blocker": 0.0
        },
        "18": {
            "volt_mag": 1266.8236561465055,
            "gic_blocker": 0.0
        },
        "21": {
            "volt_mag": 0.01317597191972065,
            "gic_blocker": 0.0
        },
        "26": {
            "volt_mag": -484.4306321181728,
            "gic_blocker": 0.0
        },
        "27": {
            "volt_mag": -484.35556233224406,
            "gic_blocker": 0.0
        }
    },
    "bus": {
        "5": {
            "qd": 3.6750000000000003,
            "pd": 10.2
        },
        "16": {
            "qd": 2.3,
            "pd": 4.75
        },
        "20": {
            "qd": 0.0,
            "pd": 0.0
        },
        "12": {
            "qd": 0.0,
            "pd": 0.0
        },
        "8": {
            "qd": 0.0,
            "pd": 0.0
        },
        "17": {
            "qd": 0.0,
            "pd": 0.0
        },
        "1": {
            "qd": 0.0,
            "pd": 0.0
        },
        "19": {
            "qd": 0.0,
            "pd": 0.0
        },
        "6": {
            "qd": 1.2000000000000002,
            "pd": 3.0
        },
        "11": {
            "qd": 0.0,
            "pd": 0.0
        },
        "14": {
            "qd": 0.0,
            "pd": 0.0
        },
        "3": {
            "qd": 0.0,
            "pd": 0.0
        },
        "7": {
            "qd": 0.0,
            "pd": 0.0
        },
        "4": {
            "qd": 6.300000000000001,
            "pd": 13.5
        },
        "13": {
            "qd": 0.0,
            "pd": 0.0
        },
        "15": {
            "qd": 4.75,
            "pd": 14.399999999999999
        },
        "2": {
            "qd": 0.0,
            "pd": 0.0
        },
        "21": {
            "qd": 0.0,
            "pd": 0.0
        },
        "18": {
            "qd": 0.0,
            "pd": 0.0
        }
    }
}
