{
    "gmd_bus": {
        "5": {
            "volt_mag": -484.43121936714834,
            "gic_blocker": 1.0000000099639357
        },
        "16": {
            "volt_mag": 0.0,
            "gic_blocker": 0.0
        },
        "20": {
            "volt_mag": 0.0,
            "gic_blocker": 0.0
        },
        "12": {
            "volt_mag": -618.1807926807867,
            "gic_blocker": 0.0
        },
        "24": {
            "volt_mag": 0.0,
            "gic_blocker": 0.0
        },
        "8": {
            "volt_mag": 1266.8236563809965,
            "gic_blocker": 0.9999999999992277
        },
        "17": {
            "volt_mag": 722.7343714303754,
            "gic_blocker": 0.0
        },
        "1": {
            "volt_mag": 0.0,
            "gic_blocker": 0.0
        },
        "19": {
            "volt_mag": 0.0,
            "gic_blocker": 0.0
        },
        "22": {
            "volt_mag": -1.152553896548726e-5,
            "gic_blocker": 0.0
        },
        "23": {
            "volt_mag": -413.1934435939053,
            "gic_blocker": 0.0
        },
        "6": {
            "volt_mag": 450.8286430981451,
            "gic_blocker": 0.999999999993342
        },
        "11": {
            "volt_mag": -618.1708120089871,
            "gic_blocker": 0.0
        },
        "9": {
            "volt_mag": 0.0,
            "gic_blocker": 0.0
        },
        "14": {
            "volt_mag": 450.82864309889555,
            "gic_blocker": 0.0
        },
        "3": {
            "volt_mag": -1.115374739495037e-5,
            "gic_blocker": 0.0
        },
        "7": {
            "volt_mag": 0.0,
            "gic_blocker": 0.0
        },
        "25": {
            "volt_mag": 0.0,
            "gic_blocker": 0.0
        },
        "4": {
            "volt_mag": -618.1720596175609,
            "gic_blocker": 1.0000000095611419
        },
        "13": {
            "volt_mag": -484.43161075555946,
            "gic_blocker": 0.0
        },
        "15": {
            "volt_mag": 0.0,
            "gic_blocker": 0.0
        },
        "2": {
            "volt_mag": -413.1934436197402,
            "gic_blocker": 1.0000000007502958
        },
        "10": {
            "volt_mag": -1017.3528276913247,
            "gic_blocker": 0.0
        },
        "18": {
            "volt_mag": 1266.8236563811595,
            "gic_blocker": 0.0
        },
        "21": {
            "volt_mag": 0.013176147448785633,
            "gic_blocker": 0.0
        },
        "26": {
            "volt_mag": -484.43063180183276,
            "gic_blocker": 0.0
        },
        "27": {
            "volt_mag": -484.3555620980943,
            "gic_blocker": 0.0
        }
    },
    "bus": {
        "5": {
            "qd": 2.8000000000000003,
            "pd": 9.600000000000001
        },
        "16": {
            "qd": 1.8,
            "pd": 4.75
        },
        "20": {
            "qd": 0.0,
            "pd": 0.0
        },
        "12": {
            "qd": 0.0,
            "pd": 0.0
        },
        "8": {
            "qd": 0.0,
            "pd": 0.0
        },
        "17": {
            "qd": 0.0,
            "pd": 0.0
        },
        "1": {
            "qd": 0.0,
            "pd": 0.0
        },
        "19": {
            "qd": 0.0,
            "pd": 0.0
        },
        "6": {
            "qd": 1.5,
            "pd": 3.0
        },
        "11": {
            "qd": 0.0,
            "pd": 0.0
        },
        "14": {
            "qd": 0.0,
            "pd": 0.0
        },
        "3": {
            "qd": 0.0,
            "pd": 0.0
        },
        "7": {
            "qd": 0.0,
            "pd": 0.0
        },
        "4": {
            "qd": 7.199999999999999,
            "pd": 17.25
        },
        "13": {
            "qd": 0.0,
            "pd": 0.0
        },
        "15": {
            "qd": 4.5,
            "pd": 11.399999999999999
        },
        "2": {
            "qd": 0.0,
            "pd": 0.0
        },
        "21": {
            "qd": 0.0,
            "pd": 0.0
        },
        "18": {
            "qd": 0.0,
            "pd": 0.0
        }
    }
}
