{
    "gmd_bus": {
        "5": {
            "volt_mag": -484.4312194125065,
            "gic_blocker": 1.0000000099633044
        },
        "16": {
            "volt_mag": 0.0,
            "gic_blocker": 0.0
        },
        "20": {
            "volt_mag": 0.0,
            "gic_blocker": 0.0
        },
        "12": {
            "volt_mag": -618.1807927258501,
            "gic_blocker": 0.0
        },
        "24": {
            "volt_mag": 0.0,
            "gic_blocker": 0.0
        },
        "8": {
            "volt_mag": 1266.8236563835133,
            "gic_blocker": 1.0000000000008258
        },
        "17": {
            "volt_mag": 722.7343714168654,
            "gic_blocker": 0.0
        },
        "1": {
            "volt_mag": 0.0,
            "gic_blocker": 0.0
        },
        "19": {
            "volt_mag": 0.0,
            "gic_blocker": 0.0
        },
        "22": {
            "volt_mag": -1.1550010465458018e-5,
            "gic_blocker": 0.0
        },
        "23": {
            "volt_mag": -413.1934437348154,
            "gic_blocker": 0.0
        },
        "6": {
            "volt_mag": 450.82864307532054,
            "gic_blocker": 0.999999999997514
        },
        "11": {
            "volt_mag": -618.1708120543989,
            "gic_blocker": 0.0
        },
        "9": {
            "volt_mag": 0.0,
            "gic_blocker": 0.0
        },
        "14": {
            "volt_mag": 450.8286430756008,
            "gic_blocker": 0.0
        },
        "3": {
            "volt_mag": -1.1177429491715365e-5,
            "gic_blocker": 0.0
        },
        "7": {
            "volt_mag": 0.0,
            "gic_blocker": 0.0
        },
        "25": {
            "volt_mag": 0.0,
            "gic_blocker": 0.0
        },
        "4": {
            "volt_mag": -618.1720596629447,
            "gic_blocker": 1.0000000095671704
        },
        "13": {
            "volt_mag": -484.4316108007679,
            "gic_blocker": 0.0
        },
        "15": {
            "volt_mag": 0.0,
            "gic_blocker": 0.0
        },
        "2": {
            "volt_mag": -413.19344376326353,
            "gic_blocker": 1.0000000008261896
        },
        "10": {
            "volt_mag": -1017.3528277844048,
            "gic_blocker": 0.0
        },
        "18": {
            "volt_mag": 1266.8236563833389,
            "gic_blocker": 0.0
        },
        "21": {
            "volt_mag": 0.013176122698585842,
            "gic_blocker": 0.0
        },
        "26": {
            "volt_mag": -484.4306318474462,
            "gic_blocker": 0.0
        },
        "27": {
            "volt_mag": -484.35556211160434,
            "gic_blocker": 0.0
        }
    },
    "bus": {
        "5": {
            "qd": 3.6750000000000003,
            "pd": 10.2
        },
        "16": {
            "qd": 1.8,
            "pd": 5.0
        },
        "20": {
            "qd": 0.0,
            "pd": 0.0
        },
        "12": {
            "qd": 0.0,
            "pd": 0.0
        },
        "8": {
            "qd": 0.0,
            "pd": 0.0
        },
        "17": {
            "qd": 0.0,
            "pd": 0.0
        },
        "1": {
            "qd": 0.0,
            "pd": 0.0
        },
        "19": {
            "qd": 0.0,
            "pd": 0.0
        },
        "6": {
            "qd": 1.35,
            "pd": 2.8499999999999996
        },
        "11": {
            "qd": 0.0,
            "pd": 0.0
        },
        "14": {
            "qd": 0.0,
            "pd": 0.0
        },
        "3": {
            "qd": 0.0,
            "pd": 0.0
        },
        "7": {
            "qd": 0.0,
            "pd": 0.0
        },
        "4": {
            "qd": 6.6000000000000005,
            "pd": 12.0
        },
        "13": {
            "qd": 0.0,
            "pd": 0.0
        },
        "15": {
            "qd": 6.0,
            "pd": 11.399999999999999
        },
        "2": {
            "qd": 0.0,
            "pd": 0.0
        },
        "21": {
            "qd": 0.0,
            "pd": 0.0
        },
        "18": {
            "qd": 0.0,
            "pd": 0.0
        }
    }
}
