{
    "gmd_bus": {
        "5": {
            "volt_mag": -484.431219357225,
            "gic_blocker": 1.0000000099630164
        },
        "16": {
            "volt_mag": 0.0,
            "gic_blocker": 0.0
        },
        "20": {
            "volt_mag": 0.0,
            "gic_blocker": 0.0
        },
        "12": {
            "volt_mag": -618.1807926716617,
            "gic_blocker": 0.0
        },
        "24": {
            "volt_mag": 0.0,
            "gic_blocker": 0.0
        },
        "8": {
            "volt_mag": 1266.823656384038,
            "gic_blocker": 0.999999999999057
        },
        "17": {
            "volt_mag": 722.7343714351302,
            "gic_blocker": 0.0
        },
        "1": {
            "volt_mag": 0.0,
            "gic_blocker": 0.0
        },
        "19": {
            "volt_mag": 0.0,
            "gic_blocker": 0.0
        },
        "22": {
            "volt_mag": -1.1520715061377673e-5,
            "gic_blocker": 0.0
        },
        "23": {
            "volt_mag": -413.19344357149726,
            "gic_blocker": 0.0
        },
        "6": {
            "volt_mag": 450.8286431038898,
            "gic_blocker": 0.999999999992843
        },
        "11": {
            "volt_mag": -618.1708119998107,
            "gic_blocker": 0.0
        },
        "9": {
            "volt_mag": 0.0,
            "gic_blocker": 0.0
        },
        "14": {
            "volt_mag": 450.8286431046965,
            "gic_blocker": 0.0
        },
        "3": {
            "volt_mag": -1.1149079100647005e-5,
            "gic_blocker": 0.0
        },
        "7": {
            "volt_mag": 0.0,
            "gic_blocker": 0.0
        },
        "25": {
            "volt_mag": 0.0,
            "gic_blocker": 0.0
        },
        "4": {
            "volt_mag": -618.1720596083867,
            "gic_blocker": 1.0000000095595836
        },
        "13": {
            "volt_mag": -484.43161074567655,
            "gic_blocker": 0.0
        },
        "15": {
            "volt_mag": 0.0,
            "gic_blocker": 0.0
        },
        "2": {
            "volt_mag": -413.1934435969598,
            "gic_blocker": 1.0000000007394827
        },
        "10": {
            "volt_mag": -1017.3528276755436,
            "gic_blocker": 0.0
        },
        "18": {
            "volt_mag": 1266.823656384237,
            "gic_blocker": 0.0
        },
        "21": {
            "volt_mag": 0.013176152355121049,
            "gic_blocker": 0.0
        },
        "26": {
            "volt_mag": -484.4306317918935,
            "gic_blocker": 0.0
        },
        "27": {
            "volt_mag": -484.35556209333936,
            "gic_blocker": 0.0
        }
    },
    "bus": {
        "5": {
            "qd": 3.6750000000000003,
            "pd": 9.600000000000001
        },
        "16": {
            "qd": 1.8,
            "pd": 5.5
        },
        "20": {
            "qd": 0.0,
            "pd": 0.0
        },
        "12": {
            "qd": 0.0,
            "pd": 0.0
        },
        "8": {
            "qd": 0.0,
            "pd": 0.0
        },
        "17": {
            "qd": 0.0,
            "pd": 0.0
        },
        "1": {
            "qd": 0.0,
            "pd": 0.0
        },
        "19": {
            "qd": 0.0,
            "pd": 0.0
        },
        "6": {
            "qd": 1.5750000000000002,
            "pd": 2.4000000000000004
        },
        "11": {
            "qd": 0.0,
            "pd": 0.0
        },
        "14": {
            "qd": 0.0,
            "pd": 0.0
        },
        "3": {
            "qd": 0.0,
            "pd": 0.0
        },
        "7": {
            "qd": 0.0,
            "pd": 0.0
        },
        "4": {
            "qd": 7.199999999999999,
            "pd": 16.5
        },
        "13": {
            "qd": 0.0,
            "pd": 0.0
        },
        "15": {
            "qd": 4.5,
            "pd": 10.2
        },
        "2": {
            "qd": 0.0,
            "pd": 0.0
        },
        "21": {
            "qd": 0.0,
            "pd": 0.0
        },
        "18": {
            "qd": 0.0,
            "pd": 0.0
        }
    }
}
