{
    "gmd_bus": {
        "5": {
            "volt_mag": -143.24226874472137,
            "gic_blocker": 0.0
        },
        "16": {
            "volt_mag": 0.0,
            "gic_blocker": 0.0
        },
        "20": {
            "volt_mag": 0.0,
            "gic_blocker": 0.0
        },
        "12": {
            "volt_mag": -475.04668462621197,
            "gic_blocker": 0.0
        },
        "24": {
            "volt_mag": 0.0,
            "gic_blocker": 0.0
        },
        "8": {
            "volt_mag": 995.0478491772064,
            "gic_blocker": 1.0
        },
        "17": {
            "volt_mag": 450.958564218841,
            "gic_blocker": 0.0
        },
        "1": {
            "volt_mag": 0.0,
            "gic_blocker": 0.0
        },
        "19": {
            "volt_mag": 0.0,
            "gic_blocker": 0.0
        },
        "22": {
            "volt_mag": 2.3633251712171863,
            "gic_blocker": 0.0
        },
        "23": {
            "volt_mag": -274.28156126831885,
            "gic_blocker": 0.0
        },
        "6": {
            "volt_mag": 143.24226870610627,
            "gic_blocker": 0.0
        },
        "11": {
            "volt_mag": -475.0509187234559,
            "gic_blocker": 0.0
        },
        "9": {
            "volt_mag": 0.0,
            "gic_blocker": 0.0
        },
        "14": {
            "volt_mag": 179.05283588263285,
            "gic_blocker": 0.0
        },
        "3": {
            "volt_mag": 2.3633251686428474,
            "gic_blocker": 0.999999967321394
        },
        "7": {
            "volt_mag": 0.0,
            "gic_blocker": 0.0
        },
        "25": {
            "volt_mag": 0.0,
            "gic_blocker": 0.0
        },
        "4": {
            "volt_mag": -475.0503894613123,
            "gic_blocker": 1.0
        },
        "13": {
            "volt_mag": -150.56081565445803,
            "gic_blocker": 0.0
        },
        "15": {
            "volt_mag": 0.0,
            "gic_blocker": 0.0
        },
        "2": {
            "volt_mag": -274.28156126831885,
            "gic_blocker": 1.0
        },
        "10": {
            "volt_mag": -876.3333798088115,
            "gic_blocker": 0.0
        },
        "18": {
            "volt_mag": 995.0478491772064,
            "gic_blocker": 0.0
        },
        "21": {
            "volt_mag": -0.9884266081113954,
            "gic_blocker": 0.0
        },
        "26": {
            "volt_mag": -146.58867498014303,
            "gic_blocker": 0.0
        },
        "27": {
            "volt_mag": -756.1313693096289,
            "gic_blocker": 0.0
        }
    },
    "bus": {
        "5": {
            "qd": 4.2,
            "pd": 13.799999999999999
        },
        "16": {
            "qd": 2.3,
            "pd": 6.0
        },
        "20": {
            "qd": 0.0,
            "pd": 0.0
        },
        "12": {
            "qd": 0.0,
            "pd": 0.0
        },
        "8": {
            "qd": 0.0,
            "pd": 0.0
        },
        "17": {
            "qd": 0.0,
            "pd": 0.0
        },
        "1": {
            "qd": 0.0,
            "pd": 0.0
        },
        "19": {
            "qd": 0.0,
            "pd": 0.0
        },
        "6": {
            "qd": 1.275,
            "pd": 3.0
        },
        "11": {
            "qd": 0.0,
            "pd": 0.0
        },
        "14": {
            "qd": 0.0,
            "pd": 0.0
        },
        "3": {
            "qd": 0.0,
            "pd": 0.0
        },
        "7": {
            "qd": 0.0,
            "pd": 0.0
        },
        "4": {
            "qd": 6.6000000000000005,
            "pd": 14.25
        },
        "13": {
            "qd": 0.0,
            "pd": 0.0
        },
        "15": {
            "qd": 6.0,
            "pd": 12.0
        },
        "2": {
            "qd": 0.0,
            "pd": 0.0
        },
        "21": {
            "qd": 0.0,
            "pd": 0.0
        },
        "18": {
            "qd": 0.0,
            "pd": 0.0
        }
    }
}
