{
    "gmd_bus": {
        "5": {
            "volt_mag": -108.16883434968518,
            "gic_blocker": -6.836406348496764e-9
        },
        "16": {
            "volt_mag": 0.0,
            "gic_blocker": 0.0
        },
        "20": {
            "volt_mag": 0.0,
            "gic_blocker": 0.0
        },
        "12": {
            "volt_mag": -343.57931393822656,
            "gic_blocker": 0.0
        },
        "24": {
            "volt_mag": 0.0,
            "gic_blocker": 0.0
        },
        "8": {
            "volt_mag": 1020.43080814162,
            "gic_blocker": 1.0
        },
        "17": {
            "volt_mag": 476.34152318325454,
            "gic_blocker": 0.0
        },
        "1": {
            "volt_mag": 0.0,
            "gic_blocker": 0.0
        },
        "19": {
            "volt_mag": 0.0,
            "gic_blocker": 0.0
        },
        "22": {
            "volt_mag": 88.57356861236634,
            "gic_blocker": 0.0
        },
        "23": {
            "volt_mag": -46.35996002434671,
            "gic_blocker": 0.0
        },
        "6": {
            "volt_mag": 163.54863559966512,
            "gic_blocker": -8.498145920001189e-9
        },
        "11": {
            "volt_mag": -340.91149784891894,
            "gic_blocker": 0.0
        },
        "9": {
            "volt_mag": 0.0,
            "gic_blocker": 0.0
        },
        "14": {
            "volt_mag": 204.43579484704645,
            "gic_blocker": 0.0
        },
        "3": {
            "volt_mag": 88.57356834584482,
            "gic_blocker": 0.9999999097287586
        },
        "7": {
            "volt_mag": 0.0,
            "gic_blocker": 0.0
        },
        "25": {
            "volt_mag": 0.0,
            "gic_blocker": 0.0
        },
        "4": {
            "volt_mag": -339.8290206160522,
            "gic_blocker": -6.17202600173256e-9
        },
        "13": {
            "volt_mag": -113.94832284877475,
            "gic_blocker": 0.0
        },
        "15": {
            "volt_mag": 0.0,
            "gic_blocker": 0.0
        },
        "2": {
            "volt_mag": -42.79380945553682,
            "gic_blocker": 5.1453235843567884e-8
        },
        "10": {
            "volt_mag": -695.3822106957241,
            "gic_blocker": 0.0
        },
        "18": {
            "volt_mag": 1020.43080814162,
            "gic_blocker": 0.0
        },
        "21": {
            "volt_mag": 84.68084195911342,
            "gic_blocker": 0.0
        },
        "26": {
            "volt_mag": -110.31648489323716,
            "gic_blocker": 0.0
        },
        "27": {
            "volt_mag": -730.7484103452151,
            "gic_blocker": 0.0
        }
    },
    "bus": {
        "5": {
            "qd": 4.2,
            "pd": 12.0
        },
        "16": {
            "qd": 2.0,
            "pd": 4.75
        },
        "20": {
            "qd": 0.0,
            "pd": 0.0
        },
        "12": {
            "qd": 0.0,
            "pd": 0.0
        },
        "8": {
            "qd": 0.0,
            "pd": 0.0
        },
        "17": {
            "qd": 0.0,
            "pd": 0.0
        },
        "1": {
            "qd": 0.0,
            "pd": 0.0
        },
        "19": {
            "qd": 0.0,
            "pd": 0.0
        },
        "6": {
            "qd": 1.2000000000000002,
            "pd": 3.4499999999999997
        },
        "11": {
            "qd": 0.0,
            "pd": 0.0
        },
        "14": {
            "qd": 0.0,
            "pd": 0.0
        },
        "3": {
            "qd": 0.0,
            "pd": 0.0
        },
        "7": {
            "qd": 0.0,
            "pd": 0.0
        },
        "4": {
            "qd": 5.4,
            "pd": 17.25
        },
        "13": {
            "qd": 0.0,
            "pd": 0.0
        },
        "15": {
            "qd": 5.5,
            "pd": 10.2
        },
        "2": {
            "qd": 0.0,
            "pd": 0.0
        },
        "21": {
            "qd": 0.0,
            "pd": 0.0
        },
        "18": {
            "qd": 0.0,
            "pd": 0.0
        }
    }
}
