{
    "gmd_bus": {
        "5": {
            "volt_mag": -602.191057511968,
            "gic_blocker": 1.0
        },
        "16": {
            "volt_mag": 0.0,
            "gic_blocker": 0.0
        },
        "20": {
            "volt_mag": 0.0,
            "gic_blocker": 0.0
        },
        "12": {
            "volt_mag": -639.8263428385033,
            "gic_blocker": 0.0
        },
        "24": {
            "volt_mag": 0.0,
            "gic_blocker": 0.0
        },
        "8": {
            "volt_mag": 63.62770819623072,
            "gic_blocker": 0.0
        },
        "17": {
            "volt_mag": 23.25777968531225,
            "gic_blocker": 0.0
        },
        "1": {
            "volt_mag": 0.0,
            "gic_blocker": 0.0
        },
        "19": {
            "volt_mag": 0.0,
            "gic_blocker": 0.0
        },
        "22": {
            "volt_mag": -97.92733673398719,
            "gic_blocker": 0.0
        },
        "23": {
            "volt_mag": -493.8939428818387,
            "gic_blocker": 0.0
        },
        "6": {
            "volt_mag": 47.1087792683682,
            "gic_blocker": 0.0
        },
        "11": {
            "volt_mag": -635.6392094617161,
            "gic_blocker": 0.0
        },
        "9": {
            "volt_mag": 0.0,
            "gic_blocker": 0.0
        },
        "14": {
            "volt_mag": 58.88597408546025,
            "gic_blocker": 0.0
        },
        "3": {
            "volt_mag": -94.76839046415567,
            "gic_blocker": 0.0
        },
        "7": {
            "volt_mag": 0.0,
            "gic_blocker": 0.0
        },
        "25": {
            "volt_mag": 0.0,
            "gic_blocker": 0.0
        },
        "4": {
            "volt_mag": -633.5229223252109,
            "gic_blocker": 0.0
        },
        "13": {
            "volt_mag": -602.3938999445329,
            "gic_blocker": 0.0
        },
        "15": {
            "volt_mag": 0.0,
            "gic_blocker": 0.0
        },
        "2": {
            "volt_mag": -493.8939428818387,
            "gic_blocker": 1.0
        },
        "10": {
            "volt_mag": -1066.3837802056194,
            "gic_blocker": 0.0
        },
        "18": {
            "volt_mag": 74.23232612288966,
            "gic_blocker": 0.0
        },
        "21": {
            "volt_mag": -102.61856230267348,
            "gic_blocker": 0.0
        },
        "26": {
            "volt_mag": -601.886793855514,
            "gic_blocker": 0.0
        },
        "27": {
            "volt_mag": -1183.8321538431574,
            "gic_blocker": 0.0
        }
    },
    "bus": {
        "5": {
            "qd": 4.2,
            "pd": 14.399999999999999
        },
        "16": {
            "qd": 2.4,
            "pd": 6.0
        },
        "20": {
            "qd": 0.0,
            "pd": 0.0
        },
        "12": {
            "qd": 0.0,
            "pd": 0.0
        },
        "8": {
            "qd": 0.0,
            "pd": 0.0
        },
        "17": {
            "qd": 0.0,
            "pd": 0.0
        },
        "1": {
            "qd": 0.0,
            "pd": 0.0
        },
        "19": {
            "qd": 0.0,
            "pd": 0.0
        },
        "6": {
            "qd": 1.5,
            "pd": 2.8499999999999996
        },
        "11": {
            "qd": 0.0,
            "pd": 0.0
        },
        "14": {
            "qd": 0.0,
            "pd": 0.0
        },
        "3": {
            "qd": 0.0,
            "pd": 0.0
        },
        "7": {
            "qd": 0.0,
            "pd": 0.0
        },
        "4": {
            "qd": 6.300000000000001,
            "pd": 12.75
        },
        "13": {
            "qd": 0.0,
            "pd": 0.0
        },
        "15": {
            "qd": 5.25,
            "pd": 10.8
        },
        "2": {
            "qd": 0.0,
            "pd": 0.0
        },
        "21": {
            "qd": 0.0,
            "pd": 0.0
        },
        "18": {
            "qd": 0.0,
            "pd": 0.0
        }
    }
}
