{
    "gmd_bus": {
        "5": {
            "volt_mag": -114.27849536280519,
            "gic_blocker": 8.592849141871065e-9
        },
        "16": {
            "volt_mag": 0.0,
            "gic_blocker": 0.0
        },
        "20": {
            "volt_mag": 0.0,
            "gic_blocker": 0.0
        },
        "12": {
            "volt_mag": -359.74000244517134,
            "gic_blocker": 0.0
        },
        "24": {
            "volt_mag": 0.0,
            "gic_blocker": 0.0
        },
        "8": {
            "volt_mag": 1010.5049669871577,
            "gic_blocker": 1.0
        },
        "17": {
            "volt_mag": 466.41568202879216,
            "gic_blocker": 0.0
        },
        "1": {
            "volt_mag": 0.0,
            "gic_blocker": 0.0
        },
        "19": {
            "volt_mag": 0.0,
            "gic_blocker": 0.0
        },
        "22": {
            "volt_mag": 38.82452370014509,
            "gic_blocker": 0.0
        },
        "23": {
            "volt_mag": -53.16053273019892,
            "gic_blocker": 0.0
        },
        "6": {
            "volt_mag": 155.60796296201465,
            "gic_blocker": 2.553664895378117e-10
        },
        "11": {
            "volt_mag": -356.9303631720408,
            "gic_blocker": 0.0
        },
        "9": {
            "volt_mag": 0.0,
            "gic_blocker": 0.0
        },
        "14": {
            "volt_mag": 194.50995369258405,
            "gic_blocker": 0.0
        },
        "3": {
            "volt_mag": 37.57211974011793,
            "gic_blocker": 0.0
        },
        "7": {
            "volt_mag": 0.0,
            "gic_blocker": 0.0
        },
        "25": {
            "volt_mag": 0.0,
            "gic_blocker": 0.0
        },
        "4": {
            "volt_mag": -355.79907199313294,
            "gic_blocker": 1.8356842505854346e-8
        },
        "13": {
            "volt_mag": -120.25015721133231,
            "gic_blocker": 0.0
        },
        "15": {
            "volt_mag": 0.0,
            "gic_blocker": 0.0
        },
        "2": {
            "volt_mag": -49.07126246020318,
            "gic_blocker": 3.81680455613806e-7
        },
        "10": {
            "volt_mag": -706.7997286041343,
            "gic_blocker": 0.0
        },
        "18": {
            "volt_mag": 1010.5049669871577,
            "gic_blocker": 0.0
        },
        "21": {
            "volt_mag": 36.21313880747597,
            "gic_blocker": 0.0
        },
        "26": {
            "volt_mag": -116.74885180415993,
            "gic_blocker": 0.0
        },
        "27": {
            "volt_mag": -740.6742514996777,
            "gic_blocker": 0.0
        }
    },
    "bus": {
        "5": {
            "qd": 2.975,
            "pd": 13.799999999999999
        },
        "16": {
            "qd": 1.9,
            "pd": 4.0
        },
        "20": {
            "qd": 0.0,
            "pd": 0.0
        },
        "12": {
            "qd": 0.0,
            "pd": 0.0
        },
        "8": {
            "qd": 0.0,
            "pd": 0.0
        },
        "17": {
            "qd": 0.0,
            "pd": 0.0
        },
        "1": {
            "qd": 0.0,
            "pd": 0.0
        },
        "19": {
            "qd": 0.0,
            "pd": 0.0
        },
        "6": {
            "qd": 1.6500000000000001,
            "pd": 3.3000000000000003
        },
        "11": {
            "qd": 0.0,
            "pd": 0.0
        },
        "14": {
            "qd": 0.0,
            "pd": 0.0
        },
        "3": {
            "qd": 0.0,
            "pd": 0.0
        },
        "7": {
            "qd": 0.0,
            "pd": 0.0
        },
        "4": {
            "qd": 6.8999999999999995,
            "pd": 15.0
        },
        "13": {
            "qd": 0.0,
            "pd": 0.0
        },
        "15": {
            "qd": 4.5,
            "pd": 11.399999999999999
        },
        "2": {
            "qd": 0.0,
            "pd": 0.0
        },
        "21": {
            "qd": 0.0,
            "pd": 0.0
        },
        "18": {
            "qd": 0.0,
            "pd": 0.0
        }
    }
}
