{
    "gmd_bus": {
        "5": {
            "volt_mag": -484.4312194258625,
            "gic_blocker": 1.0000000099626285
        },
        "16": {
            "volt_mag": 0.0,
            "gic_blocker": 0.0
        },
        "20": {
            "volt_mag": 0.0,
            "gic_blocker": 0.0
        },
        "12": {
            "volt_mag": -618.1807927388455,
            "gic_blocker": 0.0
        },
        "24": {
            "volt_mag": 0.0,
            "gic_blocker": 0.0
        },
        "8": {
            "volt_mag": 1266.823656371071,
            "gic_blocker": 1.0000000000007414
        },
        "17": {
            "volt_mag": 722.7343714052694,
            "gic_blocker": 0.0
        },
        "1": {
            "volt_mag": 0.0,
            "gic_blocker": 0.0
        },
        "19": {
            "volt_mag": 0.0,
            "gic_blocker": 0.0
        },
        "22": {
            "volt_mag": -1.1557800304829443e-5,
            "gic_blocker": 0.0
        },
        "23": {
            "volt_mag": -413.1934437727287,
            "gic_blocker": 0.0
        },
        "6": {
            "volt_mag": 450.8286430641939,
            "gic_blocker": 0.9999999999970958
        },
        "11": {
            "volt_mag": -618.1708120674606,
            "gic_blocker": 0.0
        },
        "9": {
            "volt_mag": 0.0,
            "gic_blocker": 0.0
        },
        "14": {
            "volt_mag": 450.82864306452126,
            "gic_blocker": 0.0
        },
        "3": {
            "volt_mag": -1.1184968045951854e-5,
            "gic_blocker": 0.0
        },
        "7": {
            "volt_mag": 0.0,
            "gic_blocker": 0.0
        },
        "25": {
            "volt_mag": 0.0,
            "gic_blocker": 0.0
        },
        "4": {
            "volt_mag": -618.1720596759874,
            "gic_blocker": 1.0000000095630548
        },
        "13": {
            "volt_mag": -484.4316108141029,
            "gic_blocker": 0.0
        },
        "15": {
            "volt_mag": 0.0,
            "gic_blocker": 0.0
        },
        "2": {
            "volt_mag": -413.19344380185277,
            "gic_blocker": 1.00000000084582
        },
        "10": {
            "volt_mag": -1017.3528278098713,
            "gic_blocker": 0.0
        },
        "18": {
            "volt_mag": 1266.8236563709145,
            "gic_blocker": 0.0
        },
        "21": {
            "volt_mag": 0.013176114767245246,
            "gic_blocker": 0.0
        },
        "26": {
            "volt_mag": -484.4306318608663,
            "gic_blocker": 0.0
        },
        "27": {
            "volt_mag": -484.3555621232004,
            "gic_blocker": 0.0
        }
    },
    "bus": {
        "5": {
            "qd": 3.5,
            "pd": 13.799999999999999
        },
        "16": {
            "qd": 2.2,
            "pd": 4.25
        },
        "20": {
            "qd": 0.0,
            "pd": 0.0
        },
        "12": {
            "qd": 0.0,
            "pd": 0.0
        },
        "8": {
            "qd": 0.0,
            "pd": 0.0
        },
        "17": {
            "qd": 0.0,
            "pd": 0.0
        },
        "1": {
            "qd": 0.0,
            "pd": 0.0
        },
        "19": {
            "qd": 0.0,
            "pd": 0.0
        },
        "6": {
            "qd": 1.4249999999999998,
            "pd": 3.1500000000000004
        },
        "11": {
            "qd": 0.0,
            "pd": 0.0
        },
        "14": {
            "qd": 0.0,
            "pd": 0.0
        },
        "3": {
            "qd": 0.0,
            "pd": 0.0
        },
        "7": {
            "qd": 0.0,
            "pd": 0.0
        },
        "4": {
            "qd": 6.0,
            "pd": 12.0
        },
        "13": {
            "qd": 0.0,
            "pd": 0.0
        },
        "15": {
            "qd": 6.0,
            "pd": 12.600000000000001
        },
        "2": {
            "qd": 0.0,
            "pd": 0.0
        },
        "21": {
            "qd": 0.0,
            "pd": 0.0
        },
        "18": {
            "qd": 0.0,
            "pd": 0.0
        }
    }
}
