{
    "gmd_bus": {
        "5": {
            "volt_mag": -484.4312193559008,
            "gic_blocker": 1.0000000099631472
        },
        "16": {
            "volt_mag": 0.0,
            "gic_blocker": 0.0
        },
        "20": {
            "volt_mag": 0.0,
            "gic_blocker": 0.0
        },
        "12": {
            "volt_mag": -618.1807926693656,
            "gic_blocker": 0.0
        },
        "24": {
            "volt_mag": 0.0,
            "gic_blocker": 0.0
        },
        "8": {
            "volt_mag": 1266.823656395338,
            "gic_blocker": 0.9999999999994857
        },
        "17": {
            "volt_mag": 722.7343714421302,
            "gic_blocker": 0.0
        },
        "1": {
            "volt_mag": 0.0,
            "gic_blocker": 0.0
        },
        "19": {
            "volt_mag": 0.0,
            "gic_blocker": 0.0
        },
        "22": {
            "volt_mag": -1.1519965680196209e-5,
            "gic_blocker": 0.0
        },
        "23": {
            "volt_mag": -413.1934435804099,
            "gic_blocker": 0.0
        },
        "6": {
            "volt_mag": 450.82864310841876,
            "gic_blocker": 0.9999999999942144
        },
        "11": {
            "volt_mag": -618.1708119974967,
            "gic_blocker": 0.0
        },
        "9": {
            "volt_mag": 0.0,
            "gic_blocker": 0.0
        },
        "14": {
            "volt_mag": 450.82864310907087,
            "gic_blocker": 0.0
        },
        "3": {
            "volt_mag": -1.1148353893051456e-5,
            "gic_blocker": 0.0
        },
        "7": {
            "volt_mag": 0.0,
            "gic_blocker": 0.0
        },
        "25": {
            "volt_mag": 0.0,
            "gic_blocker": 0.0
        },
        "4": {
            "volt_mag": -618.1720596060414,
            "gic_blocker": 1.0000000095465629
        },
        "13": {
            "volt_mag": -484.4316107443161,
            "gic_blocker": 0.0
        },
        "15": {
            "volt_mag": 0.0,
            "gic_blocker": 0.0
        },
        "2": {
            "volt_mag": -413.19344360612916,
            "gic_blocker": 1.0000000007469394
        },
        "10": {
            "volt_mag": -1017.3528276788335,
            "gic_blocker": 0.0
        },
        "18": {
            "volt_mag": 1266.8236563954465,
            "gic_blocker": 0.0
        },
        "21": {
            "volt_mag": 0.013176153198981777,
            "gic_blocker": 0.0
        },
        "26": {
            "volt_mag": -484.4306317906172,
            "gic_blocker": 0.0
        },
        "27": {
            "volt_mag": -484.35556208633943,
            "gic_blocker": 0.0
        }
    },
    "bus": {
        "5": {
            "qd": 4.0249999999999995,
            "pd": 12.0
        },
        "16": {
            "qd": 2.0,
            "pd": 5.0
        },
        "20": {
            "qd": 0.0,
            "pd": 0.0
        },
        "12": {
            "qd": 0.0,
            "pd": 0.0
        },
        "8": {
            "qd": 0.0,
            "pd": 0.0
        },
        "17": {
            "qd": 0.0,
            "pd": 0.0
        },
        "1": {
            "qd": 0.0,
            "pd": 0.0
        },
        "19": {
            "qd": 0.0,
            "pd": 0.0
        },
        "6": {
            "qd": 1.5,
            "pd": 2.55
        },
        "11": {
            "qd": 0.0,
            "pd": 0.0
        },
        "14": {
            "qd": 0.0,
            "pd": 0.0
        },
        "3": {
            "qd": 0.0,
            "pd": 0.0
        },
        "7": {
            "qd": 0.0,
            "pd": 0.0
        },
        "4": {
            "qd": 6.6000000000000005,
            "pd": 16.5
        },
        "13": {
            "qd": 0.0,
            "pd": 0.0
        },
        "15": {
            "qd": 6.0,
            "pd": 9.600000000000001
        },
        "2": {
            "qd": 0.0,
            "pd": 0.0
        },
        "21": {
            "qd": 0.0,
            "pd": 0.0
        },
        "18": {
            "qd": 0.0,
            "pd": 0.0
        }
    }
}
