{
    "gmd_bus": {
        "5": {
            "volt_mag": 2.9502461584727434e-5,
            "gic_blocker": 0.0
        },
        "16": {
            "volt_mag": 0.0,
            "gic_blocker": 0.0
        },
        "20": {
            "volt_mag": 0.0,
            "gic_blocker": 0.0
        },
        "12": {
            "volt_mag": -133.74950953169582,
            "gic_blocker": 0.0
        },
        "24": {
            "volt_mag": 0.0,
            "gic_blocker": 0.0
        },
        "8": {
            "volt_mag": 1751.2552364783883,
            "gic_blocker": 1.0000000099720363
        },
        "17": {
            "volt_mag": 1207.1658132666753,
            "gic_blocker": 0.0
        },
        "1": {
            "volt_mag": 0.0,
            "gic_blocker": 0.0
        },
        "19": {
            "volt_mag": 0.0,
            "gic_blocker": 0.0
        },
        "22": {
            "volt_mag": 484.4312905483504,
            "gic_blocker": 0.0
        },
        "23": {
            "volt_mag": 71.2378412032364,
            "gic_blocker": 0.0
        },
        "6": {
            "volt_mag": 935.2600028486794,
            "gic_blocker": 1.0000000099459785
        },
        "11": {
            "volt_mag": -133.7395288135223,
            "gic_blocker": 0.0
        },
        "9": {
            "volt_mag": 0.0,
            "gic_blocker": 0.0
        },
        "14": {
            "volt_mag": 935.2600005231604,
            "gic_blocker": 0.0
        },
        "3": {
            "volt_mag": 484.43129070865734,
            "gic_blocker": 1.0000000099275368
        },
        "7": {
            "volt_mag": 0.0,
            "gic_blocker": 0.0
        },
        "25": {
            "volt_mag": 0.0,
            "gic_blocker": 0.0
        },
        "4": {
            "volt_mag": -133.74077640326593,
            "gic_blocker": 1.0
        },
        "13": {
            "volt_mag": -0.00036060314866951905,
            "gic_blocker": 0.0
        },
        "15": {
            "volt_mag": 0.0,
            "gic_blocker": 0.0
        },
        "2": {
            "volt_mag": 71.23784125860311,
            "gic_blocker": 1.000000009326511
        },
        "10": {
            "volt_mag": -532.9215436963765,
            "gic_blocker": 0.0
        },
        "18": {
            "volt_mag": 1751.2552335677917,
            "gic_blocker": 0.0
        },
        "21": {
            "volt_mag": 484.4444790400355,
            "gic_blocker": 0.0
        },
        "26": {
            "volt_mag": 0.0006176111377535307,
            "gic_blocker": 0.0
        },
        "27": {
            "volt_mag": 0.07587973820577107,
            "gic_blocker": 0.0
        }
    },
    "bus": {
        "5": {
            "qd": 4.0249999999999995,
            "pd": 14.399999999999999
        },
        "16": {
            "qd": 2.3,
            "pd": 4.75
        },
        "20": {
            "qd": 0.0,
            "pd": 0.0
        },
        "12": {
            "qd": 0.0,
            "pd": 0.0
        },
        "8": {
            "qd": 0.0,
            "pd": 0.0
        },
        "17": {
            "qd": 0.0,
            "pd": 0.0
        },
        "1": {
            "qd": 0.0,
            "pd": 0.0
        },
        "19": {
            "qd": 0.0,
            "pd": 0.0
        },
        "6": {
            "qd": 1.35,
            "pd": 2.7
        },
        "11": {
            "qd": 0.0,
            "pd": 0.0
        },
        "14": {
            "qd": 0.0,
            "pd": 0.0
        },
        "3": {
            "qd": 0.0,
            "pd": 0.0
        },
        "7": {
            "qd": 0.0,
            "pd": 0.0
        },
        "4": {
            "qd": 5.4,
            "pd": 14.25
        },
        "13": {
            "qd": 0.0,
            "pd": 0.0
        },
        "15": {
            "qd": 4.0,
            "pd": 10.2
        },
        "2": {
            "qd": 0.0,
            "pd": 0.0
        },
        "21": {
            "qd": 0.0,
            "pd": 0.0
        },
        "18": {
            "qd": 0.0,
            "pd": 0.0
        }
    }
}
