{
    "gmd_bus": {
        "5": {
            "volt_mag": -366.8228161551386,
            "gic_blocker": 1.0000000099238486
        },
        "16": {
            "volt_mag": 0.0,
            "gic_blocker": 0.0
        },
        "20": {
            "volt_mag": 0.0,
            "gic_blocker": 0.0
        },
        "12": {
            "volt_mag": -500.5723917179271,
            "gic_blocker": 0.0
        },
        "24": {
            "volt_mag": 0.0,
            "gic_blocker": 0.0
        },
        "8": {
            "volt_mag": 1384.4320580768963,
            "gic_blocker": 1.0000000001931892
        },
        "17": {
            "volt_mag": 840.3427710011592,
            "gic_blocker": 0.0
        },
        "1": {
            "volt_mag": 0.0,
            "gic_blocker": 0.0
        },
        "19": {
            "volt_mag": 0.0,
            "gic_blocker": 0.0
        },
        "22": {
            "volt_mag": 117.60838065287314,
            "gic_blocker": 0.0
        },
        "23": {
            "volt_mag": -295.5850247188871,
            "gic_blocker": 0.0
        },
        "6": {
            "volt_mag": 568.4370414382528,
            "gic_blocker": 1.000000000464521
        },
        "11": {
            "volt_mag": -500.56241097534394,
            "gic_blocker": 0.0
        },
        "9": {
            "volt_mag": 0.0,
            "gic_blocker": 0.0
        },
        "14": {
            "volt_mag": 568.43704137224,
            "gic_blocker": 0.0
        },
        "3": {
            "volt_mag": 117.60838068940218,
            "gic_blocker": 1.0000000093179726
        },
        "7": {
            "volt_mag": 0.0,
            "gic_blocker": 0.0
        },
        "25": {
            "volt_mag": 0.0,
            "gic_blocker": 0.0
        },
        "4": {
            "volt_mag": -500.56365858644415,
            "gic_blocker": 1.0000000087767107
        },
        "13": {
            "volt_mag": -366.82320761337627,
            "gic_blocker": 0.0
        },
        "15": {
            "volt_mag": 0.0,
            "gic_blocker": 0.0
        },
        "2": {
            "volt_mag": -295.5850242188571,
            "gic_blocker": 0.9999999797000545
        },
        "10": {
            "volt_mag": -899.7444177520882,
            "gic_blocker": 0.0
        },
        "18": {
            "volt_mag": 1384.4320580323201,
            "gic_blocker": 0.0
        },
        "21": {
            "volt_mag": 117.62156857541021,
            "gic_blocker": 0.0
        },
        "26": {
            "volt_mag": -366.8222286037379,
            "gic_blocker": 0.0
        },
        "27": {
            "volt_mag": -366.74716252731037,
            "gic_blocker": 0.0
        }
    },
    "bus": {
        "5": {
            "qd": 3.6750000000000003,
            "pd": 9.600000000000001
        },
        "16": {
            "qd": 2.3,
            "pd": 4.0
        },
        "20": {
            "qd": 0.0,
            "pd": 0.0
        },
        "12": {
            "qd": 0.0,
            "pd": 0.0
        },
        "8": {
            "qd": 0.0,
            "pd": 0.0
        },
        "17": {
            "qd": 0.0,
            "pd": 0.0
        },
        "1": {
            "qd": 0.0,
            "pd": 0.0
        },
        "19": {
            "qd": 0.0,
            "pd": 0.0
        },
        "6": {
            "qd": 1.2000000000000002,
            "pd": 3.1500000000000004
        },
        "11": {
            "qd": 0.0,
            "pd": 0.0
        },
        "14": {
            "qd": 0.0,
            "pd": 0.0
        },
        "3": {
            "qd": 0.0,
            "pd": 0.0
        },
        "7": {
            "qd": 0.0,
            "pd": 0.0
        },
        "4": {
            "qd": 4.800000000000001,
            "pd": 14.25
        },
        "13": {
            "qd": 0.0,
            "pd": 0.0
        },
        "15": {
            "qd": 4.25,
            "pd": 9.600000000000001
        },
        "2": {
            "qd": 0.0,
            "pd": 0.0
        },
        "21": {
            "qd": 0.0,
            "pd": 0.0
        },
        "18": {
            "qd": 0.0,
            "pd": 0.0
        }
    }
}
