{
    "gmd_bus": {
        "5": {
            "volt_mag": -484.4312194197307,
            "gic_blocker": 1.0000000099649013
        },
        "16": {
            "volt_mag": 0.0,
            "gic_blocker": 0.0
        },
        "20": {
            "volt_mag": 0.0,
            "gic_blocker": 0.0
        },
        "12": {
            "volt_mag": -618.180792732814,
            "gic_blocker": 0.0
        },
        "24": {
            "volt_mag": 0.0,
            "gic_blocker": 0.0
        },
        "8": {
            "volt_mag": 1266.8236563550204,
            "gic_blocker": 0.9999999999997463
        },
        "17": {
            "volt_mag": 722.7343713991993,
            "gic_blocker": 0.0
        },
        "1": {
            "volt_mag": 0.0,
            "gic_blocker": 0.0
        },
        "19": {
            "volt_mag": 0.0,
            "gic_blocker": 0.0
        },
        "22": {
            "volt_mag": -1.1553134235239431e-5,
            "gic_blocker": 0.0
        },
        "23": {
            "volt_mag": -413.1934437236519,
            "gic_blocker": 0.0
        },
        "6": {
            "volt_mag": 450.828643064049,
            "gic_blocker": 0.9999999999956005
        },
        "11": {
            "volt_mag": -618.1708120613702,
            "gic_blocker": 0.0
        },
        "9": {
            "volt_mag": 0.0,
            "gic_blocker": 0.0
        },
        "14": {
            "volt_mag": 450.82864306454485,
            "gic_blocker": 0.0
        },
        "3": {
            "volt_mag": -1.1180452494732074e-5,
            "gic_blocker": 0.0
        },
        "7": {
            "volt_mag": 0.0,
            "gic_blocker": 0.0
        },
        "25": {
            "volt_mag": 0.0,
            "gic_blocker": 0.0
        },
        "4": {
            "volt_mag": -618.1720596699561,
            "gic_blocker": 1.0000000095831836
        },
        "13": {
            "volt_mag": -484.4316108080129,
            "gic_blocker": 0.0
        },
        "15": {
            "volt_mag": 0.0,
            "gic_blocker": 0.0
        },
        "2": {
            "volt_mag": -413.1934437516863,
            "gic_blocker": 1.0000000008141743
        },
        "10": {
            "volt_mag": -1017.352827782324,
            "gic_blocker": 0.0
        },
        "18": {
            "volt_mag": 1266.8236563550738,
            "gic_blocker": 0.0
        },
        "21": {
            "volt_mag": 0.013176119361393169,
            "gic_blocker": 0.0
        },
        "26": {
            "volt_mag": -484.4306318545618,
            "gic_blocker": 0.0
        },
        "27": {
            "volt_mag": -484.3555621292703,
            "gic_blocker": 0.0
        }
    },
    "bus": {
        "5": {
            "qd": 3.5,
            "pd": 10.2
        },
        "16": {
            "qd": 2.2,
            "pd": 5.25
        },
        "20": {
            "qd": 0.0,
            "pd": 0.0
        },
        "12": {
            "qd": 0.0,
            "pd": 0.0
        },
        "8": {
            "qd": 0.0,
            "pd": 0.0
        },
        "17": {
            "qd": 0.0,
            "pd": 0.0
        },
        "1": {
            "qd": 0.0,
            "pd": 0.0
        },
        "19": {
            "qd": 0.0,
            "pd": 0.0
        },
        "6": {
            "qd": 1.2000000000000002,
            "pd": 2.55
        },
        "11": {
            "qd": 0.0,
            "pd": 0.0
        },
        "14": {
            "qd": 0.0,
            "pd": 0.0
        },
        "3": {
            "qd": 0.0,
            "pd": 0.0
        },
        "7": {
            "qd": 0.0,
            "pd": 0.0
        },
        "4": {
            "qd": 6.8999999999999995,
            "pd": 12.0
        },
        "13": {
            "qd": 0.0,
            "pd": 0.0
        },
        "15": {
            "qd": 4.0,
            "pd": 10.8
        },
        "2": {
            "qd": 0.0,
            "pd": 0.0
        },
        "21": {
            "qd": 0.0,
            "pd": 0.0
        },
        "18": {
            "qd": 0.0,
            "pd": 0.0
        }
    }
}
