{
    "gmd_bus": {
        "5": {
            "volt_mag": -484.4312194485928,
            "gic_blocker": 1.0000000099650075
        },
        "16": {
            "volt_mag": 0.0,
            "gic_blocker": 0.0
        },
        "20": {
            "volt_mag": 0.0,
            "gic_blocker": 0.0
        },
        "12": {
            "volt_mag": -618.1807927615583,
            "gic_blocker": 0.0
        },
        "24": {
            "volt_mag": 0.0,
            "gic_blocker": 0.0
        },
        "8": {
            "volt_mag": 1266.8236563451235,
            "gic_blocker": 1.0000000000002904
        },
        "17": {
            "volt_mag": 722.7343713838452,
            "gic_blocker": 0.0
        },
        "1": {
            "volt_mag": 0.0,
            "gic_blocker": 0.0
        },
        "19": {
            "volt_mag": 0.0,
            "gic_blocker": 0.0
        },
        "22": {
            "volt_mag": -1.156852166838613e-5,
            "gic_blocker": 0.0
        },
        "23": {
            "volt_mag": -413.19344379856096,
            "gic_blocker": 0.0
        },
        "6": {
            "volt_mag": 450.8286430454511,
            "gic_blocker": 0.9999999999963819
        },
        "11": {
            "volt_mag": -618.1708120903156,
            "gic_blocker": 0.0
        },
        "9": {
            "volt_mag": 0.0,
            "gic_blocker": 0.0
        },
        "14": {
            "volt_mag": 450.8286430458589,
            "gic_blocker": 0.0
        },
        "3": {
            "volt_mag": -1.1195343559079598e-5,
            "gic_blocker": 0.0
        },
        "7": {
            "volt_mag": 0.0,
            "gic_blocker": 0.0
        },
        "25": {
            "volt_mag": 0.0,
            "gic_blocker": 0.0
        },
        "4": {
            "volt_mag": -618.172059698904,
            "gic_blocker": 1.0000000095938912
        },
        "13": {
            "volt_mag": -484.43161083680616,
            "gic_blocker": 0.0
        },
        "15": {
            "volt_mag": 0.0,
            "gic_blocker": 0.0
        },
        "2": {
            "volt_mag": -413.19344382789103,
            "gic_blocker": 1.0000000008518022
        },
        "10": {
            "volt_mag": -1017.3528278342125,
            "gic_blocker": 0.0
        },
        "18": {
            "volt_mag": 1266.823656345062,
            "gic_blocker": 0.0
        },
        "21": {
            "volt_mag": 0.013176103712735894,
            "gic_blocker": 0.0
        },
        "26": {
            "volt_mag": -484.4306318835219,
            "gic_blocker": 0.0
        },
        "27": {
            "volt_mag": -484.35556214462457,
            "gic_blocker": 0.0
        }
    },
    "bus": {
        "5": {
            "qd": 3.5,
            "pd": 10.2
        },
        "16": {
            "qd": 1.6,
            "pd": 5.0
        },
        "20": {
            "qd": 0.0,
            "pd": 0.0
        },
        "12": {
            "qd": 0.0,
            "pd": 0.0
        },
        "8": {
            "qd": 0.0,
            "pd": 0.0
        },
        "17": {
            "qd": 0.0,
            "pd": 0.0
        },
        "1": {
            "qd": 0.0,
            "pd": 0.0
        },
        "19": {
            "qd": 0.0,
            "pd": 0.0
        },
        "6": {
            "qd": 1.4249999999999998,
            "pd": 2.7
        },
        "11": {
            "qd": 0.0,
            "pd": 0.0
        },
        "14": {
            "qd": 0.0,
            "pd": 0.0
        },
        "3": {
            "qd": 0.0,
            "pd": 0.0
        },
        "7": {
            "qd": 0.0,
            "pd": 0.0
        },
        "4": {
            "qd": 5.4,
            "pd": 12.75
        },
        "13": {
            "qd": 0.0,
            "pd": 0.0
        },
        "15": {
            "qd": 5.25,
            "pd": 12.0
        },
        "2": {
            "qd": 0.0,
            "pd": 0.0
        },
        "21": {
            "qd": 0.0,
            "pd": 0.0
        },
        "18": {
            "qd": 0.0,
            "pd": 0.0
        }
    }
}
