{
    "gmd_bus": {
        "5": {
            "volt_mag": -119.97836067424942,
            "gic_blocker": 0.0
        },
        "16": {
            "volt_mag": 0.0,
            "gic_blocker": 1.0
        },
        "20": {
            "volt_mag": 0.0,
            "gic_blocker": 1.0
        },
        "12": {
            "volt_mag": -369.92385149735287,
            "gic_blocker": 0.0
        },
        "24": {
            "volt_mag": 0.0,
            "gic_blocker": 0.0
        },
        "8": {
            "volt_mag": 1011.758409150347,
            "gic_blocker": 1.0
        },
        "17": {
            "volt_mag": 467.66912419198155,
            "gic_blocker": 0.0
        },
        "1": {
            "volt_mag": 0.0,
            "gic_blocker": 0.0
        },
        "19": {
            "volt_mag": 0.0,
            "gic_blocker": 0.0
        },
        "22": {
            "volt_mag": 52.57534363793439,
            "gic_blocker": 0.0
        },
        "23": {
            "volt_mag": -215.45882537985364,
            "gic_blocker": 0.0
        },
        "6": {
            "volt_mag": 156.61071668461878,
            "gic_blocker": 0.0
        },
        "11": {
            "volt_mag": -367.5536337660656,
            "gic_blocker": 1.0
        },
        "9": {
            "volt_mag": 0.0,
            "gic_blocker": 1.0
        },
        "14": {
            "volt_mag": 195.76339585577347,
            "gic_blocker": 0.0
        },
        "3": {
            "volt_mag": 52.575343627963456,
            "gic_blocker": 0.9999999943104891
        },
        "7": {
            "volt_mag": 0.0,
            "gic_blocker": 1.0
        },
        "25": {
            "volt_mag": 0.0,
            "gic_blocker": 1.0
        },
        "4": {
            "volt_mag": -366.3235628291908,
            "gic_blocker": 3.3572968736457703e-9
        },
        "13": {
            "volt_mag": -125.97891471029631,
            "gic_blocker": 0.0
        },
        "15": {
            "volt_mag": 0.0,
            "gic_blocker": 0.0
        },
        "2": {
            "volt_mag": -215.45882537985364,
            "gic_blocker": 1.0
        },
        "10": {
            "volt_mag": -793.1321895643365,
            "gic_blocker": 0.0
        },
        "18": {
            "volt_mag": 1011.758409150347,
            "gic_blocker": 0.0
        },
        "21": {
            "volt_mag": 49.365407574899145,
            "gic_blocker": 4.616632051844491e-8
        },
        "26": {
            "volt_mag": -122.9753654625832,
            "gic_blocker": 0.0
        },
        "27": {
            "volt_mag": -739.420809336488,
            "gic_blocker": 1.0
        }
    },
    "bus": {
        "5": {
            "qd": 3.5,
            "pd": 13.200000000000001
        },
        "16": {
            "qd": 2.0,
            "pd": 4.25
        },
        "20": {
            "qd": 0.0,
            "pd": 0.0
        },
        "12": {
            "qd": 0.0,
            "pd": 0.0
        },
        "8": {
            "qd": 0.0,
            "pd": 0.0
        },
        "17": {
            "qd": 0.0,
            "pd": 0.0
        },
        "1": {
            "qd": 0.0,
            "pd": 0.0
        },
        "19": {
            "qd": 0.0,
            "pd": 0.0
        },
        "6": {
            "qd": 1.5750000000000002,
            "pd": 3.3000000000000003
        },
        "11": {
            "qd": 0.0,
            "pd": 0.0
        },
        "14": {
            "qd": 0.0,
            "pd": 0.0
        },
        "3": {
            "qd": 0.0,
            "pd": 0.0
        },
        "7": {
            "qd": 0.0,
            "pd": 0.0
        },
        "4": {
            "qd": 7.199999999999999,
            "pd": 17.25
        },
        "13": {
            "qd": 0.0,
            "pd": 0.0
        },
        "15": {
            "qd": 5.0,
            "pd": 10.8
        },
        "2": {
            "qd": 0.0,
            "pd": 0.0
        },
        "21": {
            "qd": 0.0,
            "pd": 0.0
        },
        "18": {
            "qd": 0.0,
            "pd": 0.0
        }
    }
}
