{
    "gmd_bus": {
        "5": {
            "volt_mag": -484.4312198492223,
            "gic_blocker": 1.0000000099660835
        },
        "16": {
            "volt_mag": 0.0,
            "gic_blocker": 0.0
        },
        "20": {
            "volt_mag": 0.0,
            "gic_blocker": 0.0
        },
        "12": {
            "volt_mag": -618.1807931484421,
            "gic_blocker": 0.0
        },
        "24": {
            "volt_mag": 0.0,
            "gic_blocker": 0.0
        },
        "8": {
            "volt_mag": 1266.8236560108041,
            "gic_blocker": 0.9999999999986471
        },
        "17": {
            "volt_mag": 722.734371066007,
            "gic_blocker": 0.0
        },
        "1": {
            "volt_mag": 0.0,
            "gic_blocker": 0.0
        },
        "19": {
            "volt_mag": 0.0,
            "gic_blocker": 0.0
        },
        "22": {
            "volt_mag": -1.1787178983875805e-5,
            "gic_blocker": 0.0
        },
        "23": {
            "volt_mag": -413.1934447932857,
            "gic_blocker": 0.0
        },
        "6": {
            "volt_mag": 450.8286427374311,
            "gic_blocker": 0.9999999999942182
        },
        "11": {
            "volt_mag": -618.1708124793051,
            "gic_blocker": 0.0
        },
        "9": {
            "volt_mag": 0.0,
            "gic_blocker": 0.0
        },
        "14": {
            "volt_mag": 450.8286427380828,
            "gic_blocker": 0.0
        },
        "3": {
            "volt_mag": -1.140694741294993e-5,
            "gic_blocker": 0.0
        },
        "7": {
            "volt_mag": 0.0,
            "gic_blocker": 0.0
        },
        "25": {
            "volt_mag": 0.0,
            "gic_blocker": 0.0
        },
        "4": {
            "volt_mag": -618.1720600876661,
            "gic_blocker": 1.000000009607775
        },
        "13": {
            "volt_mag": -484.4316112365974,
            "gic_blocker": 0.0
        },
        "15": {
            "volt_mag": 0.0,
            "gic_blocker": 0.0
        },
        "2": {
            "volt_mag": -413.1934448395099,
            "gic_blocker": 1.0000000013424484
        },
        "10": {
            "volt_mag": -1017.3528285255571,
            "gic_blocker": 0.0
        },
        "18": {
            "volt_mag": 1266.82365601109,
            "gic_blocker": 0.0
        },
        "21": {
            "volt_mag": 0.01317588082310717,
            "gic_blocker": 0.0
        },
        "26": {
            "volt_mag": -484.4306322853567,
            "gic_blocker": 0.0
        },
        "27": {
            "volt_mag": -484.3555624624627,
            "gic_blocker": 0.0
        }
    },
    "bus": {
        "5": {
            "qd": 3.3249999999999997,
            "pd": 9.600000000000001
        },
        "16": {
            "qd": 1.6,
            "pd": 4.0
        },
        "20": {
            "qd": 0.0,
            "pd": 0.0
        },
        "12": {
            "qd": 0.0,
            "pd": 0.0
        },
        "8": {
            "qd": 0.0,
            "pd": 0.0
        },
        "17": {
            "qd": 0.0,
            "pd": 0.0
        },
        "1": {
            "qd": 0.0,
            "pd": 0.0
        },
        "19": {
            "qd": 0.0,
            "pd": 0.0
        },
        "6": {
            "qd": 1.35,
            "pd": 3.5999999999999996
        },
        "11": {
            "qd": 0.0,
            "pd": 0.0
        },
        "14": {
            "qd": 0.0,
            "pd": 0.0
        },
        "3": {
            "qd": 0.0,
            "pd": 0.0
        },
        "7": {
            "qd": 0.0,
            "pd": 0.0
        },
        "4": {
            "qd": 4.800000000000001,
            "pd": 13.5
        },
        "13": {
            "qd": 0.0,
            "pd": 0.0
        },
        "15": {
            "qd": 4.0,
            "pd": 13.799999999999999
        },
        "2": {
            "qd": 0.0,
            "pd": 0.0
        },
        "21": {
            "qd": 0.0,
            "pd": 0.0
        },
        "18": {
            "qd": 0.0,
            "pd": 0.0
        }
    }
}
