{
    "gmd_bus": {
        "5": {
            "volt_mag": -108.16883340583624,
            "gic_blocker": -5.507239541044022e-9
        },
        "16": {
            "volt_mag": 0.0,
            "gic_blocker": 1.0
        },
        "20": {
            "volt_mag": 0.0,
            "gic_blocker": 1.0
        },
        "12": {
            "volt_mag": -343.5793112154752,
            "gic_blocker": 0.0
        },
        "24": {
            "volt_mag": 0.0,
            "gic_blocker": 0.0
        },
        "8": {
            "volt_mag": 1020.430809937125,
            "gic_blocker": 1.0
        },
        "17": {
            "volt_mag": 476.34152497875937,
            "gic_blocker": 0.0
        },
        "1": {
            "volt_mag": 0.0,
            "gic_blocker": 1.0
        },
        "19": {
            "volt_mag": 0.0,
            "gic_blocker": 1.0
        },
        "22": {
            "volt_mag": 88.57357740616696,
            "gic_blocker": 0.0
        },
        "23": {
            "volt_mag": -46.35995943386138,
            "gic_blocker": 0.0
        },
        "6": {
            "volt_mag": 163.5486370536652,
            "gic_blocker": -7.960195374158266e-9
        },
        "11": {
            "volt_mag": -340.9114951535936,
            "gic_blocker": 0.0
        },
        "9": {
            "volt_mag": 0.0,
            "gic_blocker": 0.0
        },
        "14": {
            "volt_mag": 204.43579664255125,
            "gic_blocker": 0.0
        },
        "3": {
            "volt_mag": 88.57357736509154,
            "gic_blocker": 0.9999999860876949
        },
        "7": {
            "volt_mag": 0.0,
            "gic_blocker": 1.0
        },
        "25": {
            "volt_mag": 0.0,
            "gic_blocker": 0.0
        },
        "4": {
            "volt_mag": -339.82901792951225,
            "gic_blocker": -5.4518344499161925e-9
        },
        "13": {
            "volt_mag": -113.94832186975626,
            "gic_blocker": 0.0
        },
        "15": {
            "volt_mag": 0.0,
            "gic_blocker": 0.0
        },
        "2": {
            "volt_mag": -42.793808970871666,
            "gic_blocker": 6.980114892720009e-8
        },
        "10": {
            "volt_mag": -695.382209051038,
            "gic_blocker": 0.0
        },
        "18": {
            "volt_mag": 1020.430809937125,
            "gic_blocker": 0.0
        },
        "21": {
            "volt_mag": 84.68085052526837,
            "gic_blocker": 0.0
        },
        "26": {
            "volt_mag": -110.31648389338018,
            "gic_blocker": 0.0
        },
        "27": {
            "volt_mag": -730.7484085497103,
            "gic_blocker": 0.0
        }
    },
    "bus": {
        "5": {
            "qd": 3.6750000000000003,
            "pd": 13.799999999999999
        },
        "16": {
            "qd": 1.9,
            "pd": 4.5
        },
        "20": {
            "qd": 0.0,
            "pd": 0.0
        },
        "12": {
            "qd": 0.0,
            "pd": 0.0
        },
        "8": {
            "qd": 0.0,
            "pd": 0.0
        },
        "17": {
            "qd": 0.0,
            "pd": 0.0
        },
        "1": {
            "qd": 0.0,
            "pd": 0.0
        },
        "19": {
            "qd": 0.0,
            "pd": 0.0
        },
        "6": {
            "qd": 1.5750000000000002,
            "pd": 2.7
        },
        "11": {
            "qd": 0.0,
            "pd": 0.0
        },
        "14": {
            "qd": 0.0,
            "pd": 0.0
        },
        "3": {
            "qd": 0.0,
            "pd": 0.0
        },
        "7": {
            "qd": 0.0,
            "pd": 0.0
        },
        "4": {
            "qd": 6.8999999999999995,
            "pd": 17.25
        },
        "13": {
            "qd": 0.0,
            "pd": 0.0
        },
        "15": {
            "qd": 4.75,
            "pd": 13.200000000000001
        },
        "2": {
            "qd": 0.0,
            "pd": 0.0
        },
        "21": {
            "qd": 0.0,
            "pd": 0.0
        },
        "18": {
            "qd": 0.0,
            "pd": 0.0
        }
    }
}
