{
    "gmd_bus": {
        "5": {
            "volt_mag": -114.27849317331906,
            "gic_blocker": -6.293701120669335e-9
        },
        "16": {
            "volt_mag": 0.0,
            "gic_blocker": 0.0
        },
        "20": {
            "volt_mag": 0.0,
            "gic_blocker": 0.0
        },
        "12": {
            "volt_mag": -359.7399989043027,
            "gic_blocker": 0.0
        },
        "24": {
            "volt_mag": 0.0,
            "gic_blocker": 0.0
        },
        "8": {
            "volt_mag": 1010.5049667307594,
            "gic_blocker": 1.0
        },
        "17": {
            "volt_mag": 466.415681772394,
            "gic_blocker": 0.0
        },
        "1": {
            "volt_mag": 0.0,
            "gic_blocker": 0.0
        },
        "19": {
            "volt_mag": 0.0,
            "gic_blocker": 0.0
        },
        "22": {
            "volt_mag": 38.824525190961296,
            "gic_blocker": 0.0
        },
        "23": {
            "volt_mag": -53.160520165244456,
            "gic_blocker": 0.0
        },
        "6": {
            "volt_mag": 155.6079624935073,
            "gic_blocker": -8.207851543066994e-9
        },
        "11": {
            "volt_mag": -356.9303595650714,
            "gic_blocker": 0.0
        },
        "9": {
            "volt_mag": 0.0,
            "gic_blocker": 0.0
        },
        "14": {
            "volt_mag": 194.5099534361859,
            "gic_blocker": 0.0
        },
        "3": {
            "volt_mag": 37.57212118284329,
            "gic_blocker": 0.0
        },
        "7": {
            "volt_mag": 0.0,
            "gic_blocker": 0.0
        },
        "25": {
            "volt_mag": 0.0,
            "gic_blocker": 0.0
        },
        "4": {
            "volt_mag": -355.7990683728792,
            "gic_blocker": -6.352342401523439e-9
        },
        "13": {
            "volt_mag": -120.25015501543895,
            "gic_blocker": 0.0
        },
        "15": {
            "volt_mag": 0.0,
            "gic_blocker": 0.0
        },
        "2": {
            "volt_mag": -49.07124963842407,
            "gic_blocker": 5.7587017379054484e-8
        },
        "10": {
            "volt_mag": -706.7997205257511,
            "gic_blocker": 0.0
        },
        "18": {
            "volt_mag": 1010.5049667307594,
            "gic_blocker": 0.0
        },
        "21": {
            "volt_mag": 36.213140293753945,
            "gic_blocker": 0.0
        },
        "26": {
            "volt_mag": -116.74884957545724,
            "gic_blocker": 0.0
        },
        "27": {
            "volt_mag": -740.6742517560757,
            "gic_blocker": 0.0
        }
    },
    "bus": {
        "5": {
            "qd": 4.2,
            "pd": 10.8
        },
        "16": {
            "qd": 1.6,
            "pd": 5.5
        },
        "20": {
            "qd": 0.0,
            "pd": 0.0
        },
        "12": {
            "qd": 0.0,
            "pd": 0.0
        },
        "8": {
            "qd": 0.0,
            "pd": 0.0
        },
        "17": {
            "qd": 0.0,
            "pd": 0.0
        },
        "1": {
            "qd": 0.0,
            "pd": 0.0
        },
        "19": {
            "qd": 0.0,
            "pd": 0.0
        },
        "6": {
            "qd": 1.5750000000000002,
            "pd": 3.5999999999999996
        },
        "11": {
            "qd": 0.0,
            "pd": 0.0
        },
        "14": {
            "qd": 0.0,
            "pd": 0.0
        },
        "3": {
            "qd": 0.0,
            "pd": 0.0
        },
        "7": {
            "qd": 0.0,
            "pd": 0.0
        },
        "4": {
            "qd": 5.1,
            "pd": 15.75
        },
        "13": {
            "qd": 0.0,
            "pd": 0.0
        },
        "15": {
            "qd": 5.75,
            "pd": 13.799999999999999
        },
        "2": {
            "qd": 0.0,
            "pd": 0.0
        },
        "21": {
            "qd": 0.0,
            "pd": 0.0
        },
        "18": {
            "qd": 0.0,
            "pd": 0.0
        }
    }
}
