{
    "gmd_bus": {
        "5": {
            "volt_mag": -484.4312193749622,
            "gic_blocker": 1.0000000099623474
        },
        "16": {
            "volt_mag": 0.0,
            "gic_blocker": 0.0
        },
        "20": {
            "volt_mag": 0.0,
            "gic_blocker": 0.0
        },
        "12": {
            "volt_mag": -618.1807926889525,
            "gic_blocker": 0.0
        },
        "24": {
            "volt_mag": 0.0,
            "gic_blocker": 0.0
        },
        "8": {
            "volt_mag": 1266.8236563763098,
            "gic_blocker": 0.9999999999993222
        },
        "17": {
            "volt_mag": 722.7343714247418,
            "gic_blocker": 0.0
        },
        "1": {
            "volt_mag": 0.0,
            "gic_blocker": 0.0
        },
        "19": {
            "volt_mag": 0.0,
            "gic_blocker": 0.0
        },
        "22": {
            "volt_mag": -1.1530774866213509e-5,
            "gic_blocker": 0.0
        },
        "23": {
            "volt_mag": -413.19344362578477,
            "gic_blocker": 0.0
        },
        "6": {
            "volt_mag": 450.82864309192803,
            "gic_blocker": 0.9999999999932963
        },
        "11": {
            "volt_mag": -618.170812017208,
            "gic_blocker": 0.0
        },
        "9": {
            "volt_mag": 0.0,
            "gic_blocker": 0.0
        },
        "14": {
            "volt_mag": 450.8286430926836,
            "gic_blocker": 0.0
        },
        "3": {
            "volt_mag": -1.1158814395657278e-5,
            "gic_blocker": 0.0
        },
        "7": {
            "volt_mag": 0.0,
            "gic_blocker": 0.0
        },
        "25": {
            "volt_mag": 0.0,
            "gic_blocker": 0.0
        },
        "4": {
            "volt_mag": -618.17205962576,
            "gic_blocker": 1.0000000095553667
        },
        "13": {
            "volt_mag": -484.4316107633688,
            "gic_blocker": 0.0
        },
        "15": {
            "volt_mag": 0.0,
            "gic_blocker": 0.0
        },
        "2": {
            "volt_mag": -413.1934436522462,
            "gic_blocker": 1.0000000007684902
        },
        "10": {
            "volt_mag": -1017.3528277113548,
            "gic_blocker": 0.0
        },
        "18": {
            "volt_mag": 1266.823656376453,
            "gic_blocker": 0.0
        },
        "21": {
            "volt_mag": 0.013176142150582102,
            "gic_blocker": 0.0
        },
        "26": {
            "volt_mag": -484.43063180973064,
            "gic_blocker": 0.0
        },
        "27": {
            "volt_mag": -484.35556210372783,
            "gic_blocker": 0.0
        }
    },
    "bus": {
        "5": {
            "qd": 3.6750000000000003,
            "pd": 13.200000000000001
        },
        "16": {
            "qd": 1.7,
            "pd": 4.0
        },
        "20": {
            "qd": 0.0,
            "pd": 0.0
        },
        "12": {
            "qd": 0.0,
            "pd": 0.0
        },
        "8": {
            "qd": 0.0,
            "pd": 0.0
        },
        "17": {
            "qd": 0.0,
            "pd": 0.0
        },
        "1": {
            "qd": 0.0,
            "pd": 0.0
        },
        "19": {
            "qd": 0.0,
            "pd": 0.0
        },
        "6": {
            "qd": 1.4249999999999998,
            "pd": 2.4000000000000004
        },
        "11": {
            "qd": 0.0,
            "pd": 0.0
        },
        "14": {
            "qd": 0.0,
            "pd": 0.0
        },
        "3": {
            "qd": 0.0,
            "pd": 0.0
        },
        "7": {
            "qd": 0.0,
            "pd": 0.0
        },
        "4": {
            "qd": 7.199999999999999,
            "pd": 12.0
        },
        "13": {
            "qd": 0.0,
            "pd": 0.0
        },
        "15": {
            "qd": 5.0,
            "pd": 13.200000000000001
        },
        "2": {
            "qd": 0.0,
            "pd": 0.0
        },
        "21": {
            "qd": 0.0,
            "pd": 0.0
        },
        "18": {
            "qd": 0.0,
            "pd": 0.0
        }
    }
}
