{
    "gmd_bus": {
        "5": {
            "volt_mag": -484.43121944491236,
            "gic_blocker": 1.0000000099648818
        },
        "16": {
            "volt_mag": 0.0,
            "gic_blocker": 0.0
        },
        "20": {
            "volt_mag": 0.0,
            "gic_blocker": 0.0
        },
        "12": {
            "volt_mag": -618.1807927578398,
            "gic_blocker": 0.0
        },
        "24": {
            "volt_mag": 0.0,
            "gic_blocker": 0.0
        },
        "8": {
            "volt_mag": 1266.823656334081,
            "gic_blocker": 0.9999999999996905
        },
        "17": {
            "volt_mag": 722.7343713788193,
            "gic_blocker": 0.0
        },
        "1": {
            "volt_mag": 0.0,
            "gic_blocker": 0.0
        },
        "19": {
            "volt_mag": 0.0,
            "gic_blocker": 0.0
        },
        "22": {
            "volt_mag": -1.1566817429877744e-5,
            "gic_blocker": 0.0
        },
        "23": {
            "volt_mag": -413.1934437815368,
            "gic_blocker": 0.0
        },
        "6": {
            "volt_mag": 450.8286430439257,
            "gic_blocker": 0.9999999999948505
        },
        "11": {
            "volt_mag": -618.1708120865461,
            "gic_blocker": 0.0
        },
        "9": {
            "volt_mag": 0.0,
            "gic_blocker": 0.0
        },
        "14": {
            "volt_mag": 450.8286430445061,
            "gic_blocker": 0.0
        },
        "3": {
            "volt_mag": -1.1193694296005634e-5,
            "gic_blocker": 0.0
        },
        "7": {
            "volt_mag": 0.0,
            "gic_blocker": 0.0
        },
        "25": {
            "volt_mag": 0.0,
            "gic_blocker": 0.0
        },
        "4": {
            "volt_mag": -618.1720596951372,
            "gic_blocker": 1.0000000095924548
        },
        "13": {
            "volt_mag": -484.43161083315823,
            "gic_blocker": 0.0
        },
        "15": {
            "volt_mag": 0.0,
            "gic_blocker": 0.0
        },
        "2": {
            "volt_mag": -413.1934438105126,
            "gic_blocker": 1.0000000008415149
        },
        "10": {
            "volt_mag": -1017.3528278238268,
            "gic_blocker": 0.0
        },
        "18": {
            "volt_mag": 1266.8236563341466,
            "gic_blocker": 0.0
        },
        "21": {
            "volt_mag": 0.013176105385968485,
            "gic_blocker": 0.0
        },
        "26": {
            "volt_mag": -484.43063187979897,
            "gic_blocker": 0.0
        },
        "27": {
            "volt_mag": -484.3555621496503,
            "gic_blocker": 0.0
        }
    },
    "bus": {
        "5": {
            "qd": 3.6750000000000003,
            "pd": 10.8
        },
        "16": {
            "qd": 2.1,
            "pd": 6.0
        },
        "20": {
            "qd": 0.0,
            "pd": 0.0
        },
        "12": {
            "qd": 0.0,
            "pd": 0.0
        },
        "8": {
            "qd": 0.0,
            "pd": 0.0
        },
        "17": {
            "qd": 0.0,
            "pd": 0.0
        },
        "1": {
            "qd": 0.0,
            "pd": 0.0
        },
        "19": {
            "qd": 0.0,
            "pd": 0.0
        },
        "6": {
            "qd": 1.5,
            "pd": 3.0
        },
        "11": {
            "qd": 0.0,
            "pd": 0.0
        },
        "14": {
            "qd": 0.0,
            "pd": 0.0
        },
        "3": {
            "qd": 0.0,
            "pd": 0.0
        },
        "7": {
            "qd": 0.0,
            "pd": 0.0
        },
        "4": {
            "qd": 5.699999999999999,
            "pd": 12.75
        },
        "13": {
            "qd": 0.0,
            "pd": 0.0
        },
        "15": {
            "qd": 4.0,
            "pd": 11.399999999999999
        },
        "2": {
            "qd": 0.0,
            "pd": 0.0
        },
        "21": {
            "qd": 0.0,
            "pd": 0.0
        },
        "18": {
            "qd": 0.0,
            "pd": 0.0
        }
    }
}
