{
    "gmd_bus": {
        "5": {
            "volt_mag": -108.16883364511834,
            "gic_blocker": -5.935306791885982e-9
        },
        "16": {
            "volt_mag": 0.0,
            "gic_blocker": 0.0
        },
        "20": {
            "volt_mag": 0.0,
            "gic_blocker": 0.0
        },
        "12": {
            "volt_mag": -343.57931189345726,
            "gic_blocker": 0.0
        },
        "24": {
            "volt_mag": 0.0,
            "gic_blocker": 0.0
        },
        "8": {
            "volt_mag": 1020.4308095372463,
            "gic_blocker": 1.0
        },
        "17": {
            "volt_mag": 476.34152457888075,
            "gic_blocker": 0.0
        },
        "1": {
            "volt_mag": 0.0,
            "gic_blocker": 0.0
        },
        "19": {
            "volt_mag": 0.0,
            "gic_blocker": 0.0
        },
        "22": {
            "volt_mag": 88.57357547980098,
            "gic_blocker": 0.0
        },
        "23": {
            "volt_mag": -46.35996053294104,
            "gic_blocker": 0.0
        },
        "6": {
            "volt_mag": 163.54863673020196,
            "gic_blocker": -8.069040593133224e-9
        },
        "11": {
            "volt_mag": -340.91149582797567,
            "gic_blocker": 0.0
        },
        "9": {
            "volt_mag": 0.0,
            "gic_blocker": 0.0
        },
        "14": {
            "volt_mag": 204.43579624267264,
            "gic_blocker": 0.0
        },
        "3": {
            "volt_mag": 88.57357539455934,
            "gic_blocker": 0.9999999711285339
        },
        "7": {
            "volt_mag": 0.0,
            "gic_blocker": 0.0
        },
        "25": {
            "volt_mag": 0.0,
            "gic_blocker": 0.0
        },
        "4": {
            "volt_mag": -339.8290186013175,
            "gic_blocker": -5.612595452770242e-9
        },
        "13": {
            "volt_mag": -113.948322117387,
            "gic_blocker": 0.0
        },
        "15": {
            "volt_mag": 0.0,
            "gic_blocker": 0.0
        },
        "2": {
            "volt_mag": -42.79381007018431,
            "gic_blocker": 9.555506723618307e-8
        },
        "10": {
            "volt_mag": -695.3822099374096,
            "gic_blocker": 0.0
        },
        "18": {
            "volt_mag": 1020.4308095372463,
            "gic_blocker": 0.0
        },
        "21": {
            "volt_mag": 84.68084864744466,
            "gic_blocker": 0.0
        },
        "26": {
            "volt_mag": -110.31648414869787,
            "gic_blocker": 0.0
        },
        "27": {
            "volt_mag": -730.7484089495889,
            "gic_blocker": 0.0
        }
    },
    "bus": {
        "5": {
            "qd": 3.3249999999999997,
            "pd": 12.600000000000001
        },
        "16": {
            "qd": 2.0,
            "pd": 5.25
        },
        "20": {
            "qd": 0.0,
            "pd": 0.0
        },
        "12": {
            "qd": 0.0,
            "pd": 0.0
        },
        "8": {
            "qd": 0.0,
            "pd": 0.0
        },
        "17": {
            "qd": 0.0,
            "pd": 0.0
        },
        "1": {
            "qd": 0.0,
            "pd": 0.0
        },
        "19": {
            "qd": 0.0,
            "pd": 0.0
        },
        "6": {
            "qd": 1.35,
            "pd": 3.3000000000000003
        },
        "11": {
            "qd": 0.0,
            "pd": 0.0
        },
        "14": {
            "qd": 0.0,
            "pd": 0.0
        },
        "3": {
            "qd": 0.0,
            "pd": 0.0
        },
        "7": {
            "qd": 0.0,
            "pd": 0.0
        },
        "4": {
            "qd": 6.0,
            "pd": 18.0
        },
        "13": {
            "qd": 0.0,
            "pd": 0.0
        },
        "15": {
            "qd": 6.0,
            "pd": 13.799999999999999
        },
        "2": {
            "qd": 0.0,
            "pd": 0.0
        },
        "21": {
            "qd": 0.0,
            "pd": 0.0
        },
        "18": {
            "qd": 0.0,
            "pd": 0.0
        }
    }
}
