{
    "gmd_bus": {
        "5": {
            "volt_mag": -484.4312193840245,
            "gic_blocker": 1.0000000099628576
        },
        "16": {
            "volt_mag": 0.0,
            "gic_blocker": 0.0
        },
        "20": {
            "volt_mag": 0.0,
            "gic_blocker": 0.0
        },
        "12": {
            "volt_mag": -618.1807926977352,
            "gic_blocker": 0.0
        },
        "24": {
            "volt_mag": 0.0,
            "gic_blocker": 0.0
        },
        "8": {
            "volt_mag": 1266.8236563833145,
            "gic_blocker": 0.9999999999999126
        },
        "17": {
            "volt_mag": 722.7343714258252,
            "gic_blocker": 0.0
        },
        "1": {
            "volt_mag": 0.0,
            "gic_blocker": 0.0
        },
        "19": {
            "volt_mag": 0.0,
            "gic_blocker": 0.0
        },
        "22": {
            "volt_mag": -1.1535181749466152e-5,
            "gic_blocker": 0.0
        },
        "23": {
            "volt_mag": -413.1934436537303,
            "gic_blocker": 0.0
        },
        "6": {
            "volt_mag": 450.8286430895709,
            "gic_blocker": 0.9999999999948428
        },
        "11": {
            "volt_mag": -618.1708120260683,
            "gic_blocker": 0.0
        },
        "9": {
            "volt_mag": 0.0,
            "gic_blocker": 0.0
        },
        "14": {
            "volt_mag": 450.8286430901521,
            "gic_blocker": 0.0
        },
        "3": {
            "volt_mag": -1.1163079121389082e-5,
            "gic_blocker": 0.0
        },
        "7": {
            "volt_mag": 0.0,
            "gic_blocker": 0.0
        },
        "25": {
            "volt_mag": 0.0,
            "gic_blocker": 0.0
        },
        "4": {
            "volt_mag": -618.1720596346183,
            "gic_blocker": 1.000000009558417
        },
        "13": {
            "volt_mag": -484.43161077238346,
            "gic_blocker": 0.0
        },
        "15": {
            "volt_mag": 0.0,
            "gic_blocker": 0.0
        },
        "2": {
            "volt_mag": -413.19344368071523,
            "gic_blocker": 1.000000000783697
        },
        "10": {
            "volt_mag": -1017.3528277297415,
            "gic_blocker": 0.0
        },
        "18": {
            "volt_mag": 1266.8236563833332,
            "gic_blocker": 0.0
        },
        "21": {
            "volt_mag": 0.013176137716666494,
            "gic_blocker": 0.0
        },
        "26": {
            "volt_mag": -484.43063181883946,
            "gic_blocker": 0.0
        },
        "27": {
            "volt_mag": -484.3555621026443,
            "gic_blocker": 0.0
        }
    },
    "bus": {
        "5": {
            "qd": 3.3249999999999997,
            "pd": 11.399999999999999
        },
        "16": {
            "qd": 1.6,
            "pd": 5.0
        },
        "20": {
            "qd": 0.0,
            "pd": 0.0
        },
        "12": {
            "qd": 0.0,
            "pd": 0.0
        },
        "8": {
            "qd": 0.0,
            "pd": 0.0
        },
        "17": {
            "qd": 0.0,
            "pd": 0.0
        },
        "1": {
            "qd": 0.0,
            "pd": 0.0
        },
        "19": {
            "qd": 0.0,
            "pd": 0.0
        },
        "6": {
            "qd": 1.6500000000000001,
            "pd": 3.3000000000000003
        },
        "11": {
            "qd": 0.0,
            "pd": 0.0
        },
        "14": {
            "qd": 0.0,
            "pd": 0.0
        },
        "3": {
            "qd": 0.0,
            "pd": 0.0
        },
        "7": {
            "qd": 0.0,
            "pd": 0.0
        },
        "4": {
            "qd": 6.8999999999999995,
            "pd": 13.5
        },
        "13": {
            "qd": 0.0,
            "pd": 0.0
        },
        "15": {
            "qd": 5.5,
            "pd": 10.8
        },
        "2": {
            "qd": 0.0,
            "pd": 0.0
        },
        "21": {
            "qd": 0.0,
            "pd": 0.0
        },
        "18": {
            "qd": 0.0,
            "pd": 0.0
        }
    }
}
