{
    "gmd_bus": {
        "5": {
            "volt_mag": -531.1294243560983,
            "gic_blocker": 1.0000000099682633
        },
        "16": {
            "volt_mag": 0.0,
            "gic_blocker": 0.0
        },
        "20": {
            "volt_mag": 0.0,
            "gic_blocker": 0.0
        },
        "12": {
            "volt_mag": -664.8789969706247,
            "gic_blocker": 0.0
        },
        "24": {
            "volt_mag": 0.0,
            "gic_blocker": 0.0
        },
        "8": {
            "volt_mag": 1220.1254526022658,
            "gic_blocker": 0.9999999999990825
        },
        "17": {
            "volt_mag": 676.036167652762,
            "gic_blocker": 0.0
        },
        "1": {
            "volt_mag": 0.0,
            "gic_blocker": 0.0
        },
        "19": {
            "volt_mag": 0.0,
            "gic_blocker": 0.0
        },
        "22": {
            "volt_mag": -46.69821452104307,
            "gic_blocker": 0.0
        },
        "23": {
            "volt_mag": -459.8916479324973,
            "gic_blocker": 0.0
        },
        "6": {
            "volt_mag": 404.1304393212327,
            "gic_blocker": 0.9999999999927616
        },
        "11": {
            "volt_mag": -664.8690163023642,
            "gic_blocker": 0.0
        },
        "9": {
            "volt_mag": 0.0,
            "gic_blocker": 0.0
        },
        "14": {
            "volt_mag": 404.130439321964,
            "gic_blocker": 0.0
        },
        "3": {
            "volt_mag": -46.69821411075524,
            "gic_blocker": 0.9999997364217119
        },
        "7": {
            "volt_mag": 0.0,
            "gic_blocker": 0.0
        },
        "25": {
            "volt_mag": 0.0,
            "gic_blocker": 0.0
        },
        "4": {
            "volt_mag": -664.8702639125315,
            "gic_blocker": 1.0000000096245103
        },
        "13": {
            "volt_mag": -531.1298157249266,
            "gic_blocker": 0.0
        },
        "15": {
            "volt_mag": 0.0,
            "gic_blocker": 0.0
        },
        "2": {
            "volt_mag": -459.89164796848564,
            "gic_blocker": 1.0000000009390437
        },
        "10": {
            "volt_mag": -1064.051032007271,
            "gic_blocker": 0.0
        },
        "18": {
            "volt_mag": 1220.1254526024525,
            "gic_blocker": 0.0
        },
        "21": {
            "volt_mag": -46.68502688251507,
            "gic_blocker": 0.0
        },
        "26": {
            "volt_mag": -531.1288367733972,
            "gic_blocker": 0.0
        },
        "27": {
            "volt_mag": -531.0537658757078,
            "gic_blocker": 0.0
        }
    },
    "bus": {
        "5": {
            "qd": 2.975,
            "pd": 13.799999999999999
        },
        "16": {
            "qd": 2.1,
            "pd": 4.25
        },
        "20": {
            "qd": 0.0,
            "pd": 0.0
        },
        "12": {
            "qd": 0.0,
            "pd": 0.0
        },
        "8": {
            "qd": 0.0,
            "pd": 0.0
        },
        "17": {
            "qd": 0.0,
            "pd": 0.0
        },
        "1": {
            "qd": 0.0,
            "pd": 0.0
        },
        "19": {
            "qd": 0.0,
            "pd": 0.0
        },
        "6": {
            "qd": 1.2000000000000002,
            "pd": 3.5999999999999996
        },
        "11": {
            "qd": 0.0,
            "pd": 0.0
        },
        "14": {
            "qd": 0.0,
            "pd": 0.0
        },
        "3": {
            "qd": 0.0,
            "pd": 0.0
        },
        "7": {
            "qd": 0.0,
            "pd": 0.0
        },
        "4": {
            "qd": 4.800000000000001,
            "pd": 12.75
        },
        "13": {
            "qd": 0.0,
            "pd": 0.0
        },
        "15": {
            "qd": 5.5,
            "pd": 11.399999999999999
        },
        "2": {
            "qd": 0.0,
            "pd": 0.0
        },
        "21": {
            "qd": 0.0,
            "pd": 0.0
        },
        "18": {
            "qd": 0.0,
            "pd": 0.0
        }
    }
}
