{
    "gmd_bus": {
        "5": {
            "volt_mag": -484.4312193939951,
            "gic_blocker": 1.0000000099624713
        },
        "16": {
            "volt_mag": 0.0,
            "gic_blocker": 0.0
        },
        "20": {
            "volt_mag": 0.0,
            "gic_blocker": 0.0
        },
        "12": {
            "volt_mag": -618.1807927074087,
            "gic_blocker": 0.0
        },
        "24": {
            "volt_mag": 0.0,
            "gic_blocker": 0.0
        },
        "8": {
            "volt_mag": 1266.8236563685257,
            "gic_blocker": 0.9999999999996025
        },
        "17": {
            "volt_mag": 722.7343714141467,
            "gic_blocker": 0.0
        },
        "1": {
            "volt_mag": 0.0,
            "gic_blocker": 0.0
        },
        "19": {
            "volt_mag": 0.0,
            "gic_blocker": 0.0
        },
        "22": {
            "volt_mag": -1.1540991518096671e-5,
            "gic_blocker": 0.0
        },
        "23": {
            "volt_mag": -413.1934436773896,
            "gic_blocker": 0.0
        },
        "6": {
            "volt_mag": 450.82864307969567,
            "gic_blocker": 0.9999999999939957
        },
        "11": {
            "volt_mag": -618.1708120357814,
            "gic_blocker": 0.0
        },
        "9": {
            "volt_mag": 0.0,
            "gic_blocker": 0.0
        },
        "14": {
            "volt_mag": 450.82864308037233,
            "gic_blocker": 0.0
        },
        "3": {
            "volt_mag": -1.1168701478132827e-5,
            "gic_blocker": 0.0
        },
        "7": {
            "volt_mag": 0.0,
            "gic_blocker": 0.0
        },
        "25": {
            "volt_mag": 0.0,
            "gic_blocker": 0.0
        },
        "4": {
            "volt_mag": -618.172059644322,
            "gic_blocker": 1.0000000095566464
        },
        "13": {
            "volt_mag": -484.43161078234783,
            "gic_blocker": 0.0
        },
        "15": {
            "volt_mag": 0.0,
            "gic_blocker": 0.0
        },
        "2": {
            "volt_mag": -413.1934437047634,
            "gic_blocker": 1.00000000079499
        },
        "10": {
            "volt_mag": -1017.352827746416,
            "gic_blocker": 0.0
        },
        "18": {
            "volt_mag": 1266.8236563686098,
            "gic_blocker": 0.0
        },
        "21": {
            "volt_mag": 0.013176131771602073,
            "gic_blocker": 0.0
        },
        "26": {
            "volt_mag": -484.43063182883805,
            "gic_blocker": 0.0
        },
        "27": {
            "volt_mag": -484.3555621143228,
            "gic_blocker": 0.0
        }
    },
    "bus": {
        "5": {
            "qd": 3.6750000000000003,
            "pd": 10.2
        },
        "16": {
            "qd": 1.8,
            "pd": 6.0
        },
        "20": {
            "qd": 0.0,
            "pd": 0.0
        },
        "12": {
            "qd": 0.0,
            "pd": 0.0
        },
        "8": {
            "qd": 0.0,
            "pd": 0.0
        },
        "17": {
            "qd": 0.0,
            "pd": 0.0
        },
        "1": {
            "qd": 0.0,
            "pd": 0.0
        },
        "19": {
            "qd": 0.0,
            "pd": 0.0
        },
        "6": {
            "qd": 1.7999999999999998,
            "pd": 3.5999999999999996
        },
        "11": {
            "qd": 0.0,
            "pd": 0.0
        },
        "14": {
            "qd": 0.0,
            "pd": 0.0
        },
        "3": {
            "qd": 0.0,
            "pd": 0.0
        },
        "7": {
            "qd": 0.0,
            "pd": 0.0
        },
        "4": {
            "qd": 6.8999999999999995,
            "pd": 12.75
        },
        "13": {
            "qd": 0.0,
            "pd": 0.0
        },
        "15": {
            "qd": 4.75,
            "pd": 13.799999999999999
        },
        "2": {
            "qd": 0.0,
            "pd": 0.0
        },
        "21": {
            "qd": 0.0,
            "pd": 0.0
        },
        "18": {
            "qd": 0.0,
            "pd": 0.0
        }
    }
}
