{
    "gmd_bus": {
        "5": {
            "volt_mag": -484.4312194123116,
            "gic_blocker": 1.000000009965091
        },
        "16": {
            "volt_mag": 0.0,
            "gic_blocker": 0.0
        },
        "20": {
            "volt_mag": 0.0,
            "gic_blocker": 0.0
        },
        "12": {
            "volt_mag": -618.1807927263969,
            "gic_blocker": 0.0
        },
        "24": {
            "volt_mag": 0.0,
            "gic_blocker": 0.0
        },
        "8": {
            "volt_mag": 1266.8236563454489,
            "gic_blocker": 0.9999999999991204
        },
        "17": {
            "volt_mag": 722.7343713959046,
            "gic_blocker": 0.0
        },
        "1": {
            "volt_mag": 0.0,
            "gic_blocker": 0.0
        },
        "19": {
            "volt_mag": 0.0,
            "gic_blocker": 0.0
        },
        "22": {
            "volt_mag": -1.1549017881723441e-5,
            "gic_blocker": 0.0
        },
        "23": {
            "volt_mag": -413.19344368670676,
            "gic_blocker": 0.0
        },
        "6": {
            "volt_mag": 450.8286430643366,
            "gic_blocker": 0.9999999999933852
        },
        "11": {
            "volt_mag": -618.170812054906,
            "gic_blocker": 0.0
        },
        "9": {
            "volt_mag": 0.0,
            "gic_blocker": 0.0
        },
        "14": {
            "volt_mag": 450.82864306508213,
            "gic_blocker": 0.0
        },
        "3": {
            "volt_mag": -1.1176468926810159e-5,
            "gic_blocker": 0.0
        },
        "7": {
            "volt_mag": 0.0,
            "gic_blocker": 0.0
        },
        "25": {
            "volt_mag": 0.0,
            "gic_blocker": 0.0
        },
        "4": {
            "volt_mag": -618.1720596635315,
            "gic_blocker": 1.0000000095962478
        },
        "13": {
            "volt_mag": -484.4316108006556,
            "gic_blocker": 0.0
        },
        "15": {
            "volt_mag": 0.0,
            "gic_blocker": 0.0
        },
        "2": {
            "volt_mag": -413.19344371396073,
            "gic_blocker": 1.0000000007915077
        },
        "10": {
            "volt_mag": -1017.3528277606451,
            "gic_blocker": 0.0
        },
        "18": {
            "volt_mag": 1266.8236563456346,
            "gic_blocker": 0.0
        },
        "21": {
            "volt_mag": 0.013176123440602353,
            "gic_blocker": 0.0
        },
        "26": {
            "volt_mag": -484.4306318470407,
            "gic_blocker": 0.0
        },
        "27": {
            "volt_mag": -484.35556213256484,
            "gic_blocker": 0.0
        }
    },
    "bus": {
        "5": {
            "qd": 3.3249999999999997,
            "pd": 12.600000000000001
        },
        "16": {
            "qd": 1.6,
            "pd": 4.0
        },
        "20": {
            "qd": 0.0,
            "pd": 0.0
        },
        "12": {
            "qd": 0.0,
            "pd": 0.0
        },
        "8": {
            "qd": 0.0,
            "pd": 0.0
        },
        "17": {
            "qd": 0.0,
            "pd": 0.0
        },
        "1": {
            "qd": 0.0,
            "pd": 0.0
        },
        "19": {
            "qd": 0.0,
            "pd": 0.0
        },
        "6": {
            "qd": 1.4249999999999998,
            "pd": 2.55
        },
        "11": {
            "qd": 0.0,
            "pd": 0.0
        },
        "14": {
            "qd": 0.0,
            "pd": 0.0
        },
        "3": {
            "qd": 0.0,
            "pd": 0.0
        },
        "7": {
            "qd": 0.0,
            "pd": 0.0
        },
        "4": {
            "qd": 5.1,
            "pd": 14.25
        },
        "13": {
            "qd": 0.0,
            "pd": 0.0
        },
        "15": {
            "qd": 4.75,
            "pd": 10.2
        },
        "2": {
            "qd": 0.0,
            "pd": 0.0
        },
        "21": {
            "qd": 0.0,
            "pd": 0.0
        },
        "18": {
            "qd": 0.0,
            "pd": 0.0
        }
    }
}
