{
    "gmd_bus": {
        "5": {
            "volt_mag": -484.43121940062684,
            "gic_blocker": 1.00000000996339
        },
        "16": {
            "volt_mag": 0.0,
            "gic_blocker": 0.0
        },
        "20": {
            "volt_mag": 0.0,
            "gic_blocker": 0.0
        },
        "12": {
            "volt_mag": -618.1807927142905,
            "gic_blocker": 0.0
        },
        "24": {
            "volt_mag": 0.0,
            "gic_blocker": 0.0
        },
        "8": {
            "volt_mag": 1266.823656381601,
            "gic_blocker": 1.0000000000003668
        },
        "17": {
            "volt_mag": 722.7343714195572,
            "gic_blocker": 0.0
        },
        "1": {
            "volt_mag": 0.0,
            "gic_blocker": 0.0
        },
        "19": {
            "volt_mag": 0.0,
            "gic_blocker": 0.0
        },
        "22": {
            "volt_mag": -1.1543630813910513e-5,
            "gic_blocker": 0.0
        },
        "23": {
            "volt_mag": -413.1934436959671,
            "gic_blocker": 0.0
        },
        "6": {
            "volt_mag": 450.8286430806639,
            "gic_blocker": 0.9999999999961002
        },
        "11": {
            "volt_mag": -618.1708120427519,
            "gic_blocker": 0.0
        },
        "9": {
            "volt_mag": 0.0,
            "gic_blocker": 0.0
        },
        "14": {
            "volt_mag": 450.82864308110345,
            "gic_blocker": 0.0
        },
        "3": {
            "volt_mag": -1.1171255635374089e-5,
            "gic_blocker": 0.0
        },
        "7": {
            "volt_mag": 0.0,
            "gic_blocker": 0.0
        },
        "25": {
            "volt_mag": 0.0,
            "gic_blocker": 0.0
        },
        "4": {
            "volt_mag": -618.1720596513111,
            "gic_blocker": 1.000000009568192
        },
        "13": {
            "volt_mag": -484.4316107889354,
            "gic_blocker": 0.0
        },
        "15": {
            "volt_mag": 0.0,
            "gic_blocker": 0.0
        },
        "2": {
            "volt_mag": -413.19344372368016,
            "gic_blocker": 1.0000000008048417
        },
        "10": {
            "volt_mag": -1017.3528277591803,
            "gic_blocker": 0.0
        },
        "18": {
            "volt_mag": 1266.8236563815235,
            "gic_blocker": 0.0
        },
        "21": {
            "volt_mag": 0.01317612913683507,
            "gic_blocker": 0.0
        },
        "26": {
            "volt_mag": -484.43063183549157,
            "gic_blocker": 0.0
        },
        "27": {
            "volt_mag": -484.3555621089124,
            "gic_blocker": 0.0
        }
    },
    "bus": {
        "5": {
            "qd": 3.3249999999999997,
            "pd": 10.2
        },
        "16": {
            "qd": 1.8,
            "pd": 4.5
        },
        "20": {
            "qd": 0.0,
            "pd": 0.0
        },
        "12": {
            "qd": 0.0,
            "pd": 0.0
        },
        "8": {
            "qd": 0.0,
            "pd": 0.0
        },
        "17": {
            "qd": 0.0,
            "pd": 0.0
        },
        "1": {
            "qd": 0.0,
            "pd": 0.0
        },
        "19": {
            "qd": 0.0,
            "pd": 0.0
        },
        "6": {
            "qd": 1.6500000000000001,
            "pd": 2.55
        },
        "11": {
            "qd": 0.0,
            "pd": 0.0
        },
        "14": {
            "qd": 0.0,
            "pd": 0.0
        },
        "3": {
            "qd": 0.0,
            "pd": 0.0
        },
        "7": {
            "qd": 0.0,
            "pd": 0.0
        },
        "4": {
            "qd": 6.0,
            "pd": 15.75
        },
        "13": {
            "qd": 0.0,
            "pd": 0.0
        },
        "15": {
            "qd": 5.75,
            "pd": 12.600000000000001
        },
        "2": {
            "qd": 0.0,
            "pd": 0.0
        },
        "21": {
            "qd": 0.0,
            "pd": 0.0
        },
        "18": {
            "qd": 0.0,
            "pd": 0.0
        }
    }
}
