{
    "gmd_bus": {
        "5": {
            "volt_mag": -118.34605431385748,
            "gic_blocker": 0.0
        },
        "16": {
            "volt_mag": 0.0,
            "gic_blocker": 0.0
        },
        "20": {
            "volt_mag": 0.0,
            "gic_blocker": 0.0
        },
        "12": {
            "volt_mag": -364.7558200513393,
            "gic_blocker": 0.0
        },
        "24": {
            "volt_mag": 0.0,
            "gic_blocker": 0.0
        },
        "8": {
            "volt_mag": 69.28353545195434,
            "gic_blocker": 0.0
        },
        "17": {
            "volt_mag": 73.68890603942141,
            "gic_blocker": 0.0
        },
        "1": {
            "volt_mag": 0.0,
            "gic_blocker": 0.0
        },
        "19": {
            "volt_mag": 0.0,
            "gic_blocker": 0.0
        },
        "22": {
            "volt_mag": 51.966780513646356,
            "gic_blocker": 0.0
        },
        "23": {
            "volt_mag": -52.4021869786023,
            "gic_blocker": 0.0
        },
        "6": {
            "volt_mag": 109.3228790587046,
            "gic_blocker": 0.0
        },
        "11": {
            "volt_mag": -361.892561484573,
            "gic_blocker": 0.0
        },
        "9": {
            "volt_mag": 0.0,
            "gic_blocker": 0.0
        },
        "14": {
            "volt_mag": 136.65359882338072,
            "gic_blocker": 0.0
        },
        "3": {
            "volt_mag": 51.966780491766556,
            "gic_blocker": 0.9999999873689709
        },
        "7": {
            "volt_mag": 0.0,
            "gic_blocker": 0.0
        },
        "25": {
            "volt_mag": 0.0,
            "gic_blocker": 0.0
        },
        "4": {
            "volt_mag": -360.74735483421034,
            "gic_blocker": -7.307555302885323e-9
        },
        "13": {
            "volt_mag": -124.68670091530026,
            "gic_blocker": 0.0
        },
        "15": {
            "volt_mag": 0.0,
            "gic_blocker": 0.0
        },
        "2": {
            "volt_mag": -48.371249555918475,
            "gic_blocker": 0.0
        },
        "10": {
            "volt_mag": -708.9064946003924,
            "gic_blocker": 0.0
        },
        "18": {
            "volt_mag": 80.83079124514084,
            "gic_blocker": 0.0
        },
        "21": {
            "volt_mag": 47.68290732841124,
            "gic_blocker": 0.0
        },
        "26": {
            "volt_mag": -120.66968960530481,
            "gic_blocker": 0.0
        },
        "27": {
            "volt_mag": -1133.4010274890481,
            "gic_blocker": 0.0
        }
    },
    "bus": {
        "5": {
            "qd": 2.975,
            "pd": 13.200000000000001
        },
        "16": {
            "qd": 2.3,
            "pd": 5.0
        },
        "20": {
            "qd": 0.0,
            "pd": 0.0
        },
        "12": {
            "qd": 0.0,
            "pd": 0.0
        },
        "8": {
            "qd": 0.0,
            "pd": 0.0
        },
        "17": {
            "qd": 0.0,
            "pd": 0.0
        },
        "1": {
            "qd": 0.0,
            "pd": 0.0
        },
        "19": {
            "qd": 0.0,
            "pd": 0.0
        },
        "6": {
            "qd": 1.5750000000000002,
            "pd": 3.5999999999999996
        },
        "11": {
            "qd": 0.0,
            "pd": 0.0
        },
        "14": {
            "qd": 0.0,
            "pd": 0.0
        },
        "3": {
            "qd": 0.0,
            "pd": 0.0
        },
        "7": {
            "qd": 0.0,
            "pd": 0.0
        },
        "4": {
            "qd": 4.800000000000001,
            "pd": 13.5
        },
        "13": {
            "qd": 0.0,
            "pd": 0.0
        },
        "15": {
            "qd": 5.75,
            "pd": 12.600000000000001
        },
        "2": {
            "qd": 0.0,
            "pd": 0.0
        },
        "21": {
            "qd": 0.0,
            "pd": 0.0
        },
        "18": {
            "qd": 0.0,
            "pd": 0.0
        }
    }
}
