{
    "gmd_bus": {
        "5": {
            "volt_mag": -484.43121937116837,
            "gic_blocker": 1.0000000099620094
        },
        "16": {
            "volt_mag": 0.0,
            "gic_blocker": 0.0
        },
        "20": {
            "volt_mag": 0.0,
            "gic_blocker": 0.0
        },
        "12": {
            "volt_mag": -618.180792685392,
            "gic_blocker": 0.0
        },
        "24": {
            "volt_mag": 0.0,
            "gic_blocker": 0.0
        },
        "8": {
            "volt_mag": 1266.8236564082429,
            "gic_blocker": 1.0000000000006009
        },
        "17": {
            "volt_mag": 722.7343714438523,
            "gic_blocker": 0.0
        },
        "1": {
            "volt_mag": 0.0,
            "gic_blocker": 0.0
        },
        "19": {
            "volt_mag": 0.0,
            "gic_blocker": 0.0
        },
        "22": {
            "volt_mag": -1.1528523575541858e-5,
            "gic_blocker": 0.0
        },
        "23": {
            "volt_mag": -413.193443639077,
            "gic_blocker": 0.0
        },
        "6": {
            "volt_mag": 450.82864310356973,
            "gic_blocker": 0.9999999999964865
        },
        "11": {
            "volt_mag": -618.1708120136823,
            "gic_blocker": 0.0
        },
        "9": {
            "volt_mag": 0.0,
            "gic_blocker": 0.0
        },
        "14": {
            "volt_mag": 450.82864310396576,
            "gic_blocker": 0.0
        },
        "3": {
            "volt_mag": -1.1156635727263601e-5,
            "gic_blocker": 0.0
        },
        "7": {
            "volt_mag": 0.0,
            "gic_blocker": 0.0
        },
        "25": {
            "volt_mag": 0.0,
            "gic_blocker": 0.0
        },
        "4": {
            "volt_mag": -618.1720596222166,
            "gic_blocker": 1.0000000095502009
        },
        "13": {
            "volt_mag": -484.4316107595295,
            "gic_blocker": 0.0
        },
        "15": {
            "volt_mag": 0.0,
            "gic_blocker": 0.0
        },
        "2": {
            "volt_mag": -413.1934436659469,
            "gic_blocker": 1.0000000007803571
        },
        "10": {
            "volt_mag": -1017.3528277162238,
            "gic_blocker": 0.0
        },
        "18": {
            "volt_mag": 1266.823656408116,
            "gic_blocker": 0.0
        },
        "21": {
            "volt_mag": 0.013176144599936797,
            "gic_blocker": 0.0
        },
        "26": {
            "volt_mag": -484.43063180602104,
            "gic_blocker": 0.0
        },
        "27": {
            "volt_mag": -484.35556208461736,
            "gic_blocker": 0.0
        }
    },
    "bus": {
        "5": {
            "qd": 3.8500000000000005,
            "pd": 9.600000000000001
        },
        "16": {
            "qd": 2.0,
            "pd": 4.5
        },
        "20": {
            "qd": 0.0,
            "pd": 0.0
        },
        "12": {
            "qd": 0.0,
            "pd": 0.0
        },
        "8": {
            "qd": 0.0,
            "pd": 0.0
        },
        "17": {
            "qd": 0.0,
            "pd": 0.0
        },
        "1": {
            "qd": 0.0,
            "pd": 0.0
        },
        "19": {
            "qd": 0.0,
            "pd": 0.0
        },
        "6": {
            "qd": 1.6500000000000001,
            "pd": 2.55
        },
        "11": {
            "qd": 0.0,
            "pd": 0.0
        },
        "14": {
            "qd": 0.0,
            "pd": 0.0
        },
        "3": {
            "qd": 0.0,
            "pd": 0.0
        },
        "7": {
            "qd": 0.0,
            "pd": 0.0
        },
        "4": {
            "qd": 6.8999999999999995,
            "pd": 15.0
        },
        "13": {
            "qd": 0.0,
            "pd": 0.0
        },
        "15": {
            "qd": 6.0,
            "pd": 10.8
        },
        "2": {
            "qd": 0.0,
            "pd": 0.0
        },
        "21": {
            "qd": 0.0,
            "pd": 0.0
        },
        "18": {
            "qd": 0.0,
            "pd": 0.0
        }
    }
}
