{
    "gmd_bus": {
        "5": {
            "volt_mag": -108.16883340947798,
            "gic_blocker": 0.0
        },
        "16": {
            "volt_mag": 0.0,
            "gic_blocker": 0.0
        },
        "20": {
            "volt_mag": 0.0,
            "gic_blocker": 0.0
        },
        "12": {
            "volt_mag": -343.5793105711698,
            "gic_blocker": 0.0
        },
        "24": {
            "volt_mag": 0.0,
            "gic_blocker": 0.0
        },
        "8": {
            "volt_mag": 1020.4308112995668,
            "gic_blocker": 1.0
        },
        "17": {
            "volt_mag": 476.3415263412013,
            "gic_blocker": 0.0
        },
        "1": {
            "volt_mag": 0.0,
            "gic_blocker": 0.0
        },
        "19": {
            "volt_mag": 0.0,
            "gic_blocker": 0.0
        },
        "22": {
            "volt_mag": 88.57357994230973,
            "gic_blocker": 0.0
        },
        "23": {
            "volt_mag": -46.3599568675495,
            "gic_blocker": 0.0
        },
        "6": {
            "volt_mag": 163.54863840399454,
            "gic_blocker": 0.0
        },
        "11": {
            "volt_mag": -340.91149451992953,
            "gic_blocker": 0.0
        },
        "9": {
            "volt_mag": 0.0,
            "gic_blocker": 0.0
        },
        "14": {
            "volt_mag": 204.43579800499316,
            "gic_blocker": 0.0
        },
        "3": {
            "volt_mag": 88.57357994750541,
            "gic_blocker": 1.0000000017597825
        },
        "7": {
            "volt_mag": 0.0,
            "gic_blocker": 0.0
        },
        "25": {
            "volt_mag": 0.0,
            "gic_blocker": 0.0
        },
        "4": {
            "volt_mag": -339.82901730484036,
            "gic_blocker": 0.0
        },
        "13": {
            "volt_mag": -113.94832185365415,
            "gic_blocker": 0.0
        },
        "15": {
            "volt_mag": 0.0,
            "gic_blocker": 0.0
        },
        "2": {
            "volt_mag": -42.79380637219477,
            "gic_blocker": 0.0
        },
        "10": {
            "volt_mag": -695.3822074526851,
            "gic_blocker": 0.0
        },
        "18": {
            "volt_mag": 1020.4308112995668,
            "gic_blocker": 0.0
        },
        "21": {
            "volt_mag": 84.68085301041901,
            "gic_blocker": 0.0
        },
        "26": {
            "volt_mag": -110.3164838674307,
            "gic_blocker": 0.0
        },
        "27": {
            "volt_mag": -730.7484071872684,
            "gic_blocker": 0.0
        }
    },
    "bus": {
        "5": {
            "qd": 4.0249999999999995,
            "pd": 10.2
        },
        "16": {
            "qd": 2.0,
            "pd": 4.5
        },
        "20": {
            "qd": 0.0,
            "pd": 0.0
        },
        "12": {
            "qd": 0.0,
            "pd": 0.0
        },
        "8": {
            "qd": 0.0,
            "pd": 0.0
        },
        "17": {
            "qd": 0.0,
            "pd": 0.0
        },
        "1": {
            "qd": 0.0,
            "pd": 0.0
        },
        "19": {
            "qd": 0.0,
            "pd": 0.0
        },
        "6": {
            "qd": 1.275,
            "pd": 3.0
        },
        "11": {
            "qd": 0.0,
            "pd": 0.0
        },
        "14": {
            "qd": 0.0,
            "pd": 0.0
        },
        "3": {
            "qd": 0.0,
            "pd": 0.0
        },
        "7": {
            "qd": 0.0,
            "pd": 0.0
        },
        "4": {
            "qd": 6.0,
            "pd": 17.25
        },
        "13": {
            "qd": 0.0,
            "pd": 0.0
        },
        "15": {
            "qd": 5.75,
            "pd": 12.600000000000001
        },
        "2": {
            "qd": 0.0,
            "pd": 0.0
        },
        "21": {
            "qd": 0.0,
            "pd": 0.0
        },
        "18": {
            "qd": 0.0,
            "pd": 0.0
        }
    }
}
