{
    "gmd_bus": {
        "5": {
            "volt_mag": -131.58232394808783,
            "gic_blocker": 0.0
        },
        "16": {
            "volt_mag": 0.0,
            "gic_blocker": 0.0
        },
        "20": {
            "volt_mag": 0.0,
            "gic_blocker": 0.0
        },
        "12": {
            "volt_mag": -394.2977698898933,
            "gic_blocker": 0.0
        },
        "24": {
            "volt_mag": 0.0,
            "gic_blocker": 0.0
        },
        "8": {
            "volt_mag": 68.61870411827218,
            "gic_blocker": 0.0
        },
        "17": {
            "volt_mag": 67.7608266485302,
            "gic_blocker": 0.0
        },
        "1": {
            "volt_mag": 0.0,
            "gic_blocker": 0.0
        },
        "19": {
            "volt_mag": 0.0,
            "gic_blocker": 0.0
        },
        "22": {
            "volt_mag": 11.673081805181878,
            "gic_blocker": 0.0
        },
        "23": {
            "volt_mag": -243.27074664764694,
            "gic_blocker": 0.0
        },
        "6": {
            "volt_mag": 102.00973439086015,
            "gic_blocker": 0.0
        },
        "11": {
            "volt_mag": -391.77239977746194,
            "gic_blocker": 0.0
        },
        "9": {
            "volt_mag": 0.0,
            "gic_blocker": 0.0
        },
        "14": {
            "volt_mag": 127.51216798857519,
            "gic_blocker": 0.0
        },
        "3": {
            "volt_mag": 11.673081805181878,
            "gic_blocker": 1.0
        },
        "7": {
            "volt_mag": 0.0,
            "gic_blocker": 0.0
        },
        "25": {
            "volt_mag": 0.0,
            "gic_blocker": 0.0
        },
        "4": {
            "volt_mag": -390.4611496228409,
            "gic_blocker": 1.0276043895457582e-8
        },
        "13": {
            "volt_mag": -138.16718704035307,
            "gic_blocker": 0.0
        },
        "15": {
            "volt_mag": 0.0,
            "gic_blocker": 0.0
        },
        "2": {
            "volt_mag": -243.27074664764694,
            "gic_blocker": 1.0
        },
        "10": {
            "volt_mag": -819.1444933094674,
            "gic_blocker": 0.0
        },
        "18": {
            "volt_mag": 80.05515469028636,
            "gic_blocker": 0.0
        },
        "21": {
            "volt_mag": 8.16388902639097,
            "gic_blocker": 0.0
        },
        "26": {
            "volt_mag": -134.8632614575664,
            "gic_blocker": 0.0
        },
        "27": {
            "volt_mag": -1139.3291068799394,
            "gic_blocker": 0.0
        }
    },
    "bus": {
        "5": {
            "qd": 3.5,
            "pd": 13.200000000000001
        },
        "16": {
            "qd": 2.4,
            "pd": 5.25
        },
        "20": {
            "qd": 0.0,
            "pd": 0.0
        },
        "12": {
            "qd": 0.0,
            "pd": 0.0
        },
        "8": {
            "qd": 0.0,
            "pd": 0.0
        },
        "17": {
            "qd": 0.0,
            "pd": 0.0
        },
        "1": {
            "qd": 0.0,
            "pd": 0.0
        },
        "19": {
            "qd": 0.0,
            "pd": 0.0
        },
        "6": {
            "qd": 1.5,
            "pd": 3.0
        },
        "11": {
            "qd": 0.0,
            "pd": 0.0
        },
        "14": {
            "qd": 0.0,
            "pd": 0.0
        },
        "3": {
            "qd": 0.0,
            "pd": 0.0
        },
        "7": {
            "qd": 0.0,
            "pd": 0.0
        },
        "4": {
            "qd": 4.800000000000001,
            "pd": 12.75
        },
        "13": {
            "qd": 0.0,
            "pd": 0.0
        },
        "15": {
            "qd": 5.25,
            "pd": 13.799999999999999
        },
        "2": {
            "qd": 0.0,
            "pd": 0.0
        },
        "21": {
            "qd": 0.0,
            "pd": 0.0
        },
        "18": {
            "qd": 0.0,
            "pd": 0.0
        }
    }
}
