{
    "gmd_bus": {
        "5": {
            "volt_mag": -484.4312194080988,
            "gic_blocker": 1.0000000099626705
        },
        "16": {
            "volt_mag": 0.0,
            "gic_blocker": 0.0
        },
        "20": {
            "volt_mag": 0.0,
            "gic_blocker": 0.0
        },
        "12": {
            "volt_mag": -618.1807927221861,
            "gic_blocker": 0.0
        },
        "24": {
            "volt_mag": 0.0,
            "gic_blocker": 0.0
        },
        "8": {
            "volt_mag": 1266.8236563711146,
            "gic_blocker": 1.0000000000001785
        },
        "17": {
            "volt_mag": 722.7343714109589,
            "gic_blocker": 0.0
        },
        "1": {
            "volt_mag": 0.0,
            "gic_blocker": 0.0
        },
        "19": {
            "volt_mag": 0.0,
            "gic_blocker": 0.0
        },
        "22": {
            "volt_mag": -1.1548143904466331e-5,
            "gic_blocker": 0.0
        },
        "23": {
            "volt_mag": -413.1934437142566,
            "gic_blocker": 0.0
        },
        "6": {
            "volt_mag": 450.82864307314156,
            "gic_blocker": 0.9999999999954159
        },
        "11": {
            "volt_mag": -618.1708120506956,
            "gic_blocker": 0.0
        },
        "9": {
            "volt_mag": 0.0,
            "gic_blocker": 0.0
        },
        "14": {
            "volt_mag": 450.8286430736582,
            "gic_blocker": 0.0
        },
        "3": {
            "volt_mag": -1.1175623142367112e-5,
            "gic_blocker": 0.0
        },
        "7": {
            "volt_mag": 0.0,
            "gic_blocker": 0.0
        },
        "25": {
            "volt_mag": 0.0,
            "gic_blocker": 0.0
        },
        "4": {
            "volt_mag": -618.1720596592568,
            "gic_blocker": 1.00000000957129
        },
        "13": {
            "volt_mag": -484.4316107964142,
            "gic_blocker": 0.0
        },
        "15": {
            "volt_mag": 0.0,
            "gic_blocker": 0.0
        },
        "2": {
            "volt_mag": -413.1934437422686,
            "gic_blocker": 1.0000000008135235
        },
        "10": {
            "volt_mag": -1017.3528277722879,
            "gic_blocker": 0.0
        },
        "18": {
            "volt_mag": 1266.8236563710766,
            "gic_blocker": 0.0
        },
        "21": {
            "volt_mag": 0.013176124516065793,
            "gic_blocker": 0.0
        },
        "26": {
            "volt_mag": -484.43063184298813,
            "gic_blocker": 0.0
        },
        "27": {
            "volt_mag": -484.3555621175108,
            "gic_blocker": 0.0
        }
    },
    "bus": {
        "5": {
            "qd": 3.8500000000000005,
            "pd": 12.0
        },
        "16": {
            "qd": 1.6,
            "pd": 5.25
        },
        "20": {
            "qd": 0.0,
            "pd": 0.0
        },
        "12": {
            "qd": 0.0,
            "pd": 0.0
        },
        "8": {
            "qd": 0.0,
            "pd": 0.0
        },
        "17": {
            "qd": 0.0,
            "pd": 0.0
        },
        "1": {
            "qd": 0.0,
            "pd": 0.0
        },
        "19": {
            "qd": 0.0,
            "pd": 0.0
        },
        "6": {
            "qd": 1.7999999999999998,
            "pd": 2.55
        },
        "11": {
            "qd": 0.0,
            "pd": 0.0
        },
        "14": {
            "qd": 0.0,
            "pd": 0.0
        },
        "3": {
            "qd": 0.0,
            "pd": 0.0
        },
        "7": {
            "qd": 0.0,
            "pd": 0.0
        },
        "4": {
            "qd": 5.4,
            "pd": 14.25
        },
        "13": {
            "qd": 0.0,
            "pd": 0.0
        },
        "15": {
            "qd": 6.0,
            "pd": 12.600000000000001
        },
        "2": {
            "qd": 0.0,
            "pd": 0.0
        },
        "21": {
            "qd": 0.0,
            "pd": 0.0
        },
        "18": {
            "qd": 0.0,
            "pd": 0.0
        }
    }
}
