{
    "gmd_bus": {
        "5": {
            "volt_mag": -114.27849300080025,
            "gic_blocker": -6.877554218603365e-9
        },
        "16": {
            "volt_mag": 0.0,
            "gic_blocker": 0.0
        },
        "20": {
            "volt_mag": 0.0,
            "gic_blocker": 1.0
        },
        "12": {
            "volt_mag": -359.7399986162969,
            "gic_blocker": 0.0
        },
        "24": {
            "volt_mag": 0.0,
            "gic_blocker": 0.0
        },
        "8": {
            "volt_mag": 1010.5049667804234,
            "gic_blocker": 1.0
        },
        "17": {
            "volt_mag": 466.4156818220578,
            "gic_blocker": 0.0
        },
        "1": {
            "volt_mag": 0.0,
            "gic_blocker": 0.0
        },
        "19": {
            "volt_mag": 0.0,
            "gic_blocker": 0.0
        },
        "22": {
            "volt_mag": 38.82452540418664,
            "gic_blocker": 0.0
        },
        "23": {
            "volt_mag": -53.16051797749613,
            "gic_blocker": 0.0
        },
        "6": {
            "volt_mag": 155.60796252794435,
            "gic_blocker": -8.377959443909873e-9
        },
        "11": {
            "volt_mag": -356.93035927237173,
            "gic_blocker": 0.0
        },
        "9": {
            "volt_mag": 0.0,
            "gic_blocker": 0.0
        },
        "14": {
            "volt_mag": 194.50995348584973,
            "gic_blocker": 0.0
        },
        "3": {
            "volt_mag": 37.57212138919039,
            "gic_blocker": 0.0
        },
        "7": {
            "volt_mag": 0.0,
            "gic_blocker": 0.0
        },
        "25": {
            "volt_mag": 0.0,
            "gic_blocker": 0.0
        },
        "4": {
            "volt_mag": -355.79906808179294,
            "gic_blocker": -6.477978324857369e-9
        },
        "13": {
            "volt_mag": -120.25015484180678,
            "gic_blocker": 0.0
        },
        "15": {
            "volt_mag": 0.0,
            "gic_blocker": 0.0
        },
        "2": {
            "volt_mag": -49.07124740158969,
            "gic_blocker": 0.0
        },
        "10": {
            "volt_mag": -706.7997192871303,
            "gic_blocker": 0.0
        },
        "18": {
            "volt_mag": 1010.5049667804234,
            "gic_blocker": 0.0
        },
        "21": {
            "volt_mag": 36.21314050483659,
            "gic_blocker": 0.0
        },
        "26": {
            "volt_mag": -116.74884939402881,
            "gic_blocker": 0.0
        },
        "27": {
            "volt_mag": -740.674251706412,
            "gic_blocker": 0.0
        }
    },
    "bus": {
        "5": {
            "qd": 3.8500000000000005,
            "pd": 12.600000000000001
        },
        "16": {
            "qd": 2.2,
            "pd": 6.0
        },
        "20": {
            "qd": 0.0,
            "pd": 0.0
        },
        "12": {
            "qd": 0.0,
            "pd": 0.0
        },
        "8": {
            "qd": 0.0,
            "pd": 0.0
        },
        "17": {
            "qd": 0.0,
            "pd": 0.0
        },
        "1": {
            "qd": 0.0,
            "pd": 0.0
        },
        "19": {
            "qd": 0.0,
            "pd": 0.0
        },
        "6": {
            "qd": 1.275,
            "pd": 3.4499999999999997
        },
        "11": {
            "qd": 0.0,
            "pd": 0.0
        },
        "14": {
            "qd": 0.0,
            "pd": 0.0
        },
        "3": {
            "qd": 0.0,
            "pd": 0.0
        },
        "7": {
            "qd": 0.0,
            "pd": 0.0
        },
        "4": {
            "qd": 4.800000000000001,
            "pd": 15.0
        },
        "13": {
            "qd": 0.0,
            "pd": 0.0
        },
        "15": {
            "qd": 6.0,
            "pd": 10.8
        },
        "2": {
            "qd": 0.0,
            "pd": 0.0
        },
        "21": {
            "qd": 0.0,
            "pd": 0.0
        },
        "18": {
            "qd": 0.0,
            "pd": 0.0
        }
    }
}
