{
    "gmd_bus": {
        "5": {
            "volt_mag": -108.16883714695214,
            "gic_blocker": -6.868935801495432e-9
        },
        "16": {
            "volt_mag": 0.0,
            "gic_blocker": 0.0
        },
        "20": {
            "volt_mag": 0.0,
            "gic_blocker": 0.0
        },
        "12": {
            "volt_mag": -343.57932134810494,
            "gic_blocker": 0.0
        },
        "24": {
            "volt_mag": 0.0,
            "gic_blocker": 0.0
        },
        "8": {
            "volt_mag": 1020.4308036117387,
            "gic_blocker": 1.0
        },
        "17": {
            "volt_mag": 476.34151865337327,
            "gic_blocker": 0.0
        },
        "1": {
            "volt_mag": 0.0,
            "gic_blocker": 0.0
        },
        "19": {
            "volt_mag": 0.0,
            "gic_blocker": 0.0
        },
        "22": {
            "volt_mag": 88.57354590935239,
            "gic_blocker": 0.0
        },
        "23": {
            "volt_mag": -46.35996331814308,
            "gic_blocker": 0.0
        },
        "6": {
            "volt_mag": 163.54863197652318,
            "gic_blocker": -8.47481747784228e-9
        },
        "11": {
            "volt_mag": -340.91150519510853,
            "gic_blocker": 0.0
        },
        "9": {
            "volt_mag": 0.0,
            "gic_blocker": 0.0
        },
        "14": {
            "volt_mag": 204.43579031716516,
            "gic_blocker": 0.0
        },
        "3": {
            "volt_mag": 88.57354507250444,
            "gic_blocker": 0.9999997165582684
        },
        "7": {
            "volt_mag": 0.0,
            "gic_blocker": 0.0
        },
        "25": {
            "volt_mag": 0.0,
            "gic_blocker": 0.0
        },
        "4": {
            "volt_mag": -339.8290279401435,
            "gic_blocker": -5.848795038478924e-9
        },
        "13": {
            "volt_mag": -113.94832573411094,
            "gic_blocker": 0.0
        },
        "15": {
            "volt_mag": 0.0,
            "gic_blocker": 0.0
        },
        "2": {
            "volt_mag": -42.79381251504507,
            "gic_blocker": 5.7249649407367946e-8
        },
        "10": {
            "volt_mag": -695.3822160191455,
            "gic_blocker": 0.0
        },
        "18": {
            "volt_mag": 1020.4308036117387,
            "gic_blocker": 0.0
        },
        "21": {
            "volt_mag": 84.68081984032409,
            "gic_blocker": 0.0
        },
        "26": {
            "volt_mag": -110.3164878384788,
            "gic_blocker": 0.0
        },
        "27": {
            "volt_mag": -730.7484148750965,
            "gic_blocker": 0.0
        }
    },
    "bus": {
        "5": {
            "qd": 3.5,
            "pd": 14.399999999999999
        },
        "16": {
            "qd": 2.4,
            "pd": 5.0
        },
        "20": {
            "qd": 0.0,
            "pd": 0.0
        },
        "12": {
            "qd": 0.0,
            "pd": 0.0
        },
        "8": {
            "qd": 0.0,
            "pd": 0.0
        },
        "17": {
            "qd": 0.0,
            "pd": 0.0
        },
        "1": {
            "qd": 0.0,
            "pd": 0.0
        },
        "19": {
            "qd": 0.0,
            "pd": 0.0
        },
        "6": {
            "qd": 1.6500000000000001,
            "pd": 2.8499999999999996
        },
        "11": {
            "qd": 0.0,
            "pd": 0.0
        },
        "14": {
            "qd": 0.0,
            "pd": 0.0
        },
        "3": {
            "qd": 0.0,
            "pd": 0.0
        },
        "7": {
            "qd": 0.0,
            "pd": 0.0
        },
        "4": {
            "qd": 6.300000000000001,
            "pd": 15.75
        },
        "13": {
            "qd": 0.0,
            "pd": 0.0
        },
        "15": {
            "qd": 4.5,
            "pd": 12.0
        },
        "2": {
            "qd": 0.0,
            "pd": 0.0
        },
        "21": {
            "qd": 0.0,
            "pd": 0.0
        },
        "18": {
            "qd": 0.0,
            "pd": 0.0
        }
    }
}
