{
    "gmd_bus": {
        "5": {
            "volt_mag": -108.16883358863231,
            "gic_blocker": -6.230291917149616e-9
        },
        "16": {
            "volt_mag": 0.0,
            "gic_blocker": 0.0
        },
        "20": {
            "volt_mag": 0.0,
            "gic_blocker": 1.0
        },
        "12": {
            "volt_mag": -343.5793118360945,
            "gic_blocker": 1.0
        },
        "24": {
            "volt_mag": 0.0,
            "gic_blocker": 0.0
        },
        "8": {
            "volt_mag": 1020.4308094900481,
            "gic_blocker": 1.0
        },
        "17": {
            "volt_mag": 476.3415245316826,
            "gic_blocker": 0.0
        },
        "1": {
            "volt_mag": 0.0,
            "gic_blocker": 0.0
        },
        "19": {
            "volt_mag": 0.0,
            "gic_blocker": 1.0
        },
        "22": {
            "volt_mag": 88.57357526970486,
            "gic_blocker": 0.0
        },
        "23": {
            "volt_mag": -46.35995921028563,
            "gic_blocker": 1.0
        },
        "6": {
            "volt_mag": 163.54863668671638,
            "gic_blocker": -8.244127762842667e-9
        },
        "11": {
            "volt_mag": -340.91149576684745,
            "gic_blocker": 1.0
        },
        "9": {
            "volt_mag": 0.0,
            "gic_blocker": 0.0
        },
        "14": {
            "volt_mag": 204.4357961954744,
            "gic_blocker": 1.0
        },
        "3": {
            "volt_mag": 88.57357517179253,
            "gic_blocker": 0.9999999668369494
        },
        "7": {
            "volt_mag": 0.0,
            "gic_blocker": 0.0
        },
        "25": {
            "volt_mag": 0.0,
            "gic_blocker": 0.0
        },
        "4": {
            "volt_mag": -339.82901854095815,
            "gic_blocker": -5.579614983405015e-9
        },
        "13": {
            "volt_mag": -113.94832206156728,
            "gic_blocker": 0.0
        },
        "15": {
            "volt_mag": 0.0,
            "gic_blocker": 0.0
        },
        "2": {
            "volt_mag": -42.79380871303811,
            "gic_blocker": 5.416974715815536e-8
        },
        "10": {
            "volt_mag": -695.3822092465849,
            "gic_blocker": 0.0
        },
        "18": {
            "volt_mag": 1020.4308094900481,
            "gic_blocker": 0.0
        },
        "21": {
            "volt_mag": 84.68084844449746,
            "gic_blocker": 0.0
        },
        "26": {
            "volt_mag": -110.31648408875462,
            "gic_blocker": 0.0
        },
        "27": {
            "volt_mag": -730.7484089967871,
            "gic_blocker": 0.0
        }
    },
    "bus": {
        "5": {
            "qd": 3.6750000000000003,
            "pd": 13.799999999999999
        },
        "16": {
            "qd": 2.0,
            "pd": 4.0
        },
        "20": {
            "qd": 0.0,
            "pd": 0.0
        },
        "12": {
            "qd": 0.0,
            "pd": 0.0
        },
        "8": {
            "qd": 0.0,
            "pd": 0.0
        },
        "17": {
            "qd": 0.0,
            "pd": 0.0
        },
        "1": {
            "qd": 0.0,
            "pd": 0.0
        },
        "19": {
            "qd": 0.0,
            "pd": 0.0
        },
        "6": {
            "qd": 1.7999999999999998,
            "pd": 3.3000000000000003
        },
        "11": {
            "qd": 0.0,
            "pd": 0.0
        },
        "14": {
            "qd": 0.0,
            "pd": 0.0
        },
        "3": {
            "qd": 0.0,
            "pd": 0.0
        },
        "7": {
            "qd": 0.0,
            "pd": 0.0
        },
        "4": {
            "qd": 6.8999999999999995,
            "pd": 14.25
        },
        "13": {
            "qd": 0.0,
            "pd": 0.0
        },
        "15": {
            "qd": 4.25,
            "pd": 13.799999999999999
        },
        "2": {
            "qd": 0.0,
            "pd": 0.0
        },
        "21": {
            "qd": 0.0,
            "pd": 0.0
        },
        "18": {
            "qd": 0.0,
            "pd": 0.0
        }
    }
}
