{
    "gmd_bus": {
        "5": {
            "volt_mag": -114.27849297316845,
            "gic_blocker": -7.2402661935396296e-9
        },
        "16": {
            "volt_mag": 0.0,
            "gic_blocker": 0.0
        },
        "20": {
            "volt_mag": 0.0,
            "gic_blocker": 0.0
        },
        "12": {
            "volt_mag": -359.7399986159638,
            "gic_blocker": 0.0
        },
        "24": {
            "volt_mag": 0.0,
            "gic_blocker": 0.0
        },
        "8": {
            "volt_mag": 1010.504966768696,
            "gic_blocker": 1.0
        },
        "17": {
            "volt_mag": 466.41568181033057,
            "gic_blocker": 0.0
        },
        "1": {
            "volt_mag": 0.0,
            "gic_blocker": 0.0
        },
        "19": {
            "volt_mag": 0.0,
            "gic_blocker": 0.0
        },
        "22": {
            "volt_mag": 38.824525404056594,
            "gic_blocker": 0.0
        },
        "23": {
            "volt_mag": -53.16051797558434,
            "gic_blocker": 0.0
        },
        "6": {
            "volt_mag": 155.60796251446592,
            "gic_blocker": -8.50958990269153e-9
        },
        "11": {
            "volt_mag": -356.9303592724474,
            "gic_blocker": 0.0
        },
        "9": {
            "volt_mag": 0.0,
            "gic_blocker": 0.0
        },
        "14": {
            "volt_mag": 194.5099534741224,
            "gic_blocker": 0.0
        },
        "3": {
            "volt_mag": 37.57212138906454,
            "gic_blocker": 0.0
        },
        "7": {
            "volt_mag": 0.0,
            "gic_blocker": 0.0
        },
        "25": {
            "volt_mag": 0.0,
            "gic_blocker": 0.0
        },
        "4": {
            "volt_mag": -355.79906808206727,
            "gic_blocker": -6.308723005292783e-9
        },
        "13": {
            "volt_mag": -120.25015481488731,
            "gic_blocker": 1.0
        },
        "15": {
            "volt_mag": 0.0,
            "gic_blocker": 0.0
        },
        "2": {
            "volt_mag": -49.07124739982497,
            "gic_blocker": 0.0
        },
        "10": {
            "volt_mag": -706.7997192862139,
            "gic_blocker": 0.0
        },
        "18": {
            "volt_mag": 1010.504966768696,
            "gic_blocker": 0.0
        },
        "21": {
            "volt_mag": 36.21314050448364,
            "gic_blocker": 0.0
        },
        "26": {
            "volt_mag": -116.74884936671033,
            "gic_blocker": 0.0
        },
        "27": {
            "volt_mag": -740.6742517181392,
            "gic_blocker": 0.0
        }
    },
    "bus": {
        "5": {
            "qd": 3.3249999999999997,
            "pd": 14.399999999999999
        },
        "16": {
            "qd": 2.0,
            "pd": 5.25
        },
        "20": {
            "qd": 0.0,
            "pd": 0.0
        },
        "12": {
            "qd": 0.0,
            "pd": 0.0
        },
        "8": {
            "qd": 0.0,
            "pd": 0.0
        },
        "17": {
            "qd": 0.0,
            "pd": 0.0
        },
        "1": {
            "qd": 0.0,
            "pd": 0.0
        },
        "19": {
            "qd": 0.0,
            "pd": 0.0
        },
        "6": {
            "qd": 1.2000000000000002,
            "pd": 3.1500000000000004
        },
        "11": {
            "qd": 0.0,
            "pd": 0.0
        },
        "14": {
            "qd": 0.0,
            "pd": 0.0
        },
        "3": {
            "qd": 0.0,
            "pd": 0.0
        },
        "7": {
            "qd": 0.0,
            "pd": 0.0
        },
        "4": {
            "qd": 5.699999999999999,
            "pd": 18.0
        },
        "13": {
            "qd": 0.0,
            "pd": 0.0
        },
        "15": {
            "qd": 5.75,
            "pd": 11.399999999999999
        },
        "2": {
            "qd": 0.0,
            "pd": 0.0
        },
        "21": {
            "qd": 0.0,
            "pd": 0.0
        },
        "18": {
            "qd": 0.0,
            "pd": 0.0
        }
    }
}
