{
    "gmd_bus": {
        "5": {
            "volt_mag": -484.431219424621,
            "gic_blocker": 1.0000000099640363
        },
        "16": {
            "volt_mag": 0.0,
            "gic_blocker": 0.0
        },
        "20": {
            "volt_mag": 0.0,
            "gic_blocker": 0.0
        },
        "12": {
            "volt_mag": -618.1807927380305,
            "gic_blocker": 0.0
        },
        "24": {
            "volt_mag": 0.0,
            "gic_blocker": 0.0
        },
        "8": {
            "volt_mag": 1266.8236563517714,
            "gic_blocker": 0.9999999999998267
        },
        "17": {
            "volt_mag": 722.7343713951436,
            "gic_blocker": 0.0
        },
        "1": {
            "volt_mag": 0.0,
            "gic_blocker": 0.0
        },
        "19": {
            "volt_mag": 0.0,
            "gic_blocker": 0.0
        },
        "22": {
            "volt_mag": -1.1556330774854761e-5,
            "gic_blocker": 0.0
        },
        "23": {
            "volt_mag": -413.19344374013684,
            "gic_blocker": 0.0
        },
        "6": {
            "volt_mag": 450.8286430594281,
            "gic_blocker": 0.9999999999949574
        },
        "11": {
            "volt_mag": -618.1708120666208,
            "gic_blocker": 0.0
        },
        "9": {
            "volt_mag": 0.0,
            "gic_blocker": 0.0
        },
        "14": {
            "volt_mag": 450.82864305999647,
            "gic_blocker": 0.0
        },
        "3": {
            "volt_mag": -1.1183545920168757e-5,
            "gic_blocker": 0.0
        },
        "7": {
            "volt_mag": 0.0,
            "gic_blocker": 0.0
        },
        "25": {
            "volt_mag": 0.0,
            "gic_blocker": 0.0
        },
        "4": {
            "volt_mag": -618.1720596752002,
            "gic_blocker": 1.0000000095822863
        },
        "13": {
            "volt_mag": -484.43161081290634,
            "gic_blocker": 0.0
        },
        "15": {
            "volt_mag": 0.0,
            "gic_blocker": 0.0
        },
        "2": {
            "volt_mag": -413.1934437684768,
            "gic_blocker": 1.0000000008230476
        },
        "10": {
            "volt_mag": -1017.3528277931823,
            "gic_blocker": 0.0
        },
        "18": {
            "volt_mag": 1266.8236563518078,
            "gic_blocker": 0.0
        },
        "21": {
            "volt_mag": 0.01317611610845528,
            "gic_blocker": 0.0
        },
        "26": {
            "volt_mag": -484.4306318594892,
            "gic_blocker": 0.0
        },
        "27": {
            "volt_mag": -484.3555621333261,
            "gic_blocker": 0.0
        }
    },
    "bus": {
        "5": {
            "qd": 3.5,
            "pd": 11.399999999999999
        },
        "16": {
            "qd": 2.2,
            "pd": 4.5
        },
        "20": {
            "qd": 0.0,
            "pd": 0.0
        },
        "12": {
            "qd": 0.0,
            "pd": 0.0
        },
        "8": {
            "qd": 0.0,
            "pd": 0.0
        },
        "17": {
            "qd": 0.0,
            "pd": 0.0
        },
        "1": {
            "qd": 0.0,
            "pd": 0.0
        },
        "19": {
            "qd": 0.0,
            "pd": 0.0
        },
        "6": {
            "qd": 1.5,
            "pd": 3.4499999999999997
        },
        "11": {
            "qd": 0.0,
            "pd": 0.0
        },
        "14": {
            "qd": 0.0,
            "pd": 0.0
        },
        "3": {
            "qd": 0.0,
            "pd": 0.0
        },
        "7": {
            "qd": 0.0,
            "pd": 0.0
        },
        "4": {
            "qd": 5.1,
            "pd": 17.25
        },
        "13": {
            "qd": 0.0,
            "pd": 0.0
        },
        "15": {
            "qd": 5.0,
            "pd": 9.600000000000001
        },
        "2": {
            "qd": 0.0,
            "pd": 0.0
        },
        "21": {
            "qd": 0.0,
            "pd": 0.0
        },
        "18": {
            "qd": 0.0,
            "pd": 0.0
        }
    }
}
