{
    "gmd_bus": {
        "5": {
            "volt_mag": -484.43121942784353,
            "gic_blocker": 1.0000000099663542
        },
        "16": {
            "volt_mag": 0.0,
            "gic_blocker": 0.0
        },
        "20": {
            "volt_mag": 0.0,
            "gic_blocker": 0.0
        },
        "12": {
            "volt_mag": -618.1807927393818,
            "gic_blocker": 0.0
        },
        "24": {
            "volt_mag": 0.0,
            "gic_blocker": 0.0
        },
        "8": {
            "volt_mag": 1266.8236563411513,
            "gic_blocker": 0.9999999999994215
        },
        "17": {
            "volt_mag": 722.7343713885878,
            "gic_blocker": 0.0
        },
        "1": {
            "volt_mag": 0.0,
            "gic_blocker": 0.0
        },
        "19": {
            "volt_mag": 0.0,
            "gic_blocker": 0.0
        },
        "22": {
            "volt_mag": -1.1556968889118696e-5,
            "gic_blocker": 0.0
        },
        "23": {
            "volt_mag": -413.1934437304702,
            "gic_blocker": 0.0
        },
        "6": {
            "volt_mag": 450.8286430552439,
            "gic_blocker": 0.9999999999939843
        },
        "11": {
            "volt_mag": -618.1708120679293,
            "gic_blocker": 0.0
        },
        "9": {
            "volt_mag": 0.0,
            "gic_blocker": 0.0
        },
        "14": {
            "volt_mag": 450.8286430559219,
            "gic_blocker": 0.0
        },
        "3": {
            "volt_mag": -1.1184163450102096e-5,
            "gic_blocker": 0.0
        },
        "7": {
            "volt_mag": 0.0,
            "gic_blocker": 0.0
        },
        "25": {
            "volt_mag": 0.0,
            "gic_blocker": 0.0
        },
        "4": {
            "volt_mag": -618.1720596765107,
            "gic_blocker": 1.0000000095809678
        },
        "13": {
            "volt_mag": -484.4316108161034,
            "gic_blocker": 0.0
        },
        "15": {
            "volt_mag": 0.0,
            "gic_blocker": 0.0
        },
        "2": {
            "volt_mag": -413.1934437585294,
            "gic_blocker": 1.000000000814893
        },
        "10": {
            "volt_mag": -1017.3528277890126,
            "gic_blocker": 0.0
        },
        "18": {
            "volt_mag": 1266.8236563412734,
            "gic_blocker": 0.0
        },
        "21": {
            "volt_mag": 0.013176115391817376,
            "gic_blocker": 0.0
        },
        "26": {
            "volt_mag": -484.4306318626377,
            "gic_blocker": 0.0
        },
        "27": {
            "volt_mag": -484.35556213988195,
            "gic_blocker": 0.0
        }
    },
    "bus": {
        "5": {
            "qd": 2.975,
            "pd": 12.0
        },
        "16": {
            "qd": 1.6,
            "pd": 5.25
        },
        "20": {
            "qd": 0.0,
            "pd": 0.0
        },
        "12": {
            "qd": 0.0,
            "pd": 0.0
        },
        "8": {
            "qd": 0.0,
            "pd": 0.0
        },
        "17": {
            "qd": 0.0,
            "pd": 0.0
        },
        "1": {
            "qd": 0.0,
            "pd": 0.0
        },
        "19": {
            "qd": 0.0,
            "pd": 0.0
        },
        "6": {
            "qd": 1.7999999999999998,
            "pd": 3.3000000000000003
        },
        "11": {
            "qd": 0.0,
            "pd": 0.0
        },
        "14": {
            "qd": 0.0,
            "pd": 0.0
        },
        "3": {
            "qd": 0.0,
            "pd": 0.0
        },
        "7": {
            "qd": 0.0,
            "pd": 0.0
        },
        "4": {
            "qd": 6.300000000000001,
            "pd": 13.5
        },
        "13": {
            "qd": 0.0,
            "pd": 0.0
        },
        "15": {
            "qd": 4.5,
            "pd": 10.2
        },
        "2": {
            "qd": 0.0,
            "pd": 0.0
        },
        "21": {
            "qd": 0.0,
            "pd": 0.0
        },
        "18": {
            "qd": 0.0,
            "pd": 0.0
        }
    }
}
