{
    "gmd_bus": {
        "5": {
            "volt_mag": -114.27849143303126,
            "gic_blocker": -7.700449672276612e-9
        },
        "16": {
            "volt_mag": 0.0,
            "gic_blocker": 0.0
        },
        "20": {
            "volt_mag": 0.0,
            "gic_blocker": 0.0
        },
        "12": {
            "volt_mag": -359.73999457965965,
            "gic_blocker": 0.0
        },
        "24": {
            "volt_mag": 0.0,
            "gic_blocker": 0.0
        },
        "8": {
            "volt_mag": 1010.5049693010749,
            "gic_blocker": 1.0
        },
        "17": {
            "volt_mag": 466.41568434270926,
            "gic_blocker": 0.0
        },
        "1": {
            "volt_mag": 0.0,
            "gic_blocker": 0.0
        },
        "19": {
            "volt_mag": 0.0,
            "gic_blocker": 0.0
        },
        "22": {
            "volt_mag": 38.824538247121914,
            "gic_blocker": 0.0
        },
        "23": {
            "volt_mag": -53.160517860922525,
            "gic_blocker": 0.0
        },
        "6": {
            "volt_mag": 155.60796453486432,
            "gic_blocker": -8.686463477154452e-9
        },
        "11": {
            "volt_mag": -356.93035527697697,
            "gic_blocker": 0.0
        },
        "9": {
            "volt_mag": 0.0,
            "gic_blocker": 0.0
        },
        "14": {
            "volt_mag": 194.5099560065011,
            "gic_blocker": 0.0
        },
        "3": {
            "volt_mag": 37.57213456442007,
            "gic_blocker": 6.159900753775627e-7
        },
        "7": {
            "volt_mag": 0.0,
            "gic_blocker": 0.0
        },
        "25": {
            "volt_mag": 0.0,
            "gic_blocker": 0.0
        },
        "4": {
            "volt_mag": -355.79906409816016,
            "gic_blocker": -6.262885517472809e-9
        },
        "13": {
            "volt_mag": -120.2501532267318,
            "gic_blocker": 0.0
        },
        "15": {
            "volt_mag": 0.0,
            "gic_blocker": 0.0
        },
        "2": {
            "volt_mag": -49.07124745997351,
            "gic_blocker": 4.397428176156218e-8
        },
        "10": {
            "volt_mag": -706.7997172278644,
            "gic_blocker": 0.0
        },
        "18": {
            "volt_mag": 1010.5049693010749,
            "gic_blocker": 0.0
        },
        "21": {
            "volt_mag": 36.21315301417641,
            "gic_blocker": 0.0
        },
        "26": {
            "volt_mag": -116.74884774984584,
            "gic_blocker": 0.0
        },
        "27": {
            "volt_mag": -740.6742491857605,
            "gic_blocker": 0.0
        }
    },
    "bus": {
        "5": {
            "qd": 3.15,
            "pd": 11.399999999999999
        },
        "16": {
            "qd": 1.9,
            "pd": 5.75
        },
        "20": {
            "qd": 0.0,
            "pd": 0.0
        },
        "12": {
            "qd": 0.0,
            "pd": 0.0
        },
        "8": {
            "qd": 0.0,
            "pd": 0.0
        },
        "17": {
            "qd": 0.0,
            "pd": 0.0
        },
        "1": {
            "qd": 0.0,
            "pd": 0.0
        },
        "19": {
            "qd": 0.0,
            "pd": 0.0
        },
        "6": {
            "qd": 1.7249999999999999,
            "pd": 3.3000000000000003
        },
        "11": {
            "qd": 0.0,
            "pd": 0.0
        },
        "14": {
            "qd": 0.0,
            "pd": 0.0
        },
        "3": {
            "qd": 0.0,
            "pd": 0.0
        },
        "7": {
            "qd": 0.0,
            "pd": 0.0
        },
        "4": {
            "qd": 6.6000000000000005,
            "pd": 14.25
        },
        "13": {
            "qd": 0.0,
            "pd": 0.0
        },
        "15": {
            "qd": 4.25,
            "pd": 13.200000000000001
        },
        "2": {
            "qd": 0.0,
            "pd": 0.0
        },
        "21": {
            "qd": 0.0,
            "pd": 0.0
        },
        "18": {
            "qd": 0.0,
            "pd": 0.0
        }
    }
}
