{
    "gmd_bus": {
        "5": {
            "volt_mag": -484.4312193741001,
            "gic_blocker": 1.0000000099625266
        },
        "16": {
            "volt_mag": 0.0,
            "gic_blocker": 0.0
        },
        "20": {
            "volt_mag": 0.0,
            "gic_blocker": 0.0
        },
        "12": {
            "volt_mag": -618.1807926877549,
            "gic_blocker": 0.0
        },
        "24": {
            "volt_mag": 0.0,
            "gic_blocker": 0.0
        },
        "8": {
            "volt_mag": 1266.8236563961539,
            "gic_blocker": 1.0000000000001574
        },
        "17": {
            "volt_mag": 722.7343714362099,
            "gic_blocker": 0.0
        },
        "1": {
            "volt_mag": 0.0,
            "gic_blocker": 0.0
        },
        "19": {
            "volt_mag": 0.0,
            "gic_blocker": 0.0
        },
        "22": {
            "volt_mag": -1.1529999610041426e-5,
            "gic_blocker": 0.0
        },
        "23": {
            "volt_mag": -413.19344363736235,
            "gic_blocker": 0.0
        },
        "6": {
            "volt_mag": 450.8286430985183,
            "gic_blocker": 0.9999999999953881
        },
        "11": {
            "volt_mag": -618.1708120160304,
            "gic_blocker": 0.0
        },
        "9": {
            "volt_mag": 0.0,
            "gic_blocker": 0.0
        },
        "14": {
            "volt_mag": 450.828643099038,
            "gic_blocker": 0.0
        },
        "3": {
            "volt_mag": -1.1158064147748207e-5,
            "gic_blocker": 0.0
        },
        "7": {
            "volt_mag": 0.0,
            "gic_blocker": 0.0
        },
        "25": {
            "volt_mag": 0.0,
            "gic_blocker": 0.0
        },
        "4": {
            "volt_mag": -618.1720596245659,
            "gic_blocker": 1.0000000095499557
        },
        "13": {
            "volt_mag": -484.431610762465,
            "gic_blocker": 0.0
        },
        "15": {
            "volt_mag": 0.0,
            "gic_blocker": 0.0
        },
        "2": {
            "volt_mag": -413.19344366413594,
            "gic_blocker": 1.0000000007775594
        },
        "10": {
            "volt_mag": -1017.3528277165441,
            "gic_blocker": 0.0
        },
        "18": {
            "volt_mag": 1266.8236563961207,
            "gic_blocker": 0.0
        },
        "21": {
            "volt_mag": 0.013176143042531873,
            "gic_blocker": 0.0
        },
        "26": {
            "volt_mag": -484.4306318089224,
            "gic_blocker": 0.0
        },
        "27": {
            "volt_mag": -484.35556209225985,
            "gic_blocker": 0.0
        }
    },
    "bus": {
        "5": {
            "qd": 3.15,
            "pd": 12.0
        },
        "16": {
            "qd": 2.0,
            "pd": 4.25
        },
        "20": {
            "qd": 0.0,
            "pd": 0.0
        },
        "12": {
            "qd": 0.0,
            "pd": 0.0
        },
        "8": {
            "qd": 0.0,
            "pd": 0.0
        },
        "17": {
            "qd": 0.0,
            "pd": 0.0
        },
        "1": {
            "qd": 0.0,
            "pd": 0.0
        },
        "19": {
            "qd": 0.0,
            "pd": 0.0
        },
        "6": {
            "qd": 1.7249999999999999,
            "pd": 2.7
        },
        "11": {
            "qd": 0.0,
            "pd": 0.0
        },
        "14": {
            "qd": 0.0,
            "pd": 0.0
        },
        "3": {
            "qd": 0.0,
            "pd": 0.0
        },
        "7": {
            "qd": 0.0,
            "pd": 0.0
        },
        "4": {
            "qd": 7.199999999999999,
            "pd": 14.25
        },
        "13": {
            "qd": 0.0,
            "pd": 0.0
        },
        "15": {
            "qd": 5.5,
            "pd": 11.399999999999999
        },
        "2": {
            "qd": 0.0,
            "pd": 0.0
        },
        "21": {
            "qd": 0.0,
            "pd": 0.0
        },
        "18": {
            "qd": 0.0,
            "pd": 0.0
        }
    }
}
