{
    "gmd_bus": {
        "5": {
            "volt_mag": -143.24226881292876,
            "gic_blocker": 0.0
        },
        "16": {
            "volt_mag": 0.0,
            "gic_blocker": 0.0
        },
        "20": {
            "volt_mag": 0.0,
            "gic_blocker": 0.0
        },
        "12": {
            "volt_mag": -475.04668481895266,
            "gic_blocker": 0.0
        },
        "24": {
            "volt_mag": 0.0,
            "gic_blocker": 0.0
        },
        "8": {
            "volt_mag": 995.0478490865148,
            "gic_blocker": 1.0
        },
        "17": {
            "volt_mag": 450.95856412814936,
            "gic_blocker": 0.0
        },
        "1": {
            "volt_mag": 0.0,
            "gic_blocker": 0.0
        },
        "19": {
            "volt_mag": 0.0,
            "gic_blocker": 0.0
        },
        "22": {
            "volt_mag": 2.363324738495933,
            "gic_blocker": 0.0
        },
        "23": {
            "volt_mag": -274.28156152902596,
            "gic_blocker": 0.0
        },
        "6": {
            "volt_mag": 143.24226863355295,
            "gic_blocker": 0.0
        },
        "11": {
            "volt_mag": -475.05091891642536,
            "gic_blocker": 0.0
        },
        "9": {
            "volt_mag": 0.0,
            "gic_blocker": 0.0
        },
        "14": {
            "volt_mag": 179.0528357919412,
            "gic_blocker": 0.0
        },
        "3": {
            "volt_mag": 2.363324726537545,
            "gic_blocker": 0.9999998482004511
        },
        "7": {
            "volt_mag": 0.0,
            "gic_blocker": 0.0
        },
        "25": {
            "volt_mag": 0.0,
            "gic_blocker": 0.0
        },
        "4": {
            "volt_mag": -475.0503896542532,
            "gic_blocker": 1.0
        },
        "13": {
            "volt_mag": -150.56081572488358,
            "gic_blocker": 0.0
        },
        "15": {
            "volt_mag": 0.0,
            "gic_blocker": 0.0
        },
        "2": {
            "volt_mag": -274.28156152902596,
            "gic_blocker": 1.0
        },
        "10": {
            "volt_mag": -876.3333800355925,
            "gic_blocker": 0.0
        },
        "18": {
            "volt_mag": 995.0478490865148,
            "gic_blocker": 0.0
        },
        "21": {
            "volt_mag": -0.988427030538898,
            "gic_blocker": 0.0
        },
        "26": {
            "volt_mag": -146.58867505184384,
            "gic_blocker": 0.0
        },
        "27": {
            "volt_mag": -756.1313694003202,
            "gic_blocker": 0.0
        }
    },
    "bus": {
        "5": {
            "qd": 3.8500000000000005,
            "pd": 12.600000000000001
        },
        "16": {
            "qd": 2.2,
            "pd": 4.75
        },
        "20": {
            "qd": 0.0,
            "pd": 0.0
        },
        "12": {
            "qd": 0.0,
            "pd": 0.0
        },
        "8": {
            "qd": 0.0,
            "pd": 0.0
        },
        "17": {
            "qd": 0.0,
            "pd": 0.0
        },
        "1": {
            "qd": 0.0,
            "pd": 0.0
        },
        "19": {
            "qd": 0.0,
            "pd": 0.0
        },
        "6": {
            "qd": 1.2000000000000002,
            "pd": 3.1500000000000004
        },
        "11": {
            "qd": 0.0,
            "pd": 0.0
        },
        "14": {
            "qd": 0.0,
            "pd": 0.0
        },
        "3": {
            "qd": 0.0,
            "pd": 0.0
        },
        "7": {
            "qd": 0.0,
            "pd": 0.0
        },
        "4": {
            "qd": 6.8999999999999995,
            "pd": 15.75
        },
        "13": {
            "qd": 0.0,
            "pd": 0.0
        },
        "15": {
            "qd": 5.75,
            "pd": 14.399999999999999
        },
        "2": {
            "qd": 0.0,
            "pd": 0.0
        },
        "21": {
            "qd": 0.0,
            "pd": 0.0
        },
        "18": {
            "qd": 0.0,
            "pd": 0.0
        }
    }
}
