{
    "gmd_bus": {
        "5": {
            "volt_mag": -108.16883407458656,
            "gic_blocker": -6.148849120789222e-9
        },
        "16": {
            "volt_mag": 0.0,
            "gic_blocker": 0.0
        },
        "20": {
            "volt_mag": 0.0,
            "gic_blocker": 0.0
        },
        "12": {
            "volt_mag": -343.5793130815195,
            "gic_blocker": 1.0
        },
        "24": {
            "volt_mag": 0.0,
            "gic_blocker": 0.0
        },
        "8": {
            "volt_mag": 1020.4308087782981,
            "gic_blocker": 1.0
        },
        "17": {
            "volt_mag": 476.34152381993255,
            "gic_blocker": 0.0
        },
        "1": {
            "volt_mag": 0.0,
            "gic_blocker": 0.0
        },
        "19": {
            "volt_mag": 0.0,
            "gic_blocker": 0.0
        },
        "22": {
            "volt_mag": 88.57357169766107,
            "gic_blocker": 0.0
        },
        "23": {
            "volt_mag": -46.35996061757821,
            "gic_blocker": 0.0
        },
        "6": {
            "volt_mag": 163.5486361202181,
            "gic_blocker": -8.155416374365679e-9
        },
        "11": {
            "volt_mag": -340.91149700436887,
            "gic_blocker": 0.0
        },
        "9": {
            "volt_mag": 0.0,
            "gic_blocker": 1.0
        },
        "14": {
            "volt_mag": 204.43579548372443,
            "gic_blocker": 0.0
        },
        "3": {
            "volt_mag": 88.5735715148336,
            "gic_blocker": 0.999999938076065
        },
        "7": {
            "volt_mag": 0.0,
            "gic_blocker": 1.0
        },
        "25": {
            "volt_mag": 0.0,
            "gic_blocker": 0.0
        },
        "4": {
            "volt_mag": -339.82901977437126,
            "gic_blocker": -5.549300356737231e-9
        },
        "13": {
            "volt_mag": -113.9483225616316,
            "gic_blocker": 0.0
        },
        "15": {
            "volt_mag": 0.0,
            "gic_blocker": 0.0
        },
        "2": {
            "volt_mag": -42.79381010478664,
            "gic_blocker": 8.233316063394663e-8
        },
        "10": {
            "volt_mag": -695.3822105688483,
            "gic_blocker": 1.0
        },
        "18": {
            "volt_mag": 1020.4308087782981,
            "gic_blocker": 0.0
        },
        "21": {
            "volt_mag": 84.68084496322656,
            "gic_blocker": 1.0
        },
        "26": {
            "volt_mag": -110.3164846012582,
            "gic_blocker": 0.0
        },
        "27": {
            "volt_mag": -730.7484097085372,
            "gic_blocker": 0.0
        }
    },
    "bus": {
        "5": {
            "qd": 3.15,
            "pd": 12.0
        },
        "16": {
            "qd": 1.8,
            "pd": 5.0
        },
        "20": {
            "qd": 0.0,
            "pd": 0.0
        },
        "12": {
            "qd": 0.0,
            "pd": 0.0
        },
        "8": {
            "qd": 0.0,
            "pd": 0.0
        },
        "17": {
            "qd": 0.0,
            "pd": 0.0
        },
        "1": {
            "qd": 0.0,
            "pd": 0.0
        },
        "19": {
            "qd": 0.0,
            "pd": 0.0
        },
        "6": {
            "qd": 1.7249999999999999,
            "pd": 3.1500000000000004
        },
        "11": {
            "qd": 0.0,
            "pd": 0.0
        },
        "14": {
            "qd": 0.0,
            "pd": 0.0
        },
        "3": {
            "qd": 0.0,
            "pd": 0.0
        },
        "7": {
            "qd": 0.0,
            "pd": 0.0
        },
        "4": {
            "qd": 6.0,
            "pd": 17.25
        },
        "13": {
            "qd": 0.0,
            "pd": 0.0
        },
        "15": {
            "qd": 6.0,
            "pd": 10.8
        },
        "2": {
            "qd": 0.0,
            "pd": 0.0
        },
        "21": {
            "qd": 0.0,
            "pd": 0.0
        },
        "18": {
            "qd": 0.0,
            "pd": 0.0
        }
    }
}
