{
    "gmd_bus": {
        "5": {
            "volt_mag": -484.43121946682624,
            "gic_blocker": 1.0000000099671555
        },
        "16": {
            "volt_mag": 0.0,
            "gic_blocker": 0.0
        },
        "20": {
            "volt_mag": 0.0,
            "gic_blocker": 0.0
        },
        "12": {
            "volt_mag": -618.1807927779493,
            "gic_blocker": 0.0
        },
        "24": {
            "volt_mag": 0.0,
            "gic_blocker": 0.0
        },
        "8": {
            "volt_mag": 1266.8236563128999,
            "gic_blocker": 0.9999999999994209
        },
        "17": {
            "volt_mag": 722.7343713603422,
            "gic_blocker": 0.0
        },
        "1": {
            "volt_mag": 0.0,
            "gic_blocker": 0.0
        },
        "19": {
            "volt_mag": 0.0,
            "gic_blocker": 0.0
        },
        "22": {
            "volt_mag": -1.157749633648375e-5,
            "gic_blocker": 0.0
        },
        "23": {
            "volt_mag": -413.19344381919717,
            "gic_blocker": 0.0
        },
        "6": {
            "volt_mag": 450.82864302706236,
            "gic_blocker": 0.9999999999945206
        },
        "11": {
            "volt_mag": -618.1708121067433,
            "gic_blocker": 0.0
        },
        "9": {
            "volt_mag": 0.0,
            "gic_blocker": 0.0
        },
        "14": {
            "volt_mag": 450.8286430276799,
            "gic_blocker": 0.0
        },
        "3": {
            "volt_mag": -1.1204028721761717e-5,
            "gic_blocker": 0.0
        },
        "7": {
            "volt_mag": 0.0,
            "gic_blocker": 0.0
        },
        "25": {
            "volt_mag": 0.0,
            "gic_blocker": 0.0
        },
        "4": {
            "volt_mag": -618.1720597153408,
            "gic_blocker": 1.0000000095991586
        },
        "13": {
            "volt_mag": -484.4316108550086,
            "gic_blocker": 0.0
        },
        "15": {
            "volt_mag": 0.0,
            "gic_blocker": 0.0
        },
        "2": {
            "volt_mag": -413.19344384869987,
            "gic_blocker": 1.000000000856816
        },
        "10": {
            "volt_mag": -1017.3528278527408,
            "gic_blocker": 0.0
        },
        "18": {
            "volt_mag": 1266.823656313022,
            "gic_blocker": 0.0
        },
        "21": {
            "volt_mag": 0.013176094447000651,
            "gic_blocker": 0.0
        },
        "26": {
            "volt_mag": -484.4306319016977,
            "gic_blocker": 0.0
        },
        "27": {
            "volt_mag": -484.3555621681276,
            "gic_blocker": 0.0
        }
    },
    "bus": {
        "5": {
            "qd": 3.3249999999999997,
            "pd": 12.0
        },
        "16": {
            "qd": 1.8,
            "pd": 5.75
        },
        "20": {
            "qd": 0.0,
            "pd": 0.0
        },
        "12": {
            "qd": 0.0,
            "pd": 0.0
        },
        "8": {
            "qd": 0.0,
            "pd": 0.0
        },
        "17": {
            "qd": 0.0,
            "pd": 0.0
        },
        "1": {
            "qd": 0.0,
            "pd": 0.0
        },
        "19": {
            "qd": 0.0,
            "pd": 0.0
        },
        "6": {
            "qd": 1.2000000000000002,
            "pd": 3.4499999999999997
        },
        "11": {
            "qd": 0.0,
            "pd": 0.0
        },
        "14": {
            "qd": 0.0,
            "pd": 0.0
        },
        "3": {
            "qd": 0.0,
            "pd": 0.0
        },
        "7": {
            "qd": 0.0,
            "pd": 0.0
        },
        "4": {
            "qd": 4.800000000000001,
            "pd": 15.75
        },
        "13": {
            "qd": 0.0,
            "pd": 0.0
        },
        "15": {
            "qd": 4.75,
            "pd": 9.600000000000001
        },
        "2": {
            "qd": 0.0,
            "pd": 0.0
        },
        "21": {
            "qd": 0.0,
            "pd": 0.0
        },
        "18": {
            "qd": 0.0,
            "pd": 0.0
        }
    }
}
