{
    "gmd_bus": {
        "5": {
            "volt_mag": -385.9938807371622,
            "gic_blocker": 1.0000000099223354
        },
        "16": {
            "volt_mag": 0.0,
            "gic_blocker": 0.0
        },
        "20": {
            "volt_mag": 0.0,
            "gic_blocker": 0.0
        },
        "12": {
            "volt_mag": -519.7434560541561,
            "gic_blocker": 0.0
        },
        "24": {
            "volt_mag": 0.0,
            "gic_blocker": 0.0
        },
        "8": {
            "volt_mag": 1365.2609942666322,
            "gic_blocker": 1.000000000219726
        },
        "17": {
            "volt_mag": 821.1717069333981,
            "gic_blocker": 0.0
        },
        "1": {
            "volt_mag": 0.0,
            "gic_blocker": 0.0
        },
        "19": {
            "volt_mag": 0.0,
            "gic_blocker": 0.0
        },
        "22": {
            "volt_mag": 98.43731632507102,
            "gic_blocker": 0.0
        },
        "23": {
            "volt_mag": -314.75608755585904,
            "gic_blocker": 0.0
        },
        "6": {
            "volt_mag": 549.2659772209506,
            "gic_blocker": 1.000000000536576
        },
        "11": {
            "volt_mag": -519.7334753073097,
            "gic_blocker": 0.0
        },
        "9": {
            "volt_mag": 0.0,
            "gic_blocker": 0.0
        },
        "14": {
            "volt_mag": 549.26597714727,
            "gic_blocker": 0.0
        },
        "3": {
            "volt_mag": 98.43731635514455,
            "gic_blocker": 1.0000000091652812
        },
        "7": {
            "volt_mag": 0.0,
            "gic_blocker": 0.0
        },
        "25": {
            "volt_mag": 0.0,
            "gic_blocker": 0.0
        },
        "4": {
            "volt_mag": -519.734722919416,
            "gic_blocker": 1.0000000086714336
        },
        "13": {
            "volt_mag": -385.9942721889685,
            "gic_blocker": 0.0
        },
        "15": {
            "volt_mag": 0.0,
            "gic_blocker": 0.0
        },
        "2": {
            "volt_mag": -314.7560870167197,
            "gic_blocker": 0.9999999794454426
        },
        "10": {
            "volt_mag": -918.9154813378219,
            "gic_blocker": 0.0
        },
        "18": {
            "volt_mag": 1365.2609942166353,
            "gic_blocker": 0.0
        },
        "21": {
            "volt_mag": 98.45050424952115,
            "gic_blocker": 0.0
        },
        "26": {
            "volt_mag": -385.993293176442,
            "gic_blocker": 0.0
        },
        "27": {
            "volt_mag": -385.9182265950715,
            "gic_blocker": 0.0
        }
    },
    "bus": {
        "5": {
            "qd": 3.3249999999999997,
            "pd": 11.399999999999999
        },
        "16": {
            "qd": 1.9,
            "pd": 4.0
        },
        "20": {
            "qd": 0.0,
            "pd": 0.0
        },
        "12": {
            "qd": 0.0,
            "pd": 0.0
        },
        "8": {
            "qd": 0.0,
            "pd": 0.0
        },
        "17": {
            "qd": 0.0,
            "pd": 0.0
        },
        "1": {
            "qd": 0.0,
            "pd": 0.0
        },
        "19": {
            "qd": 0.0,
            "pd": 0.0
        },
        "6": {
            "qd": 1.275,
            "pd": 3.5999999999999996
        },
        "11": {
            "qd": 0.0,
            "pd": 0.0
        },
        "14": {
            "qd": 0.0,
            "pd": 0.0
        },
        "3": {
            "qd": 0.0,
            "pd": 0.0
        },
        "7": {
            "qd": 0.0,
            "pd": 0.0
        },
        "4": {
            "qd": 5.1,
            "pd": 15.75
        },
        "13": {
            "qd": 0.0,
            "pd": 0.0
        },
        "15": {
            "qd": 5.5,
            "pd": 11.399999999999999
        },
        "2": {
            "qd": 0.0,
            "pd": 0.0
        },
        "21": {
            "qd": 0.0,
            "pd": 0.0
        },
        "18": {
            "qd": 0.0,
            "pd": 0.0
        }
    }
}
