{
    "gmd_bus": {
        "5": {
            "volt_mag": -108.16883581455426,
            "gic_blocker": -6.5172359403642025e-9
        },
        "16": {
            "volt_mag": 0.0,
            "gic_blocker": 0.0
        },
        "20": {
            "volt_mag": 0.0,
            "gic_blocker": 0.0
        },
        "12": {
            "volt_mag": -343.579317772686,
            "gic_blocker": 0.0
        },
        "24": {
            "volt_mag": 0.0,
            "gic_blocker": 0.0
        },
        "8": {
            "volt_mag": 1020.4308057982289,
            "gic_blocker": 1.0
        },
        "17": {
            "volt_mag": 476.3415208398632,
            "gic_blocker": 1.0
        },
        "1": {
            "volt_mag": 0.0,
            "gic_blocker": 1.0
        },
        "19": {
            "volt_mag": 0.0,
            "gic_blocker": 0.0
        },
        "22": {
            "volt_mag": 88.57355676813768,
            "gic_blocker": 1.0
        },
        "23": {
            "volt_mag": -46.35996130960663,
            "gic_blocker": 1.0
        },
        "6": {
            "volt_mag": 163.54863373073414,
            "gic_blocker": -8.321377576624733e-9
        },
        "11": {
            "volt_mag": -340.91150164897346,
            "gic_blocker": 0.0
        },
        "9": {
            "volt_mag": 0.0,
            "gic_blocker": 1.0
        },
        "14": {
            "volt_mag": 204.43579250365516,
            "gic_blocker": 0.0
        },
        "3": {
            "volt_mag": 88.57355620166821,
            "gic_blocker": 0.9999998081359149
        },
        "7": {
            "volt_mag": 0.0,
            "gic_blocker": 0.0
        },
        "25": {
            "volt_mag": 0.0,
            "gic_blocker": 0.0
        },
        "4": {
            "volt_mag": -339.82902440483053,
            "gic_blocker": -6.023878378821852e-9
        },
        "13": {
            "volt_mag": -113.94832435881085,
            "gic_blocker": 1.3080077983967308e-7
        },
        "15": {
            "volt_mag": 0.0,
            "gic_blocker": 1.0
        },
        "2": {
            "volt_mag": -42.79381060793176,
            "gic_blocker": 4.112499666971387e-8
        },
        "10": {
            "volt_mag": -695.3822132405088,
            "gic_blocker": 0.0
        },
        "18": {
            "volt_mag": 1020.4308057982289,
            "gic_blocker": 0.0
        },
        "21": {
            "volt_mag": 84.6808304205288,
            "gic_blocker": 1.0
        },
        "26": {
            "volt_mag": -110.31648643339015,
            "gic_blocker": 0.0
        },
        "27": {
            "volt_mag": -730.7484126886067,
            "gic_blocker": 1.0
        }
    },
    "bus": {
        "5": {
            "qd": 3.6750000000000003,
            "pd": 11.399999999999999
        },
        "16": {
            "qd": 2.1,
            "pd": 4.0
        },
        "20": {
            "qd": 0.0,
            "pd": 0.0
        },
        "12": {
            "qd": 0.0,
            "pd": 0.0
        },
        "8": {
            "qd": 0.0,
            "pd": 0.0
        },
        "17": {
            "qd": 0.0,
            "pd": 0.0
        },
        "1": {
            "qd": 0.0,
            "pd": 0.0
        },
        "19": {
            "qd": 0.0,
            "pd": 0.0
        },
        "6": {
            "qd": 1.275,
            "pd": 3.0
        },
        "11": {
            "qd": 0.0,
            "pd": 0.0
        },
        "14": {
            "qd": 0.0,
            "pd": 0.0
        },
        "3": {
            "qd": 0.0,
            "pd": 0.0
        },
        "7": {
            "qd": 0.0,
            "pd": 0.0
        },
        "4": {
            "qd": 5.4,
            "pd": 17.25
        },
        "13": {
            "qd": 0.0,
            "pd": 0.0
        },
        "15": {
            "qd": 6.0,
            "pd": 12.600000000000001
        },
        "2": {
            "qd": 0.0,
            "pd": 0.0
        },
        "21": {
            "qd": 0.0,
            "pd": 0.0
        },
        "18": {
            "qd": 0.0,
            "pd": 0.0
        }
    }
}
