{
    "gmd_bus": {
        "5": {
            "volt_mag": -118.3460542599332,
            "gic_blocker": 0.0
        },
        "16": {
            "volt_mag": 0.0,
            "gic_blocker": 0.0
        },
        "20": {
            "volt_mag": 0.0,
            "gic_blocker": 0.0
        },
        "12": {
            "volt_mag": -364.7558199121352,
            "gic_blocker": 0.0
        },
        "24": {
            "volt_mag": 0.0,
            "gic_blocker": 0.0
        },
        "8": {
            "volt_mag": 69.28353545811073,
            "gic_blocker": 0.0
        },
        "17": {
            "volt_mag": 73.68890609431595,
            "gic_blocker": 0.0
        },
        "1": {
            "volt_mag": 0.0,
            "gic_blocker": 0.0
        },
        "19": {
            "volt_mag": 0.0,
            "gic_blocker": 0.0
        },
        "22": {
            "volt_mag": 51.966780967619584,
            "gic_blocker": 0.0
        },
        "23": {
            "volt_mag": -52.40218691726379,
            "gic_blocker": 0.0
        },
        "6": {
            "volt_mag": 109.32287912642492,
            "gic_blocker": 0.0
        },
        "11": {
            "volt_mag": -361.8925613468662,
            "gic_blocker": 0.0
        },
        "9": {
            "volt_mag": 0.0,
            "gic_blocker": 0.0
        },
        "14": {
            "volt_mag": 136.65359890803117,
            "gic_blocker": 0.0
        },
        "3": {
            "volt_mag": 51.96678095733939,
            "gic_blocker": 0.9999999940653291
        },
        "7": {
            "volt_mag": 0.0,
            "gic_blocker": 0.0
        },
        "25": {
            "volt_mag": 0.0,
            "gic_blocker": 0.0
        },
        "4": {
            "volt_mag": -360.74735469706155,
            "gic_blocker": -7.192014386571014e-9
        },
        "13": {
            "volt_mag": -124.6867008597563,
            "gic_blocker": 0.0
        },
        "15": {
            "volt_mag": 0.0,
            "gic_blocker": 0.0
        },
        "2": {
            "volt_mag": -48.37124949929831,
            "gic_blocker": 0.0
        },
        "10": {
            "volt_mag": -708.9064945008053,
            "gic_blocker": 0.0
        },
        "18": {
            "volt_mag": 80.8307912523233,
            "gic_blocker": 0.0
        },
        "21": {
            "volt_mag": 47.68290777045328,
            "gic_blocker": 0.0
        },
        "26": {
            "volt_mag": -120.66968954841762,
            "gic_blocker": 0.0
        },
        "27": {
            "volt_mag": -1133.4010274341538,
            "gic_blocker": 0.0
        }
    },
    "bus": {
        "5": {
            "qd": 3.8500000000000005,
            "pd": 10.2
        },
        "16": {
            "qd": 1.9,
            "pd": 5.25
        },
        "20": {
            "qd": 0.0,
            "pd": 0.0
        },
        "12": {
            "qd": 0.0,
            "pd": 0.0
        },
        "8": {
            "qd": 0.0,
            "pd": 0.0
        },
        "17": {
            "qd": 0.0,
            "pd": 0.0
        },
        "1": {
            "qd": 0.0,
            "pd": 0.0
        },
        "19": {
            "qd": 0.0,
            "pd": 0.0
        },
        "6": {
            "qd": 1.35,
            "pd": 3.5999999999999996
        },
        "11": {
            "qd": 0.0,
            "pd": 0.0
        },
        "14": {
            "qd": 0.0,
            "pd": 0.0
        },
        "3": {
            "qd": 0.0,
            "pd": 0.0
        },
        "7": {
            "qd": 0.0,
            "pd": 0.0
        },
        "4": {
            "qd": 6.0,
            "pd": 17.25
        },
        "13": {
            "qd": 0.0,
            "pd": 0.0
        },
        "15": {
            "qd": 4.25,
            "pd": 13.799999999999999
        },
        "2": {
            "qd": 0.0,
            "pd": 0.0
        },
        "21": {
            "qd": 0.0,
            "pd": 0.0
        },
        "18": {
            "qd": 0.0,
            "pd": 0.0
        }
    }
}
