{
    "gmd_bus": {
        "5": {
            "volt_mag": -108.1688330083136,
            "gic_blocker": -7.192214951867172e-9
        },
        "16": {
            "volt_mag": 0.0,
            "gic_blocker": 0.0
        },
        "20": {
            "volt_mag": 0.0,
            "gic_blocker": 0.0
        },
        "12": {
            "volt_mag": -343.579310455207,
            "gic_blocker": 0.0
        },
        "24": {
            "volt_mag": 0.0,
            "gic_blocker": 0.0
        },
        "8": {
            "volt_mag": 1020.4308102515683,
            "gic_blocker": 1.0
        },
        "17": {
            "volt_mag": 476.3415252932029,
            "gic_blocker": 0.0
        },
        "1": {
            "volt_mag": 0.0,
            "gic_blocker": 0.0
        },
        "19": {
            "volt_mag": 0.0,
            "gic_blocker": 0.0
        },
        "22": {
            "volt_mag": 88.57357924277237,
            "gic_blocker": 0.0
        },
        "23": {
            "volt_mag": -46.35995839202871,
            "gic_blocker": 0.0
        },
        "6": {
            "volt_mag": 163.54863728301976,
            "gic_blocker": -8.638901769652157e-9
        },
        "11": {
            "volt_mag": -340.9114943957486,
            "gic_blocker": 0.0
        },
        "9": {
            "volt_mag": 0.0,
            "gic_blocker": 0.0
        },
        "14": {
            "volt_mag": 204.43579695699484,
            "gic_blocker": 0.0
        },
        "3": {
            "volt_mag": 88.57357924277237,
            "gic_blocker": 1.0
        },
        "7": {
            "volt_mag": 0.0,
            "gic_blocker": 0.0
        },
        "25": {
            "volt_mag": 0.0,
            "gic_blocker": 0.0
        },
        "4": {
            "volt_mag": -339.82901717339786,
            "gic_blocker": -6.240681859099419e-9
        },
        "13": {
            "volt_mag": -113.94832146674798,
            "gic_blocker": 0.0
        },
        "15": {
            "volt_mag": 0.0,
            "gic_blocker": 0.0
        },
        "2": {
            "volt_mag": -42.7938079309907,
            "gic_blocker": 4.6048640883445877e-8
        },
        "10": {
            "volt_mag": -695.3822081514394,
            "gic_blocker": 0.0
        },
        "18": {
            "volt_mag": 1020.4308102515683,
            "gic_blocker": 0.0
        },
        "21": {
            "volt_mag": 84.68085231594047,
            "gic_blocker": 0.0
        },
        "26": {
            "volt_mag": -110.31648348255987,
            "gic_blocker": 0.0
        },
        "27": {
            "volt_mag": -730.7484082352669,
            "gic_blocker": 0.0
        }
    },
    "bus": {
        "5": {
            "qd": 4.2,
            "pd": 14.399999999999999
        },
        "16": {
            "qd": 2.2,
            "pd": 5.75
        },
        "20": {
            "qd": 0.0,
            "pd": 0.0
        },
        "12": {
            "qd": 0.0,
            "pd": 0.0
        },
        "8": {
            "qd": 0.0,
            "pd": 0.0
        },
        "17": {
            "qd": 0.0,
            "pd": 0.0
        },
        "1": {
            "qd": 0.0,
            "pd": 0.0
        },
        "19": {
            "qd": 0.0,
            "pd": 0.0
        },
        "6": {
            "qd": 1.5,
            "pd": 3.5999999999999996
        },
        "11": {
            "qd": 0.0,
            "pd": 0.0
        },
        "14": {
            "qd": 0.0,
            "pd": 0.0
        },
        "3": {
            "qd": 0.0,
            "pd": 0.0
        },
        "7": {
            "qd": 0.0,
            "pd": 0.0
        },
        "4": {
            "qd": 6.0,
            "pd": 17.25
        },
        "13": {
            "qd": 0.0,
            "pd": 0.0
        },
        "15": {
            "qd": 4.25,
            "pd": 11.399999999999999
        },
        "2": {
            "qd": 0.0,
            "pd": 0.0
        },
        "21": {
            "qd": 0.0,
            "pd": 0.0
        },
        "18": {
            "qd": 0.0,
            "pd": 0.0
        }
    }
}
