{
    "gmd_bus": {
        "5": {
            "volt_mag": -108.16883448452928,
            "gic_blocker": -7.031838510830628e-9
        },
        "16": {
            "volt_mag": 0.0,
            "gic_blocker": 0.0
        },
        "20": {
            "volt_mag": 0.0,
            "gic_blocker": 0.0
        },
        "12": {
            "volt_mag": -343.5793143373218,
            "gic_blocker": 0.0
        },
        "24": {
            "volt_mag": 0.0,
            "gic_blocker": 1.0
        },
        "8": {
            "volt_mag": 1020.4308079077222,
            "gic_blocker": 1.0
        },
        "17": {
            "volt_mag": 476.34152294935666,
            "gic_blocker": 0.0
        },
        "1": {
            "volt_mag": 0.0,
            "gic_blocker": 0.0
        },
        "19": {
            "volt_mag": 0.0,
            "gic_blocker": 0.0
        },
        "22": {
            "volt_mag": 88.57356746654749,
            "gic_blocker": 0.0
        },
        "23": {
            "volt_mag": -46.359960305391596,
            "gic_blocker": 0.0
        },
        "6": {
            "volt_mag": 163.5486354113248,
            "gic_blocker": -8.535504933391808e-9
        },
        "11": {
            "volt_mag": -340.911498245731,
            "gic_blocker": 0.0
        },
        "9": {
            "volt_mag": 0.0,
            "gic_blocker": 0.0
        },
        "14": {
            "volt_mag": 204.43579461314854,
            "gic_blocker": 0.0
        },
        "3": {
            "volt_mag": 88.5735671720205,
            "gic_blocker": 0.9999999002432698
        },
        "7": {
            "volt_mag": 0.0,
            "gic_blocker": 0.0
        },
        "25": {
            "volt_mag": 0.0,
            "gic_blocker": 0.0
        },
        "4": {
            "volt_mag": -339.82902101201216,
            "gic_blocker": -5.810217274044486e-9
        },
        "13": {
            "volt_mag": -113.94832298866288,
            "gic_blocker": 0.0
        },
        "15": {
            "volt_mag": 0.0,
            "gic_blocker": 0.0
        },
        "2": {
            "volt_mag": -42.7938097274872,
            "gic_blocker": 5.5257909111151354e-8
        },
        "10": {
            "volt_mag": -695.3822110347504,
            "gic_blocker": 0.0
        },
        "18": {
            "volt_mag": 1020.4308079077222,
            "gic_blocker": 0.0
        },
        "21": {
            "volt_mag": 84.68084084230746,
            "gic_blocker": 0.0
        },
        "26": {
            "volt_mag": -110.31648503611358,
            "gic_blocker": 0.0
        },
        "27": {
            "volt_mag": -730.7484105791129,
            "gic_blocker": 0.0
        }
    },
    "bus": {
        "5": {
            "qd": 3.6750000000000003,
            "pd": 11.399999999999999
        },
        "16": {
            "qd": 2.4,
            "pd": 4.75
        },
        "20": {
            "qd": 0.0,
            "pd": 0.0
        },
        "12": {
            "qd": 0.0,
            "pd": 0.0
        },
        "8": {
            "qd": 0.0,
            "pd": 0.0
        },
        "17": {
            "qd": 0.0,
            "pd": 0.0
        },
        "1": {
            "qd": 0.0,
            "pd": 0.0
        },
        "19": {
            "qd": 0.0,
            "pd": 0.0
        },
        "6": {
            "qd": 1.2000000000000002,
            "pd": 2.55
        },
        "11": {
            "qd": 0.0,
            "pd": 0.0
        },
        "14": {
            "qd": 0.0,
            "pd": 0.0
        },
        "3": {
            "qd": 0.0,
            "pd": 0.0
        },
        "7": {
            "qd": 0.0,
            "pd": 0.0
        },
        "4": {
            "qd": 6.6000000000000005,
            "pd": 18.0
        },
        "13": {
            "qd": 0.0,
            "pd": 0.0
        },
        "15": {
            "qd": 4.25,
            "pd": 13.799999999999999
        },
        "2": {
            "qd": 0.0,
            "pd": 0.0
        },
        "21": {
            "qd": 0.0,
            "pd": 0.0
        },
        "18": {
            "qd": 0.0,
            "pd": 0.0
        }
    }
}
