{
    "gmd_bus": {
        "5": {
            "volt_mag": -114.2784917470274,
            "gic_blocker": -7.530015307364578e-9
        },
        "16": {
            "volt_mag": 0.0,
            "gic_blocker": 0.0
        },
        "20": {
            "volt_mag": 0.0,
            "gic_blocker": 0.0
        },
        "12": {
            "volt_mag": -359.73999536784237,
            "gic_blocker": 0.0
        },
        "24": {
            "volt_mag": 0.0,
            "gic_blocker": 0.0
        },
        "8": {
            "volt_mag": 1010.5049688233217,
            "gic_blocker": 1.0
        },
        "17": {
            "volt_mag": 466.4156838649562,
            "gic_blocker": 0.0
        },
        "1": {
            "volt_mag": 0.0,
            "gic_blocker": 0.0
        },
        "19": {
            "volt_mag": 0.0,
            "gic_blocker": 0.0
        },
        "22": {
            "volt_mag": 38.82453582287075,
            "gic_blocker": 0.0
        },
        "23": {
            "volt_mag": -53.16051830376482,
            "gic_blocker": 0.0
        },
        "6": {
            "volt_mag": 155.6079641548019,
            "gic_blocker": -8.617701535590505e-9
        },
        "11": {
            "volt_mag": -356.9303560580645,
            "gic_blocker": 0.0
        },
        "9": {
            "volt_mag": 0.0,
            "gic_blocker": 0.0
        },
        "14": {
            "volt_mag": 194.5099555287481,
            "gic_blocker": 0.0
        },
        "3": {
            "volt_mag": 37.57213207962773,
            "gic_blocker": 5.015162299182525e-7
        },
        "7": {
            "volt_mag": 0.0,
            "gic_blocker": 0.0
        },
        "25": {
            "volt_mag": 0.0,
            "gic_blocker": 0.0
        },
        "4": {
            "volt_mag": -355.7990648765559,
            "gic_blocker": -6.489107982317355e-9
        },
        "13": {
            "volt_mag": -120.25015354968735,
            "gic_blocker": 0.0
        },
        "15": {
            "volt_mag": 0.0,
            "gic_blocker": 0.0
        },
        "2": {
            "volt_mag": -49.071247879991176,
            "gic_blocker": 4.695203658745604e-8
        },
        "10": {
            "volt_mag": -706.7997178401156,
            "gic_blocker": 0.0
        },
        "18": {
            "volt_mag": 1010.5049688233217,
            "gic_blocker": 0.0
        },
        "21": {
            "volt_mag": 36.213150652471995,
            "gic_blocker": 0.0
        },
        "26": {
            "volt_mag": -116.74884807985475,
            "gic_blocker": 0.0
        },
        "27": {
            "volt_mag": -740.6742496635135,
            "gic_blocker": 0.0
        }
    },
    "bus": {
        "5": {
            "qd": 3.3249999999999997,
            "pd": 12.0
        },
        "16": {
            "qd": 1.9,
            "pd": 6.0
        },
        "20": {
            "qd": 0.0,
            "pd": 0.0
        },
        "12": {
            "qd": 0.0,
            "pd": 0.0
        },
        "8": {
            "qd": 0.0,
            "pd": 0.0
        },
        "17": {
            "qd": 0.0,
            "pd": 0.0
        },
        "1": {
            "qd": 0.0,
            "pd": 0.0
        },
        "19": {
            "qd": 0.0,
            "pd": 0.0
        },
        "6": {
            "qd": 1.4249999999999998,
            "pd": 3.1500000000000004
        },
        "11": {
            "qd": 0.0,
            "pd": 0.0
        },
        "14": {
            "qd": 0.0,
            "pd": 0.0
        },
        "3": {
            "qd": 0.0,
            "pd": 0.0
        },
        "7": {
            "qd": 0.0,
            "pd": 0.0
        },
        "4": {
            "qd": 5.1,
            "pd": 17.25
        },
        "13": {
            "qd": 0.0,
            "pd": 0.0
        },
        "15": {
            "qd": 6.0,
            "pd": 10.2
        },
        "2": {
            "qd": 0.0,
            "pd": 0.0
        },
        "21": {
            "qd": 0.0,
            "pd": 0.0
        },
        "18": {
            "qd": 0.0,
            "pd": 0.0
        }
    }
}
