{
    "gmd_bus": {
        "5": {
            "volt_mag": -118.34605430044495,
            "gic_blocker": 0.0
        },
        "16": {
            "volt_mag": 0.0,
            "gic_blocker": 0.0
        },
        "20": {
            "volt_mag": 0.0,
            "gic_blocker": 0.0
        },
        "12": {
            "volt_mag": -364.7558200208548,
            "gic_blocker": 0.0
        },
        "24": {
            "volt_mag": 0.0,
            "gic_blocker": 0.0
        },
        "8": {
            "volt_mag": 69.2835354536017,
            "gic_blocker": 0.0
        },
        "17": {
            "volt_mag": 73.68890605411052,
            "gic_blocker": 0.0
        },
        "1": {
            "volt_mag": 0.0,
            "gic_blocker": 0.0
        },
        "19": {
            "volt_mag": 0.0,
            "gic_blocker": 0.0
        },
        "22": {
            "volt_mag": 51.96678063798159,
            "gic_blocker": 0.0
        },
        "23": {
            "volt_mag": -52.40218696244557,
            "gic_blocker": 0.0
        },
        "6": {
            "volt_mag": 109.3228790768257,
            "gic_blocker": 0.0
        },
        "11": {
            "volt_mag": -361.89256145471575,
            "gic_blocker": 0.0
        },
        "9": {
            "volt_mag": 0.0,
            "gic_blocker": 0.0
        },
        "14": {
            "volt_mag": 136.65359884603214,
            "gic_blocker": 0.0
        },
        "3": {
            "volt_mag": 51.96678061936987,
            "gic_blocker": 0.9999999892555997
        },
        "7": {
            "volt_mag": 0.0,
            "gic_blocker": 0.0
        },
        "25": {
            "volt_mag": 0.0,
            "gic_blocker": 0.0
        },
        "4": {
            "volt_mag": -360.747354804624,
            "gic_blocker": -7.157189936776179e-9
        },
        "13": {
            "volt_mag": -124.68670090154322,
            "gic_blocker": 0.0
        },
        "15": {
            "volt_mag": 0.0,
            "gic_blocker": 0.0
        },
        "2": {
            "volt_mag": -48.371249541004566,
            "gic_blocker": 0.0
        },
        "10": {
            "volt_mag": -708.9064945773738,
            "gic_blocker": 0.0
        },
        "18": {
            "volt_mag": 80.83079124706276,
            "gic_blocker": 0.0
        },
        "21": {
            "volt_mag": 47.68290744935612,
            "gic_blocker": 0.0
        },
        "26": {
            "volt_mag": -120.6696895910678,
            "gic_blocker": 0.0
        },
        "27": {
            "volt_mag": -1133.4010274743591,
            "gic_blocker": 0.0
        }
    },
    "bus": {
        "5": {
            "qd": 2.8000000000000003,
            "pd": 9.600000000000001
        },
        "16": {
            "qd": 2.1,
            "pd": 6.0
        },
        "20": {
            "qd": 0.0,
            "pd": 0.0
        },
        "12": {
            "qd": 0.0,
            "pd": 0.0
        },
        "8": {
            "qd": 0.0,
            "pd": 0.0
        },
        "17": {
            "qd": 0.0,
            "pd": 0.0
        },
        "1": {
            "qd": 0.0,
            "pd": 0.0
        },
        "19": {
            "qd": 0.0,
            "pd": 0.0
        },
        "6": {
            "qd": 1.275,
            "pd": 3.5999999999999996
        },
        "11": {
            "qd": 0.0,
            "pd": 0.0
        },
        "14": {
            "qd": 0.0,
            "pd": 0.0
        },
        "3": {
            "qd": 0.0,
            "pd": 0.0
        },
        "7": {
            "qd": 0.0,
            "pd": 0.0
        },
        "4": {
            "qd": 5.4,
            "pd": 18.0
        },
        "13": {
            "qd": 0.0,
            "pd": 0.0
        },
        "15": {
            "qd": 5.75,
            "pd": 14.399999999999999
        },
        "2": {
            "qd": 0.0,
            "pd": 0.0
        },
        "21": {
            "qd": 0.0,
            "pd": 0.0
        },
        "18": {
            "qd": 0.0,
            "pd": 0.0
        }
    }
}
