{
    "gmd_bus": {
        "5": {
            "volt_mag": -360.8600071441914,
            "gic_blocker": 1.0000000099179758
        },
        "16": {
            "volt_mag": 0.0,
            "gic_blocker": 0.0
        },
        "20": {
            "volt_mag": 0.0,
            "gic_blocker": 0.0
        },
        "12": {
            "volt_mag": -494.6095827789963,
            "gic_blocker": 0.0
        },
        "24": {
            "volt_mag": 0.0,
            "gic_blocker": 0.0
        },
        "8": {
            "volt_mag": 1390.3948673633408,
            "gic_blocker": 1.0000000002051528
        },
        "17": {
            "volt_mag": 846.3055801467984,
            "gic_blocker": 0.0
        },
        "1": {
            "volt_mag": 0.0,
            "gic_blocker": 0.0
        },
        "19": {
            "volt_mag": 0.0,
            "gic_blocker": 0.0
        },
        "22": {
            "volt_mag": 123.57118958820897,
            "gic_blocker": 0.0
        },
        "23": {
            "volt_mag": -289.62221670467835,
            "gic_blocker": 0.0
        },
        "6": {
            "volt_mag": 574.3998505029151,
            "gic_blocker": 1.0000000004944374
        },
        "11": {
            "volt_mag": -494.59960203858714,
            "gic_blocker": 0.0
        },
        "9": {
            "volt_mag": 0.0,
            "gic_blocker": 0.0
        },
        "14": {
            "volt_mag": 574.3998504319139,
            "gic_blocker": 0.0
        },
        "3": {
            "volt_mag": 123.57118962665966,
            "gic_blocker": 1.0000000093348738
        },
        "7": {
            "volt_mag": 0.0,
            "gic_blocker": 0.0
        },
        "25": {
            "volt_mag": 0.0,
            "gic_blocker": 0.0
        },
        "4": {
            "volt_mag": -494.60084964884913,
            "gic_blocker": 1.0000000086076088
        },
        "13": {
            "volt_mag": -360.8603986033065,
            "gic_blocker": 0.0
        },
        "15": {
            "volt_mag": 0.0,
            "gic_blocker": 0.0
        },
        "2": {
            "volt_mag": -289.6222162282242,
            "gic_blocker": 0.9999999802589384
        },
        "10": {
            "volt_mag": -893.781609275825,
            "gic_blocker": 0.0
        },
        "18": {
            "volt_mag": 1390.3948673158002,
            "gic_blocker": 0.0
        },
        "21": {
            "volt_mag": 123.58437751326136,
            "gic_blocker": 0.0
        },
        "26": {
            "volt_mag": -360.85941959760396,
            "gic_blocker": 0.0
        },
        "27": {
            "volt_mag": -360.7843533816713,
            "gic_blocker": 0.0
        }
    },
    "bus": {
        "5": {
            "qd": 3.3249999999999997,
            "pd": 12.600000000000001
        },
        "16": {
            "qd": 1.9,
            "pd": 4.0
        },
        "20": {
            "qd": 0.0,
            "pd": 0.0
        },
        "12": {
            "qd": 0.0,
            "pd": 0.0
        },
        "8": {
            "qd": 0.0,
            "pd": 0.0
        },
        "17": {
            "qd": 0.0,
            "pd": 0.0
        },
        "1": {
            "qd": 0.0,
            "pd": 0.0
        },
        "19": {
            "qd": 0.0,
            "pd": 0.0
        },
        "6": {
            "qd": 1.6500000000000001,
            "pd": 2.7
        },
        "11": {
            "qd": 0.0,
            "pd": 0.0
        },
        "14": {
            "qd": 0.0,
            "pd": 0.0
        },
        "3": {
            "qd": 0.0,
            "pd": 0.0
        },
        "7": {
            "qd": 0.0,
            "pd": 0.0
        },
        "4": {
            "qd": 6.300000000000001,
            "pd": 12.75
        },
        "13": {
            "qd": 0.0,
            "pd": 0.0
        },
        "15": {
            "qd": 4.25,
            "pd": 10.2
        },
        "2": {
            "qd": 0.0,
            "pd": 0.0
        },
        "21": {
            "qd": 0.0,
            "pd": 0.0
        },
        "18": {
            "qd": 0.0,
            "pd": 0.0
        }
    }
}
