{
    "gmd_bus": {
        "5": {
            "volt_mag": -108.16883474436156,
            "gic_blocker": -6.645123194534681e-9
        },
        "16": {
            "volt_mag": 0.0,
            "gic_blocker": 6.868398221520554e-8
        },
        "20": {
            "volt_mag": 0.0,
            "gic_blocker": 1.0
        },
        "12": {
            "volt_mag": -343.57931498682666,
            "gic_blocker": 1.0
        },
        "24": {
            "volt_mag": 0.0,
            "gic_blocker": 0.0
        },
        "8": {
            "volt_mag": 1020.430807486917,
            "gic_blocker": 1.0
        },
        "17": {
            "volt_mag": 476.3415225285514,
            "gic_blocker": 0.0
        },
        "1": {
            "volt_mag": 0.0,
            "gic_blocker": 1.0
        },
        "19": {
            "volt_mag": 0.0,
            "gic_blocker": 0.0
        },
        "22": {
            "volt_mag": 88.57356523370942,
            "gic_blocker": 0.0
        },
        "23": {
            "volt_mag": -46.35995963842609,
            "gic_blocker": 0.0
        },
        "6": {
            "volt_mag": 163.54863508021384,
            "gic_blocker": -8.366343145270237e-9
        },
        "11": {
            "volt_mag": -340.91149888641644,
            "gic_blocker": 1.0
        },
        "9": {
            "volt_mag": 0.0,
            "gic_blocker": 1.0
        },
        "14": {
            "volt_mag": 204.4357941923433,
            "gic_blocker": 6.868398221520554e-8
        },
        "3": {
            "volt_mag": 88.57356487764665,
            "gic_blocker": 0.9999998794009979
        },
        "7": {
            "volt_mag": 0.0,
            "gic_blocker": 0.0
        },
        "25": {
            "volt_mag": 0.0,
            "gic_blocker": 1.0
        },
        "4": {
            "volt_mag": -339.8290216511534,
            "gic_blocker": -5.7985184631506835e-9
        },
        "13": {
            "volt_mag": -113.94832325603113,
            "gic_blocker": 1.0
        },
        "15": {
            "volt_mag": 0.0,
            "gic_blocker": 1.0
        },
        "2": {
            "volt_mag": -42.793809013398096,
            "gic_blocker": 2.5357034442042233e-8
        },
        "10": {
            "volt_mag": -695.3822110227167,
            "gic_blocker": 0.0
        },
        "18": {
            "volt_mag": 1020.430807486917,
            "gic_blocker": 0.0
        },
        "21": {
            "volt_mag": 84.68083866857953,
            "gic_blocker": 0.0
        },
        "26": {
            "volt_mag": -110.31648530644208,
            "gic_blocker": 0.0
        },
        "27": {
            "volt_mag": -730.7484109999183,
            "gic_blocker": 0.0
        }
    },
    "bus": {
        "5": {
            "qd": 3.6750000000000003,
            "pd": 11.399999999999999
        },
        "16": {
            "qd": 2.1,
            "pd": 4.25
        },
        "20": {
            "qd": 0.0,
            "pd": 0.0
        },
        "12": {
            "qd": 0.0,
            "pd": 0.0
        },
        "8": {
            "qd": 0.0,
            "pd": 0.0
        },
        "17": {
            "qd": 0.0,
            "pd": 0.0
        },
        "1": {
            "qd": 0.0,
            "pd": 0.0
        },
        "19": {
            "qd": 0.0,
            "pd": 0.0
        },
        "6": {
            "qd": 1.5,
            "pd": 2.7
        },
        "11": {
            "qd": 0.0,
            "pd": 0.0
        },
        "14": {
            "qd": 0.0,
            "pd": 0.0
        },
        "3": {
            "qd": 0.0,
            "pd": 0.0
        },
        "7": {
            "qd": 0.0,
            "pd": 0.0
        },
        "4": {
            "qd": 6.8999999999999995,
            "pd": 15.75
        },
        "13": {
            "qd": 0.0,
            "pd": 0.0
        },
        "15": {
            "qd": 4.25,
            "pd": 14.399999999999999
        },
        "2": {
            "qd": 0.0,
            "pd": 0.0
        },
        "21": {
            "qd": 0.0,
            "pd": 0.0
        },
        "18": {
            "qd": 0.0,
            "pd": 0.0
        }
    }
}
