{
    "gmd_bus": {
        "5": {
            "volt_mag": -625.7114828975277,
            "gic_blocker": 1.0
        },
        "16": {
            "volt_mag": 0.0,
            "gic_blocker": 0.0
        },
        "20": {
            "volt_mag": 0.0,
            "gic_blocker": 0.0
        },
        "12": {
            "volt_mag": -744.7899035254833,
            "gic_blocker": 0.0
        },
        "24": {
            "volt_mag": 0.0,
            "gic_blocker": 0.0
        },
        "8": {
            "volt_mag": 63.12788580691545,
            "gic_blocker": 0.0
        },
        "17": {
            "volt_mag": 18.801030048084158,
            "gic_blocker": 0.0
        },
        "1": {
            "volt_mag": 0.0,
            "gic_blocker": 0.0
        },
        "19": {
            "volt_mag": 0.0,
            "gic_blocker": 0.0
        },
        "22": {
            "volt_mag": -92.70163279383864,
            "gic_blocker": 0.0
        },
        "23": {
            "volt_mag": -129.74647820629082,
            "gic_blocker": 0.0
        },
        "6": {
            "volt_mag": 41.610732987899524,
            "gic_blocker": 0.0
        },
        "11": {
            "volt_mag": -743.3994023164643,
            "gic_blocker": 0.0
        },
        "9": {
            "volt_mag": 0.0,
            "gic_blocker": 0.0
        },
        "14": {
            "volt_mag": 52.0134162348744,
            "gic_blocker": 0.0
        },
        "3": {
            "volt_mag": -89.71125761477228,
            "gic_blocker": 0.0
        },
        "7": {
            "volt_mag": 0.0,
            "gic_blocker": 0.0
        },
        "25": {
            "volt_mag": 0.0,
            "gic_blocker": 0.0
        },
        "4": {
            "volt_mag": -743.5732149636808,
            "gic_blocker": 1.0
        },
        "13": {
            "volt_mag": -627.1591167113498,
            "gic_blocker": 0.0
        },
        "15": {
            "volt_mag": 0.0,
            "gic_blocker": 0.0
        },
        "2": {
            "volt_mag": -119.76597997485766,
            "gic_blocker": 0.0
        },
        "10": {
            "volt_mag": -938.5893893523516,
            "gic_blocker": 0.0
        },
        "18": {
            "volt_mag": 73.64920000285488,
            "gic_blocker": 0.0
        },
        "21": {
            "volt_mag": -99.24853612256602,
            "gic_blocker": 0.0
        },
        "26": {
            "volt_mag": -623.5400321225084,
            "gic_blocker": 0.0
        },
        "27": {
            "volt_mag": -1188.2889034803857,
            "gic_blocker": 0.0
        }
    },
    "bus": {
        "5": {
            "qd": 2.8000000000000003,
            "pd": 9.600000000000001
        },
        "16": {
            "qd": 1.7,
            "pd": 4.75
        },
        "20": {
            "qd": 0.0,
            "pd": 0.0
        },
        "12": {
            "qd": 0.0,
            "pd": 0.0
        },
        "8": {
            "qd": 0.0,
            "pd": 0.0
        },
        "17": {
            "qd": 0.0,
            "pd": 0.0
        },
        "1": {
            "qd": 0.0,
            "pd": 0.0
        },
        "19": {
            "qd": 0.0,
            "pd": 0.0
        },
        "6": {
            "qd": 1.7999999999999998,
            "pd": 2.7
        },
        "11": {
            "qd": 0.0,
            "pd": 0.0
        },
        "14": {
            "qd": 0.0,
            "pd": 0.0
        },
        "3": {
            "qd": 0.0,
            "pd": 0.0
        },
        "7": {
            "qd": 0.0,
            "pd": 0.0
        },
        "4": {
            "qd": 5.1,
            "pd": 16.5
        },
        "13": {
            "qd": 0.0,
            "pd": 0.0
        },
        "15": {
            "qd": 5.5,
            "pd": 13.200000000000001
        },
        "2": {
            "qd": 0.0,
            "pd": 0.0
        },
        "21": {
            "qd": 0.0,
            "pd": 0.0
        },
        "18": {
            "qd": 0.0,
            "pd": 0.0
        }
    }
}
