{
    "gmd_bus": {
        "5": {
            "volt_mag": -484.43121943447426,
            "gic_blocker": 1.000000009964057
        },
        "16": {
            "volt_mag": 0.0,
            "gic_blocker": 0.0
        },
        "20": {
            "volt_mag": 0.0,
            "gic_blocker": 0.0
        },
        "12": {
            "volt_mag": -618.1807927469932,
            "gic_blocker": 0.0
        },
        "24": {
            "volt_mag": 0.0,
            "gic_blocker": 0.0
        },
        "8": {
            "volt_mag": 1266.8236563706055,
            "gic_blocker": 1.000000000000957
        },
        "17": {
            "volt_mag": 722.7343714026413,
            "gic_blocker": 0.0
        },
        "1": {
            "volt_mag": 0.0,
            "gic_blocker": 0.0
        },
        "19": {
            "volt_mag": 0.0,
            "gic_blocker": 0.0
        },
        "22": {
            "volt_mag": -1.1561459318624061e-5,
            "gic_blocker": 0.0
        },
        "23": {
            "volt_mag": -413.19344378709667,
            "gic_blocker": 0.0
        },
        "6": {
            "volt_mag": 450.82864306035015,
            "gic_blocker": 0.9999999999980231
        },
        "11": {
            "volt_mag": -618.1708120756687,
            "gic_blocker": 0.0
        },
        "9": {
            "volt_mag": 0.0,
            "gic_blocker": 0.0
        },
        "14": {
            "volt_mag": 450.8286430605729,
            "gic_blocker": 0.0
        },
        "3": {
            "volt_mag": -1.1188509027046276e-5,
            "gic_blocker": 0.0
        },
        "7": {
            "volt_mag": 0.0,
            "gic_blocker": 0.0
        },
        "25": {
            "volt_mag": 0.0,
            "gic_blocker": 0.0
        },
        "4": {
            "volt_mag": -618.1720596842116,
            "gic_blocker": 1.0000000095722603
        },
        "13": {
            "volt_mag": -484.4316108226763,
            "gic_blocker": 0.0
        },
        "15": {
            "volt_mag": 0.0,
            "gic_blocker": 0.0
        },
        "2": {
            "volt_mag": -413.1934438164209,
            "gic_blocker": 1.0000000008516317
        },
        "10": {
            "volt_mag": -1017.3528278211542,
            "gic_blocker": 0.0
        },
        "18": {
            "volt_mag": 1266.8236563704033,
            "gic_blocker": 0.0
        },
        "21": {
            "volt_mag": 0.013176111036667661,
            "gic_blocker": 0.0
        },
        "26": {
            "volt_mag": -484.4306318694664,
            "gic_blocker": 0.0
        },
        "27": {
            "volt_mag": -484.35556212582844,
            "gic_blocker": 0.0
        }
    },
    "bus": {
        "5": {
            "qd": 3.15,
            "pd": 9.600000000000001
        },
        "16": {
            "qd": 1.8,
            "pd": 5.0
        },
        "20": {
            "qd": 0.0,
            "pd": 0.0
        },
        "12": {
            "qd": 0.0,
            "pd": 0.0
        },
        "8": {
            "qd": 0.0,
            "pd": 0.0
        },
        "17": {
            "qd": 0.0,
            "pd": 0.0
        },
        "1": {
            "qd": 0.0,
            "pd": 0.0
        },
        "19": {
            "qd": 0.0,
            "pd": 0.0
        },
        "6": {
            "qd": 1.35,
            "pd": 3.3000000000000003
        },
        "11": {
            "qd": 0.0,
            "pd": 0.0
        },
        "14": {
            "qd": 0.0,
            "pd": 0.0
        },
        "3": {
            "qd": 0.0,
            "pd": 0.0
        },
        "7": {
            "qd": 0.0,
            "pd": 0.0
        },
        "4": {
            "qd": 6.300000000000001,
            "pd": 12.75
        },
        "13": {
            "qd": 0.0,
            "pd": 0.0
        },
        "15": {
            "qd": 6.0,
            "pd": 12.600000000000001
        },
        "2": {
            "qd": 0.0,
            "pd": 0.0
        },
        "21": {
            "qd": 0.0,
            "pd": 0.0
        },
        "18": {
            "qd": 0.0,
            "pd": 0.0
        }
    }
}
