{
    "gmd_bus": {
        "5": {
            "volt_mag": -484.43121947296964,
            "gic_blocker": 1.0000000099651862
        },
        "16": {
            "volt_mag": 0.0,
            "gic_blocker": 0.0
        },
        "20": {
            "volt_mag": 0.0,
            "gic_blocker": 0.0
        },
        "12": {
            "volt_mag": -618.1807927851673,
            "gic_blocker": 0.0
        },
        "24": {
            "volt_mag": 0.0,
            "gic_blocker": 0.0
        },
        "8": {
            "volt_mag": 1266.823656358678,
            "gic_blocker": 1.0000000000016673
        },
        "17": {
            "volt_mag": 722.7343713835904,
            "gic_blocker": 0.0
        },
        "1": {
            "volt_mag": 0.0,
            "gic_blocker": 0.0
        },
        "19": {
            "volt_mag": 0.0,
            "gic_blocker": 0.0
        },
        "22": {
            "volt_mag": -1.1581276734183693e-5,
            "gic_blocker": 0.0
        },
        "23": {
            "volt_mag": -413.1934438814908,
            "gic_blocker": 0.0
        },
        "6": {
            "volt_mag": 450.828643037174,
            "gic_blocker": 1.000000000000008
        },
        "11": {
            "volt_mag": -618.1708121141179,
            "gic_blocker": 0.0
        },
        "9": {
            "volt_mag": 0.0,
            "gic_blocker": 0.0
        },
        "14": {
            "volt_mag": 450.82864303717304,
            "gic_blocker": 0.0
        },
        "3": {
            "volt_mag": -1.120768717115171e-5,
            "gic_blocker": 0.0
        },
        "7": {
            "volt_mag": 0.0,
            "gic_blocker": 0.0
        },
        "25": {
            "volt_mag": 0.0,
            "gic_blocker": 0.0
        },
        "4": {
            "volt_mag": -618.1720597226782,
            "gic_blocker": 1.0000000095923758
        },
        "13": {
            "volt_mag": -484.43161086106727,
            "gic_blocker": 0.0
        },
        "15": {
            "volt_mag": 0.0,
            "gic_blocker": 0.0
        },
        "2": {
            "volt_mag": -413.1934439124139,
            "gic_blocker": 1.0000000008980663
        },
        "10": {
            "volt_mag": -1017.3528278875285,
            "gic_blocker": 0.0
        },
        "18": {
            "volt_mag": 1266.823656358326,
            "gic_blocker": 0.0
        },
        "21": {
            "volt_mag": 0.01317609087907625,
            "gic_blocker": 0.0
        },
        "26": {
            "volt_mag": -484.4306319080638,
            "gic_blocker": 0.0
        },
        "27": {
            "volt_mag": -484.3555621448792,
            "gic_blocker": 0.0
        }
    },
    "bus": {
        "5": {
            "qd": 2.975,
            "pd": 9.600000000000001
        },
        "16": {
            "qd": 2.4,
            "pd": 5.25
        },
        "20": {
            "qd": 0.0,
            "pd": 0.0
        },
        "12": {
            "qd": 0.0,
            "pd": 0.0
        },
        "8": {
            "qd": 0.0,
            "pd": 0.0
        },
        "17": {
            "qd": 0.0,
            "pd": 0.0
        },
        "1": {
            "qd": 0.0,
            "pd": 0.0
        },
        "19": {
            "qd": 0.0,
            "pd": 0.0
        },
        "6": {
            "qd": 1.7249999999999999,
            "pd": 3.0
        },
        "11": {
            "qd": 0.0,
            "pd": 0.0
        },
        "14": {
            "qd": 0.0,
            "pd": 0.0
        },
        "3": {
            "qd": 0.0,
            "pd": 0.0
        },
        "7": {
            "qd": 0.0,
            "pd": 0.0
        },
        "4": {
            "qd": 4.800000000000001,
            "pd": 13.5
        },
        "13": {
            "qd": 0.0,
            "pd": 0.0
        },
        "15": {
            "qd": 5.75,
            "pd": 13.799999999999999
        },
        "2": {
            "qd": 0.0,
            "pd": 0.0
        },
        "21": {
            "qd": 0.0,
            "pd": 0.0
        },
        "18": {
            "qd": 0.0,
            "pd": 0.0
        }
    }
}
