{
    "gmd_bus": {
        "5": {
            "volt_mag": -484.4312193805137,
            "gic_blocker": 1.0000000099630555
        },
        "16": {
            "volt_mag": 0.0,
            "gic_blocker": 0.0
        },
        "20": {
            "volt_mag": 0.0,
            "gic_blocker": 0.0
        },
        "12": {
            "volt_mag": -618.1807926953007,
            "gic_blocker": 0.0
        },
        "24": {
            "volt_mag": 0.0,
            "gic_blocker": 0.0
        },
        "8": {
            "volt_mag": 1266.823656382292,
            "gic_blocker": 0.999999999999758
        },
        "17": {
            "volt_mag": 722.7343714263536,
            "gic_blocker": 0.0
        },
        "1": {
            "volt_mag": 0.0,
            "gic_blocker": 0.0
        },
        "19": {
            "volt_mag": 0.0,
            "gic_blocker": 0.0
        },
        "22": {
            "volt_mag": -1.1532975956058725e-5,
            "gic_blocker": 0.0
        },
        "23": {
            "volt_mag": -413.1934436347662,
            "gic_blocker": 0.0
        },
        "6": {
            "volt_mag": 450.8286430909925,
            "gic_blocker": 0.9999999999943654
        },
        "11": {
            "volt_mag": -618.1708120236385,
            "gic_blocker": 0.0
        },
        "9": {
            "volt_mag": 0.0,
            "gic_blocker": 0.0
        },
        "14": {
            "volt_mag": 450.8286430916275,
            "gic_blocker": 0.0
        },
        "3": {
            "volt_mag": -1.1160944482605979e-5,
            "gic_blocker": 0.0
        },
        "7": {
            "volt_mag": 0.0,
            "gic_blocker": 0.0
        },
        "25": {
            "volt_mag": 0.0,
            "gic_blocker": 0.0
        },
        "4": {
            "volt_mag": -618.1720596322244,
            "gic_blocker": 1.000000009572556
        },
        "13": {
            "volt_mag": -484.43161076890385,
            "gic_blocker": 0.0
        },
        "15": {
            "volt_mag": 0.0,
            "gic_blocker": 0.0
        },
        "2": {
            "volt_mag": -413.1934436613431,
            "gic_blocker": 1.0000000007718468
        },
        "10": {
            "volt_mag": -1017.3528277190587,
            "gic_blocker": 0.0
        },
        "18": {
            "volt_mag": 1266.823656382343,
            "gic_blocker": 0.0
        },
        "21": {
            "volt_mag": 0.01317613991134686,
            "gic_blocker": 0.0
        },
        "26": {
            "volt_mag": -484.43063181527225,
            "gic_blocker": 0.0
        },
        "27": {
            "volt_mag": -484.35556210211604,
            "gic_blocker": 0.0
        }
    },
    "bus": {
        "5": {
            "qd": 3.8500000000000005,
            "pd": 10.8
        },
        "16": {
            "qd": 2.1,
            "pd": 4.5
        },
        "20": {
            "qd": 0.0,
            "pd": 0.0
        },
        "12": {
            "qd": 0.0,
            "pd": 0.0
        },
        "8": {
            "qd": 0.0,
            "pd": 0.0
        },
        "17": {
            "qd": 0.0,
            "pd": 0.0
        },
        "1": {
            "qd": 0.0,
            "pd": 0.0
        },
        "19": {
            "qd": 0.0,
            "pd": 0.0
        },
        "6": {
            "qd": 1.7999999999999998,
            "pd": 2.4000000000000004
        },
        "11": {
            "qd": 0.0,
            "pd": 0.0
        },
        "14": {
            "qd": 0.0,
            "pd": 0.0
        },
        "3": {
            "qd": 0.0,
            "pd": 0.0
        },
        "7": {
            "qd": 0.0,
            "pd": 0.0
        },
        "4": {
            "qd": 5.4,
            "pd": 18.0
        },
        "13": {
            "qd": 0.0,
            "pd": 0.0
        },
        "15": {
            "qd": 5.25,
            "pd": 10.2
        },
        "2": {
            "qd": 0.0,
            "pd": 0.0
        },
        "21": {
            "qd": 0.0,
            "pd": 0.0
        },
        "18": {
            "qd": 0.0,
            "pd": 0.0
        }
    }
}
