{
    "gmd_bus": {
        "5": {
            "volt_mag": -114.27849066122346,
            "gic_blocker": -7.494293680627875e-9
        },
        "16": {
            "volt_mag": 0.0,
            "gic_blocker": 0.0
        },
        "20": {
            "volt_mag": 0.0,
            "gic_blocker": 0.0
        },
        "12": {
            "volt_mag": -359.7399925373219,
            "gic_blocker": 0.0
        },
        "24": {
            "volt_mag": 0.0,
            "gic_blocker": 0.0
        },
        "8": {
            "volt_mag": 1010.5049704773643,
            "gic_blocker": 1.0
        },
        "17": {
            "volt_mag": 466.41568551899877,
            "gic_blocker": 0.0
        },
        "1": {
            "volt_mag": 0.0,
            "gic_blocker": 0.0
        },
        "19": {
            "volt_mag": 0.0,
            "gic_blocker": 0.0
        },
        "22": {
            "volt_mag": 38.82454403527922,
            "gic_blocker": 0.0
        },
        "23": {
            "volt_mag": -53.160515425206114,
            "gic_blocker": 0.0
        },
        "6": {
            "volt_mag": 155.60796547785299,
            "gic_blocker": -8.623580653713442e-9
        },
        "11": {
            "volt_mag": -356.93035324644933,
            "gic_blocker": 0.0
        },
        "9": {
            "volt_mag": 0.0,
            "gic_blocker": 0.0
        },
        "14": {
            "volt_mag": 194.50995718279066,
            "gic_blocker": 0.0
        },
        "3": {
            "volt_mag": 37.57214048904123,
            "gic_blocker": 8.826380018082172e-7
        },
        "7": {
            "volt_mag": 0.0,
            "gic_blocker": 0.0
        },
        "25": {
            "volt_mag": 0.0,
            "gic_blocker": 0.0
        },
        "4": {
            "volt_mag": -355.7990620740793,
            "gic_blocker": -6.607356580333589e-9
        },
        "13": {
            "volt_mag": -120.25015243114338,
            "gic_blocker": 0.0
        },
        "15": {
            "volt_mag": 0.0,
            "gic_blocker": 0.0
        },
        "2": {
            "volt_mag": -49.07124504562968,
            "gic_blocker": 0.0
        },
        "10": {
            "volt_mag": -706.7997149950853,
            "gic_blocker": 0.0
        },
        "18": {
            "volt_mag": 1010.5049704773643,
            "gic_blocker": 0.0
        },
        "21": {
            "volt_mag": 36.213158656055306,
            "gic_blocker": 0.0
        },
        "26": {
            "volt_mag": -116.74884693417224,
            "gic_blocker": 0.0
        },
        "27": {
            "volt_mag": -740.674248009471,
            "gic_blocker": 0.0
        }
    },
    "bus": {
        "5": {
            "qd": 3.6750000000000003,
            "pd": 12.600000000000001
        },
        "16": {
            "qd": 1.9,
            "pd": 4.5
        },
        "20": {
            "qd": 0.0,
            "pd": 0.0
        },
        "12": {
            "qd": 0.0,
            "pd": 0.0
        },
        "8": {
            "qd": 0.0,
            "pd": 0.0
        },
        "17": {
            "qd": 0.0,
            "pd": 0.0
        },
        "1": {
            "qd": 0.0,
            "pd": 0.0
        },
        "19": {
            "qd": 0.0,
            "pd": 0.0
        },
        "6": {
            "qd": 1.275,
            "pd": 2.8499999999999996
        },
        "11": {
            "qd": 0.0,
            "pd": 0.0
        },
        "14": {
            "qd": 0.0,
            "pd": 0.0
        },
        "3": {
            "qd": 0.0,
            "pd": 0.0
        },
        "7": {
            "qd": 0.0,
            "pd": 0.0
        },
        "4": {
            "qd": 4.800000000000001,
            "pd": 18.0
        },
        "13": {
            "qd": 0.0,
            "pd": 0.0
        },
        "15": {
            "qd": 6.0,
            "pd": 11.399999999999999
        },
        "2": {
            "qd": 0.0,
            "pd": 0.0
        },
        "21": {
            "qd": 0.0,
            "pd": 0.0
        },
        "18": {
            "qd": 0.0,
            "pd": 0.0
        }
    }
}
