{
    "gmd_bus": {
        "5": {
            "volt_mag": -554.5300409434257,
            "gic_blocker": 1.0000000099682027
        },
        "16": {
            "volt_mag": 0.0,
            "gic_blocker": 0.0
        },
        "20": {
            "volt_mag": 0.0,
            "gic_blocker": 0.0
        },
        "12": {
            "volt_mag": -688.279613214278,
            "gic_blocker": 0.0
        },
        "24": {
            "volt_mag": 0.0,
            "gic_blocker": 0.0
        },
        "8": {
            "volt_mag": 1196.7248365268404,
            "gic_blocker": 0.9999999999973784
        },
        "17": {
            "volt_mag": 652.6355515933119,
            "gic_blocker": 0.0
        },
        "1": {
            "volt_mag": 0.0,
            "gic_blocker": 0.0
        },
        "19": {
            "volt_mag": 0.0,
            "gic_blocker": 0.0
        },
        "22": {
            "volt_mag": -70.09883021517714,
            "gic_blocker": 0.0
        },
        "23": {
            "volt_mag": -483.2922638384737,
            "gic_blocker": 0.0
        },
        "6": {
            "volt_mag": 380.72982327101346,
            "gic_blocker": 0.9999999999868243
        },
        "11": {
            "volt_mag": -688.2696325464457,
            "gic_blocker": 0.0
        },
        "9": {
            "volt_mag": 0.0,
            "gic_blocker": 0.0
        },
        "14": {
            "volt_mag": 380.7298232722675,
            "gic_blocker": 0.0
        },
        "3": {
            "volt_mag": -70.098829789546,
            "gic_blocker": 0.9999998178438305
        },
        "7": {
            "volt_mag": 0.0,
            "gic_blocker": 0.0
        },
        "25": {
            "volt_mag": 0.0,
            "gic_blocker": 0.0
        },
        "4": {
            "volt_mag": -688.2708801575034,
            "gic_blocker": 1.0000000096264712
        },
        "13": {
            "volt_mag": -554.5304323030094,
            "gic_blocker": 0.0
        },
        "15": {
            "volt_mag": 0.0,
            "gic_blocker": 0.0
        },
        "2": {
            "volt_mag": -483.2922638694876,
            "gic_blocker": 1.0000000007700638
        },
        "10": {
            "volt_mag": -1087.451648082586,
            "gic_blocker": 0.0
        },
        "18": {
            "volt_mag": 1196.724836527363,
            "gic_blocker": 0.0
        },
        "21": {
            "volt_mag": -70.08564259175068,
            "gic_blocker": 0.0
        },
        "26": {
            "volt_mag": -554.5294533512686,
            "gic_blocker": 0.0
        },
        "27": {
            "volt_mag": -554.4543819351577,
            "gic_blocker": 0.0
        }
    },
    "bus": {
        "5": {
            "qd": 4.2,
            "pd": 12.600000000000001
        },
        "16": {
            "qd": 1.6,
            "pd": 5.0
        },
        "20": {
            "qd": 0.0,
            "pd": 0.0
        },
        "12": {
            "qd": 0.0,
            "pd": 0.0
        },
        "8": {
            "qd": 0.0,
            "pd": 0.0
        },
        "17": {
            "qd": 0.0,
            "pd": 0.0
        },
        "1": {
            "qd": 0.0,
            "pd": 0.0
        },
        "19": {
            "qd": 0.0,
            "pd": 0.0
        },
        "6": {
            "qd": 1.5750000000000002,
            "pd": 3.1500000000000004
        },
        "11": {
            "qd": 0.0,
            "pd": 0.0
        },
        "14": {
            "qd": 0.0,
            "pd": 0.0
        },
        "3": {
            "qd": 0.0,
            "pd": 0.0
        },
        "7": {
            "qd": 0.0,
            "pd": 0.0
        },
        "4": {
            "qd": 6.0,
            "pd": 12.0
        },
        "13": {
            "qd": 0.0,
            "pd": 0.0
        },
        "15": {
            "qd": 4.25,
            "pd": 9.600000000000001
        },
        "2": {
            "qd": 0.0,
            "pd": 0.0
        },
        "21": {
            "qd": 0.0,
            "pd": 0.0
        },
        "18": {
            "qd": 0.0,
            "pd": 0.0
        }
    }
}
