{
    "gmd_bus": {
        "5": {
            "volt_mag": -108.16883330788133,
            "gic_blocker": 0.0
        },
        "16": {
            "volt_mag": 0.0,
            "gic_blocker": 0.0
        },
        "20": {
            "volt_mag": 0.0,
            "gic_blocker": 0.0
        },
        "12": {
            "volt_mag": -343.57931030243606,
            "gic_blocker": 0.0
        },
        "24": {
            "volt_mag": 0.0,
            "gic_blocker": 0.0
        },
        "8": {
            "volt_mag": 1020.4308114646223,
            "gic_blocker": 1.0
        },
        "17": {
            "volt_mag": 476.34152650625674,
            "gic_blocker": 0.0
        },
        "1": {
            "volt_mag": 0.0,
            "gic_blocker": 0.0
        },
        "19": {
            "volt_mag": 0.0,
            "gic_blocker": 0.0
        },
        "22": {
            "volt_mag": 88.57358076957951,
            "gic_blocker": 0.0
        },
        "23": {
            "volt_mag": -46.35995675446395,
            "gic_blocker": 0.0
        },
        "6": {
            "volt_mag": 163.54863853603885,
            "gic_blocker": 0.0
        },
        "11": {
            "volt_mag": -340.9114942535542,
            "gic_blocker": 0.0
        },
        "9": {
            "volt_mag": 0.0,
            "gic_blocker": 0.0
        },
        "14": {
            "volt_mag": 204.43579817004857,
            "gic_blocker": 0.0
        },
        "3": {
            "volt_mag": 88.57358079560122,
            "gic_blocker": 1.0000000088135939
        },
        "7": {
            "volt_mag": 0.0,
            "gic_blocker": 0.0
        },
        "25": {
            "volt_mag": 0.0,
            "gic_blocker": 0.0
        },
        "4": {
            "volt_mag": -339.8290170392768,
            "gic_blocker": 0.0
        },
        "13": {
            "volt_mag": -113.94832174886189,
            "gic_blocker": 0.0
        },
        "15": {
            "volt_mag": 0.0,
            "gic_blocker": 0.0
        },
        "2": {
            "volt_mag": -42.79380626780811,
            "gic_blocker": 0.0
        },
        "10": {
            "volt_mag": -695.382207262825,
            "gic_blocker": 0.0
        },
        "18": {
            "volt_mag": 1020.4308114646223,
            "gic_blocker": 0.0
        },
        "21": {
            "volt_mag": 84.68085381638154,
            "gic_blocker": 0.0
        },
        "26": {
            "volt_mag": -110.3164837604678,
            "gic_blocker": 0.0
        },
        "27": {
            "volt_mag": -730.7484070222129,
            "gic_blocker": 0.0
        }
    },
    "bus": {
        "5": {
            "qd": 3.6750000000000003,
            "pd": 12.600000000000001
        },
        "16": {
            "qd": 1.6,
            "pd": 6.0
        },
        "20": {
            "qd": 0.0,
            "pd": 0.0
        },
        "12": {
            "qd": 0.0,
            "pd": 0.0
        },
        "8": {
            "qd": 0.0,
            "pd": 0.0
        },
        "17": {
            "qd": 0.0,
            "pd": 0.0
        },
        "1": {
            "qd": 0.0,
            "pd": 0.0
        },
        "19": {
            "qd": 0.0,
            "pd": 0.0
        },
        "6": {
            "qd": 1.5750000000000002,
            "pd": 2.8499999999999996
        },
        "11": {
            "qd": 0.0,
            "pd": 0.0
        },
        "14": {
            "qd": 0.0,
            "pd": 0.0
        },
        "3": {
            "qd": 0.0,
            "pd": 0.0
        },
        "7": {
            "qd": 0.0,
            "pd": 0.0
        },
        "4": {
            "qd": 6.300000000000001,
            "pd": 15.75
        },
        "13": {
            "qd": 0.0,
            "pd": 0.0
        },
        "15": {
            "qd": 6.0,
            "pd": 12.0
        },
        "2": {
            "qd": 0.0,
            "pd": 0.0
        },
        "21": {
            "qd": 0.0,
            "pd": 0.0
        },
        "18": {
            "qd": 0.0,
            "pd": 0.0
        }
    }
}
