{
    "gmd_bus": {
        "5": {
            "volt_mag": -484.43121940908634,
            "gic_blocker": 1.000000009964208
        },
        "16": {
            "volt_mag": 0.0,
            "gic_blocker": 0.0
        },
        "20": {
            "volt_mag": 0.0,
            "gic_blocker": 0.0
        },
        "12": {
            "volt_mag": -618.1807927219891,
            "gic_blocker": 0.0
        },
        "24": {
            "volt_mag": 0.0,
            "gic_blocker": 0.0
        },
        "8": {
            "volt_mag": 1266.8236563462729,
            "gic_blocker": 0.9999999999990659
        },
        "17": {
            "volt_mag": 722.7343713972754,
            "gic_blocker": 0.0
        },
        "1": {
            "volt_mag": 0.0,
            "gic_blocker": 0.0
        },
        "19": {
            "volt_mag": 0.0,
            "gic_blocker": 0.0
        },
        "22": {
            "volt_mag": -1.1548164136725553e-5,
            "gic_blocker": 0.0
        },
        "23": {
            "volt_mag": -413.19344369282373,
            "gic_blocker": 0.0
        },
        "6": {
            "volt_mag": 450.8286430660165,
            "gic_blocker": 0.999999999993167
        },
        "11": {
            "volt_mag": -618.1708120504333,
            "gic_blocker": 0.0
        },
        "9": {
            "volt_mag": 0.0,
            "gic_blocker": 0.0
        },
        "14": {
            "volt_mag": 450.82864306678664,
            "gic_blocker": 0.0
        },
        "3": {
            "volt_mag": -1.1175642721972827e-5,
            "gic_blocker": 0.0
        },
        "7": {
            "volt_mag": 0.0,
            "gic_blocker": 0.0
        },
        "25": {
            "volt_mag": 0.0,
            "gic_blocker": 0.0
        },
        "4": {
            "volt_mag": -618.1720596590063,
            "gic_blocker": 1.0000000095727277
        },
        "13": {
            "volt_mag": -484.4316107974207,
            "gic_blocker": 0.0
        },
        "15": {
            "volt_mag": 0.0,
            "gic_blocker": 0.0
        },
        "2": {
            "volt_mag": -413.19344372029457,
            "gic_blocker": 1.0000000007978063
        },
        "10": {
            "volt_mag": -1017.3528277614583,
            "gic_blocker": 0.0
        },
        "18": {
            "volt_mag": 1266.8236563464702,
            "gic_blocker": 0.0
        },
        "21": {
            "volt_mag": 0.013176124363322932,
            "gic_blocker": 0.0
        },
        "26": {
            "volt_mag": -484.43063184387273,
            "gic_blocker": 0.0
        },
        "27": {
            "volt_mag": -484.35556213119446,
            "gic_blocker": 0.0
        }
    },
    "bus": {
        "5": {
            "qd": 2.975,
            "pd": 13.200000000000001
        },
        "16": {
            "qd": 1.8,
            "pd": 5.0
        },
        "20": {
            "qd": 0.0,
            "pd": 0.0
        },
        "12": {
            "qd": 0.0,
            "pd": 0.0
        },
        "8": {
            "qd": 0.0,
            "pd": 0.0
        },
        "17": {
            "qd": 0.0,
            "pd": 0.0
        },
        "1": {
            "qd": 0.0,
            "pd": 0.0
        },
        "19": {
            "qd": 0.0,
            "pd": 0.0
        },
        "6": {
            "qd": 1.35,
            "pd": 3.3000000000000003
        },
        "11": {
            "qd": 0.0,
            "pd": 0.0
        },
        "14": {
            "qd": 0.0,
            "pd": 0.0
        },
        "3": {
            "qd": 0.0,
            "pd": 0.0
        },
        "7": {
            "qd": 0.0,
            "pd": 0.0
        },
        "4": {
            "qd": 6.8999999999999995,
            "pd": 13.5
        },
        "13": {
            "qd": 0.0,
            "pd": 0.0
        },
        "15": {
            "qd": 4.25,
            "pd": 10.2
        },
        "2": {
            "qd": 0.0,
            "pd": 0.0
        },
        "21": {
            "qd": 0.0,
            "pd": 0.0
        },
        "18": {
            "qd": 0.0,
            "pd": 0.0
        }
    }
}
