{
    "gmd_bus": {
        "5": {
            "volt_mag": -484.4312194084335,
            "gic_blocker": 1.0000000099636444
        },
        "16": {
            "volt_mag": 0.0,
            "gic_blocker": 0.0
        },
        "20": {
            "volt_mag": 0.0,
            "gic_blocker": 0.0
        },
        "12": {
            "volt_mag": -618.1807927214909,
            "gic_blocker": 0.0
        },
        "24": {
            "volt_mag": 0.0,
            "gic_blocker": 0.0
        },
        "8": {
            "volt_mag": 1266.823656355371,
            "gic_blocker": 0.9999999999994682
        },
        "17": {
            "volt_mag": 722.7343714023388,
            "gic_blocker": 0.0
        },
        "1": {
            "volt_mag": 0.0,
            "gic_blocker": 0.0
        },
        "19": {
            "volt_mag": 0.0,
            "gic_blocker": 0.0
        },
        "22": {
            "volt_mag": -1.1548065866516484e-5,
            "gic_blocker": 0.0
        },
        "23": {
            "volt_mag": -413.19344370119495,
            "gic_blocker": 0.0
        },
        "6": {
            "volt_mag": 450.8286430686972,
            "gic_blocker": 0.999999999993882
        },
        "11": {
            "volt_mag": -618.1708120499474,
            "gic_blocker": 0.0
        },
        "9": {
            "volt_mag": 0.0,
            "gic_blocker": 0.0
        },
        "14": {
            "volt_mag": 450.82864306938666,
            "gic_blocker": 0.0
        },
        "3": {
            "volt_mag": -1.1175547621770425e-5,
            "gic_blocker": 0.0
        },
        "7": {
            "volt_mag": 0.0,
            "gic_blocker": 0.0
        },
        "25": {
            "volt_mag": 0.0,
            "gic_blocker": 0.0
        },
        "4": {
            "volt_mag": -618.1720596585083,
            "gic_blocker": 1.0000000095686328
        },
        "13": {
            "volt_mag": -484.43161079675764,
            "gic_blocker": 0.0
        },
        "15": {
            "volt_mag": 0.0,
            "gic_blocker": 0.0
        },
        "2": {
            "volt_mag": -413.19344372888423,
            "gic_blocker": 1.0000000008041499
        },
        "10": {
            "volt_mag": -1017.3528277653934,
            "gic_blocker": 0.0
        },
        "18": {
            "volt_mag": 1266.8236563554833,
            "gic_blocker": 0.0
        },
        "21": {
            "volt_mag": 0.013176124517010316,
            "gic_blocker": 0.0
        },
        "26": {
            "volt_mag": -484.4306318432625,
            "gic_blocker": 0.0
        },
        "27": {
            "volt_mag": -484.35556212613085,
            "gic_blocker": 0.0
        }
    },
    "bus": {
        "5": {
            "qd": 2.975,
            "pd": 12.600000000000001
        },
        "16": {
            "qd": 1.6,
            "pd": 4.75
        },
        "20": {
            "qd": 0.0,
            "pd": 0.0
        },
        "12": {
            "qd": 0.0,
            "pd": 0.0
        },
        "8": {
            "qd": 0.0,
            "pd": 0.0
        },
        "17": {
            "qd": 0.0,
            "pd": 0.0
        },
        "1": {
            "qd": 0.0,
            "pd": 0.0
        },
        "19": {
            "qd": 0.0,
            "pd": 0.0
        },
        "6": {
            "qd": 1.7999999999999998,
            "pd": 3.1500000000000004
        },
        "11": {
            "qd": 0.0,
            "pd": 0.0
        },
        "14": {
            "qd": 0.0,
            "pd": 0.0
        },
        "3": {
            "qd": 0.0,
            "pd": 0.0
        },
        "7": {
            "qd": 0.0,
            "pd": 0.0
        },
        "4": {
            "qd": 6.6000000000000005,
            "pd": 12.75
        },
        "13": {
            "qd": 0.0,
            "pd": 0.0
        },
        "15": {
            "qd": 4.75,
            "pd": 13.200000000000001
        },
        "2": {
            "qd": 0.0,
            "pd": 0.0
        },
        "21": {
            "qd": 0.0,
            "pd": 0.0
        },
        "18": {
            "qd": 0.0,
            "pd": 0.0
        }
    }
}
