{
    "gmd_bus": {
        "5": {
            "volt_mag": -108.16883443938748,
            "gic_blocker": -7.066688425943869e-9
        },
        "16": {
            "volt_mag": 0.0,
            "gic_blocker": 0.0
        },
        "20": {
            "volt_mag": 0.0,
            "gic_blocker": 0.0
        },
        "12": {
            "volt_mag": -343.5793142258879,
            "gic_blocker": 0.0
        },
        "24": {
            "volt_mag": 0.0,
            "gic_blocker": 0.0
        },
        "8": {
            "volt_mag": 1020.4308079745455,
            "gic_blocker": 1.0
        },
        "17": {
            "volt_mag": 476.34152301618,
            "gic_blocker": 0.0
        },
        "1": {
            "volt_mag": 0.0,
            "gic_blocker": 0.0
        },
        "19": {
            "volt_mag": 0.0,
            "gic_blocker": 0.0
        },
        "22": {
            "volt_mag": 88.57356780662823,
            "gic_blocker": 0.0
        },
        "23": {
            "volt_mag": -46.35996023467806,
            "gic_blocker": 0.0
        },
        "6": {
            "volt_mag": 163.54863546438403,
            "gic_blocker": -8.547717892268572e-9
        },
        "11": {
            "volt_mag": -340.91149813527926,
            "gic_blocker": 0.0
        },
        "9": {
            "volt_mag": 0.0,
            "gic_blocker": 0.0
        },
        "14": {
            "volt_mag": 204.43579467997193,
            "gic_blocker": 0.0
        },
        "3": {
            "volt_mag": 88.57356752054595,
            "gic_blocker": 0.999999903103497
        },
        "7": {
            "volt_mag": 0.0,
            "gic_blocker": 0.0
        },
        "25": {
            "volt_mag": 0.0,
            "gic_blocker": 0.0
        },
        "4": {
            "volt_mag": -339.8290209019474,
            "gic_blocker": -5.774084295063171e-9
        },
        "13": {
            "volt_mag": -113.94832294227649,
            "gic_blocker": 0.0
        },
        "15": {
            "volt_mag": 0.0,
            "gic_blocker": 0.0
        },
        "2": {
            "volt_mag": -42.79380965977486,
            "gic_blocker": 5.4517191696858124e-8
        },
        "10": {
            "volt_mag": -695.3822109441342,
            "gic_blocker": 0.0
        },
        "18": {
            "volt_mag": 1020.4308079745455,
            "gic_blocker": 0.0
        },
        "21": {
            "volt_mag": 84.68084117362277,
            "gic_blocker": 0.0
        },
        "26": {
            "volt_mag": -110.31648498870143,
            "gic_blocker": 0.0
        },
        "27": {
            "volt_mag": -730.7484105122896,
            "gic_blocker": 0.0
        }
    },
    "bus": {
        "5": {
            "qd": 3.5,
            "pd": 13.799999999999999
        },
        "16": {
            "qd": 2.3,
            "pd": 5.5
        },
        "20": {
            "qd": 0.0,
            "pd": 0.0
        },
        "12": {
            "qd": 0.0,
            "pd": 0.0
        },
        "8": {
            "qd": 0.0,
            "pd": 0.0
        },
        "17": {
            "qd": 0.0,
            "pd": 0.0
        },
        "1": {
            "qd": 0.0,
            "pd": 0.0
        },
        "19": {
            "qd": 0.0,
            "pd": 0.0
        },
        "6": {
            "qd": 1.275,
            "pd": 3.1500000000000004
        },
        "11": {
            "qd": 0.0,
            "pd": 0.0
        },
        "14": {
            "qd": 0.0,
            "pd": 0.0
        },
        "3": {
            "qd": 0.0,
            "pd": 0.0
        },
        "7": {
            "qd": 0.0,
            "pd": 0.0
        },
        "4": {
            "qd": 6.8999999999999995,
            "pd": 15.75
        },
        "13": {
            "qd": 0.0,
            "pd": 0.0
        },
        "15": {
            "qd": 4.25,
            "pd": 13.200000000000001
        },
        "2": {
            "qd": 0.0,
            "pd": 0.0
        },
        "21": {
            "qd": 0.0,
            "pd": 0.0
        },
        "18": {
            "qd": 0.0,
            "pd": 0.0
        }
    }
}
