{
    "gmd_bus": {
        "5": {
            "volt_mag": -484.43121938719406,
            "gic_blocker": 1.0000000099623314
        },
        "16": {
            "volt_mag": 0.0,
            "gic_blocker": 0.0
        },
        "20": {
            "volt_mag": 0.0,
            "gic_blocker": 0.0
        },
        "12": {
            "volt_mag": -618.1807927006881,
            "gic_blocker": 0.0
        },
        "24": {
            "volt_mag": 0.0,
            "gic_blocker": 0.0
        },
        "8": {
            "volt_mag": 1266.823656384214,
            "gic_blocker": 1.0000000000000586
        },
        "17": {
            "volt_mag": 722.7343714252603,
            "gic_blocker": 0.0
        },
        "1": {
            "volt_mag": 0.0,
            "gic_blocker": 0.0
        },
        "19": {
            "volt_mag": 0.0,
            "gic_blocker": 0.0
        },
        "22": {
            "volt_mag": -1.1537253946017172e-5,
            "gic_blocker": 0.0
        },
        "23": {
            "volt_mag": -413.19344366995574,
            "gic_blocker": 0.0
        },
        "6": {
            "volt_mag": 450.82864308816363,
            "gic_blocker": 0.9999999999953038
        },
        "11": {
            "volt_mag": -618.1708120290392,
            "gic_blocker": 0.0
        },
        "9": {
            "volt_mag": 0.0,
            "gic_blocker": 0.0
        },
        "14": {
            "volt_mag": 450.82864308869296,
            "gic_blocker": 0.0
        },
        "3": {
            "volt_mag": -1.1165084472891685e-5,
            "gic_blocker": 0.0
        },
        "7": {
            "volt_mag": 0.0,
            "gic_blocker": 0.0
        },
        "25": {
            "volt_mag": 0.0,
            "gic_blocker": 0.0
        },
        "4": {
            "volt_mag": -618.1720596375709,
            "gic_blocker": 1.0000000095521526
        },
        "13": {
            "volt_mag": -484.43161077553816,
            "gic_blocker": 0.0
        },
        "15": {
            "volt_mag": 0.0,
            "gic_blocker": 0.0
        },
        "2": {
            "volt_mag": -413.1934436972804,
            "gic_blocker": 1.0000000007935603
        },
        "10": {
            "volt_mag": -1017.3528277393286,
            "gic_blocker": 0.0
        },
        "18": {
            "volt_mag": 1266.8236563842015,
            "gic_blocker": 0.0
        },
        "21": {
            "volt_mag": 0.013176135643694256,
            "gic_blocker": 0.0
        },
        "26": {
            "volt_mag": -484.4306318220568,
            "gic_blocker": 0.0
        },
        "27": {
            "volt_mag": -484.3555621032096,
            "gic_blocker": 0.0
        }
    },
    "bus": {
        "5": {
            "qd": 3.5,
            "pd": 14.399999999999999
        },
        "16": {
            "qd": 2.2,
            "pd": 4.0
        },
        "20": {
            "qd": 0.0,
            "pd": 0.0
        },
        "12": {
            "qd": 0.0,
            "pd": 0.0
        },
        "8": {
            "qd": 0.0,
            "pd": 0.0
        },
        "17": {
            "qd": 0.0,
            "pd": 0.0
        },
        "1": {
            "qd": 0.0,
            "pd": 0.0
        },
        "19": {
            "qd": 0.0,
            "pd": 0.0
        },
        "6": {
            "qd": 1.2000000000000002,
            "pd": 2.7
        },
        "11": {
            "qd": 0.0,
            "pd": 0.0
        },
        "14": {
            "qd": 0.0,
            "pd": 0.0
        },
        "3": {
            "qd": 0.0,
            "pd": 0.0
        },
        "7": {
            "qd": 0.0,
            "pd": 0.0
        },
        "4": {
            "qd": 7.199999999999999,
            "pd": 12.0
        },
        "13": {
            "qd": 0.0,
            "pd": 0.0
        },
        "15": {
            "qd": 5.5,
            "pd": 10.8
        },
        "2": {
            "qd": 0.0,
            "pd": 0.0
        },
        "21": {
            "qd": 0.0,
            "pd": 0.0
        },
        "18": {
            "qd": 0.0,
            "pd": 0.0
        }
    }
}
