{
    "gmd_bus": {
        "5": {
            "volt_mag": -108.16883417514131,
            "gic_blocker": -6.085580806591493e-9
        },
        "16": {
            "volt_mag": 0.0,
            "gic_blocker": 0.0
        },
        "20": {
            "volt_mag": 0.0,
            "gic_blocker": 0.0
        },
        "12": {
            "volt_mag": -343.5793133204919,
            "gic_blocker": 0.0
        },
        "24": {
            "volt_mag": 0.0,
            "gic_blocker": 0.0
        },
        "8": {
            "volt_mag": 1020.4308086207251,
            "gic_blocker": 1.0
        },
        "17": {
            "volt_mag": 476.3415236623595,
            "gic_blocker": 0.0
        },
        "1": {
            "volt_mag": 0.0,
            "gic_blocker": 0.0
        },
        "19": {
            "volt_mag": 0.0,
            "gic_blocker": 0.0
        },
        "22": {
            "volt_mag": 88.57357091206462,
            "gic_blocker": 0.0
        },
        "23": {
            "volt_mag": -46.359960797220296,
            "gic_blocker": 0.0
        },
        "6": {
            "volt_mag": 163.5486359937383,
            "gic_blocker": -8.168298527864524e-9
        },
        "11": {
            "volt_mag": -340.91149724054213,
            "gic_blocker": 0.0
        },
        "9": {
            "volt_mag": 0.0,
            "gic_blocker": 0.0
        },
        "14": {
            "volt_mag": 204.4357953261514,
            "gic_blocker": 0.0
        },
        "3": {
            "volt_mag": 88.57357070964372,
            "gic_blocker": 0.9999999314397399
        },
        "7": {
            "volt_mag": 0.0,
            "gic_blocker": 0.0
        },
        "25": {
            "volt_mag": 0.0,
            "gic_blocker": 0.0
        },
        "4": {
            "volt_mag": -339.82902000932637,
            "gic_blocker": -5.96530254675773e-9
        },
        "13": {
            "volt_mag": -113.94832266486219,
            "gic_blocker": 0.0
        },
        "15": {
            "volt_mag": 0.0,
            "gic_blocker": 0.0
        },
        "2": {
            "volt_mag": -42.793810278064555,
            "gic_blocker": 8.459769268897918e-8
        },
        "10": {
            "volt_mag": -695.3822107768038,
            "gic_blocker": 0.0
        },
        "18": {
            "volt_mag": 1020.4308086207251,
            "gic_blocker": 0.0
        },
        "21": {
            "volt_mag": 84.6808441980855,
            "gic_blocker": 0.0
        },
        "26": {
            "volt_mag": -110.31648470717035,
            "gic_blocker": 0.0
        },
        "27": {
            "volt_mag": -730.7484098661103,
            "gic_blocker": 1.0
        }
    },
    "bus": {
        "5": {
            "qd": 3.6750000000000003,
            "pd": 13.200000000000001
        },
        "16": {
            "qd": 2.3,
            "pd": 6.0
        },
        "20": {
            "qd": 0.0,
            "pd": 0.0
        },
        "12": {
            "qd": 0.0,
            "pd": 0.0
        },
        "8": {
            "qd": 0.0,
            "pd": 0.0
        },
        "17": {
            "qd": 0.0,
            "pd": 0.0
        },
        "1": {
            "qd": 0.0,
            "pd": 0.0
        },
        "19": {
            "qd": 0.0,
            "pd": 0.0
        },
        "6": {
            "qd": 1.6500000000000001,
            "pd": 2.55
        },
        "11": {
            "qd": 0.0,
            "pd": 0.0
        },
        "14": {
            "qd": 0.0,
            "pd": 0.0
        },
        "3": {
            "qd": 0.0,
            "pd": 0.0
        },
        "7": {
            "qd": 0.0,
            "pd": 0.0
        },
        "4": {
            "qd": 5.1,
            "pd": 15.0
        },
        "13": {
            "qd": 0.0,
            "pd": 0.0
        },
        "15": {
            "qd": 5.75,
            "pd": 14.399999999999999
        },
        "2": {
            "qd": 0.0,
            "pd": 0.0
        },
        "21": {
            "qd": 0.0,
            "pd": 0.0
        },
        "18": {
            "qd": 0.0,
            "pd": 0.0
        }
    }
}
