{
    "gmd_bus": {
        "5": {
            "volt_mag": -710.1546754582474,
            "gic_blocker": 1.0
        },
        "16": {
            "volt_mag": 0.0,
            "gic_blocker": 0.0
        },
        "20": {
            "volt_mag": 0.0,
            "gic_blocker": 0.0
        },
        "12": {
            "volt_mag": -837.7578669769479,
            "gic_blocker": 0.0
        },
        "24": {
            "volt_mag": 0.0,
            "gic_blocker": 0.0
        },
        "8": {
            "volt_mag": 60.48636002114495,
            "gic_blocker": 0.0
        },
        "17": {
            "volt_mag": -4.7525748706337385,
            "gic_blocker": 0.0
        },
        "1": {
            "volt_mag": 0.0,
            "gic_blocker": 0.0
        },
        "19": {
            "volt_mag": 0.0,
            "gic_blocker": 0.0
        },
        "22": {
            "volt_mag": -245.4421168595785,
            "gic_blocker": 0.0
        },
        "23": {
            "volt_mag": -158.2540035265585,
            "gic_blocker": 0.0
        },
        "6": {
            "volt_mag": 12.553949354989998,
            "gic_blocker": 0.0
        },
        "11": {
            "volt_mag": -836.1503492153043,
            "gic_blocker": 0.0
        },
        "9": {
            "volt_mag": 0.0,
            "gic_blocker": 0.0
        },
        "14": {
            "volt_mag": 15.692436693737497,
            "gic_blocker": 0.0
        },
        "3": {
            "volt_mag": -245.4421168595785,
            "gic_blocker": 1.0
        },
        "7": {
            "volt_mag": 0.0,
            "gic_blocker": 0.0
        },
        "25": {
            "volt_mag": 0.0,
            "gic_blocker": 0.0
        },
        "4": {
            "volt_mag": -836.3512889309887,
            "gic_blocker": 1.0
        },
        "13": {
            "volt_mag": -711.4280389525662,
            "gic_blocker": 0.0
        },
        "15": {
            "volt_mag": 0.0,
            "gic_blocker": 0.0
        },
        "2": {
            "volt_mag": -146.08061875226988,
            "gic_blocker": 0.0
        },
        "10": {
            "volt_mag": -999.2729769184018,
            "gic_blocker": 0.0
        },
        "18": {
            "volt_mag": 70.5674199238585,
            "gic_blocker": 0.0
        },
        "21": {
            "volt_mag": -248.80661133464122,
            "gic_blocker": 0.0
        },
        "26": {
            "volt_mag": -708.2446301690179,
            "gic_blocker": 0.0
        },
        "27": {
            "volt_mag": -1211.8425083991035,
            "gic_blocker": 0.0
        }
    },
    "bus": {
        "5": {
            "qd": 3.15,
            "pd": 13.200000000000001
        },
        "16": {
            "qd": 2.0,
            "pd": 4.0
        },
        "20": {
            "qd": 0.0,
            "pd": 0.0
        },
        "12": {
            "qd": 0.0,
            "pd": 0.0
        },
        "8": {
            "qd": 0.0,
            "pd": 0.0
        },
        "17": {
            "qd": 0.0,
            "pd": 0.0
        },
        "1": {
            "qd": 0.0,
            "pd": 0.0
        },
        "19": {
            "qd": 0.0,
            "pd": 0.0
        },
        "6": {
            "qd": 1.6500000000000001,
            "pd": 2.55
        },
        "11": {
            "qd": 0.0,
            "pd": 0.0
        },
        "14": {
            "qd": 0.0,
            "pd": 0.0
        },
        "3": {
            "qd": 0.0,
            "pd": 0.0
        },
        "7": {
            "qd": 0.0,
            "pd": 0.0
        },
        "4": {
            "qd": 6.6000000000000005,
            "pd": 15.0
        },
        "13": {
            "qd": 0.0,
            "pd": 0.0
        },
        "15": {
            "qd": 4.25,
            "pd": 12.0
        },
        "2": {
            "qd": 0.0,
            "pd": 0.0
        },
        "21": {
            "qd": 0.0,
            "pd": 0.0
        },
        "18": {
            "qd": 0.0,
            "pd": 0.0
        }
    }
}
