{
    "gmd_bus": {
        "5": {
            "volt_mag": -484.43121939824954,
            "gic_blocker": 1.0000000099629844
        },
        "16": {
            "volt_mag": 0.0,
            "gic_blocker": 0.0
        },
        "20": {
            "volt_mag": 0.0,
            "gic_blocker": 0.0
        },
        "12": {
            "volt_mag": -618.1807927105536,
            "gic_blocker": 0.0
        },
        "24": {
            "volt_mag": 0.0,
            "gic_blocker": 0.0
        },
        "8": {
            "volt_mag": 1266.8236563891967,
            "gic_blocker": 1.0000000000006428
        },
        "17": {
            "volt_mag": 722.7343714243831,
            "gic_blocker": 0.0
        },
        "1": {
            "volt_mag": 0.0,
            "gic_blocker": 0.0
        },
        "19": {
            "volt_mag": 0.0,
            "gic_blocker": 0.0
        },
        "22": {
            "volt_mag": -1.154285329673053e-5,
            "gic_blocker": 0.0
        },
        "23": {
            "volt_mag": -413.19344370512476,
            "gic_blocker": 0.0
        },
        "6": {
            "volt_mag": 450.8286430838364,
            "gic_blocker": 0.9999999999964335
        },
        "11": {
            "volt_mag": -618.170812038964,
            "gic_blocker": 0.0
        },
        "9": {
            "volt_mag": 0.0,
            "gic_blocker": 0.0
        },
        "14": {
            "volt_mag": 450.8286430842384,
            "gic_blocker": 0.0
        },
        "3": {
            "volt_mag": -1.1170503199392854e-5,
            "gic_blocker": 0.0
        },
        "7": {
            "volt_mag": 0.0,
            "gic_blocker": 0.0
        },
        "25": {
            "volt_mag": 0.0,
            "gic_blocker": 0.0
        },
        "4": {
            "volt_mag": -618.1720596474727,
            "gic_blocker": 1.0000000095460837
        },
        "13": {
            "volt_mag": -484.4316107865306,
            "gic_blocker": 0.0
        },
        "15": {
            "volt_mag": 0.0,
            "gic_blocker": 0.0
        },
        "2": {
            "volt_mag": -413.19344373311895,
            "gic_blocker": 1.000000000813007
        },
        "10": {
            "volt_mag": -1017.3528277618541,
            "gic_blocker": 0.0
        },
        "18": {
            "volt_mag": 1266.8236563890607,
            "gic_blocker": 0.0
        },
        "21": {
            "volt_mag": 0.01317613000444844,
            "gic_blocker": 0.0
        },
        "26": {
            "volt_mag": -484.43063183317525,
            "gic_blocker": 0.0
        },
        "27": {
            "volt_mag": -484.3555621040866,
            "gic_blocker": 0.0
        }
    },
    "bus": {
        "5": {
            "qd": 3.8500000000000005,
            "pd": 13.799999999999999
        },
        "16": {
            "qd": 2.3,
            "pd": 4.0
        },
        "20": {
            "qd": 0.0,
            "pd": 0.0
        },
        "12": {
            "qd": 0.0,
            "pd": 0.0
        },
        "8": {
            "qd": 0.0,
            "pd": 0.0
        },
        "17": {
            "qd": 0.0,
            "pd": 0.0
        },
        "1": {
            "qd": 0.0,
            "pd": 0.0
        },
        "19": {
            "qd": 0.0,
            "pd": 0.0
        },
        "6": {
            "qd": 1.7999999999999998,
            "pd": 3.4499999999999997
        },
        "11": {
            "qd": 0.0,
            "pd": 0.0
        },
        "14": {
            "qd": 0.0,
            "pd": 0.0
        },
        "3": {
            "qd": 0.0,
            "pd": 0.0
        },
        "7": {
            "qd": 0.0,
            "pd": 0.0
        },
        "4": {
            "qd": 6.6000000000000005,
            "pd": 12.0
        },
        "13": {
            "qd": 0.0,
            "pd": 0.0
        },
        "15": {
            "qd": 6.0,
            "pd": 10.8
        },
        "2": {
            "qd": 0.0,
            "pd": 0.0
        },
        "21": {
            "qd": 0.0,
            "pd": 0.0
        },
        "18": {
            "qd": 0.0,
            "pd": 0.0
        }
    }
}
