{
    "gmd_bus": {
        "5": {
            "volt_mag": -591.4087334514388,
            "gic_blocker": 1.0
        },
        "16": {
            "volt_mag": 0.0,
            "gic_blocker": 0.0
        },
        "20": {
            "volt_mag": 0.0,
            "gic_blocker": 0.0
        },
        "12": {
            "volt_mag": -712.9016716151979,
            "gic_blocker": 0.0
        },
        "24": {
            "volt_mag": 0.0,
            "gic_blocker": 0.0
        },
        "8": {
            "volt_mag": 930.4766662839338,
            "gic_blocker": 1.0
        },
        "17": {
            "volt_mag": 386.38738132556824,
            "gic_blocker": 0.0
        },
        "1": {
            "volt_mag": 0.0,
            "gic_blocker": 0.0
        },
        "19": {
            "volt_mag": 0.0,
            "gic_blocker": 0.0
        },
        "22": {
            "volt_mag": -72.00585810178349,
            "gic_blocker": 0.0
        },
        "23": {
            "volt_mag": -122.94485250004223,
            "gic_blocker": 0.0
        },
        "6": {
            "volt_mag": 91.5853223914881,
            "gic_blocker": 0.0
        },
        "11": {
            "volt_mag": -711.5956285475331,
            "gic_blocker": 0.0
        },
        "9": {
            "volt_mag": 0.0,
            "gic_blocker": 0.0
        },
        "14": {
            "volt_mag": 114.48165298936014,
            "gic_blocker": 0.0
        },
        "3": {
            "volt_mag": -69.68308854179297,
            "gic_blocker": 0.0
        },
        "7": {
            "volt_mag": 0.0,
            "gic_blocker": 0.0
        },
        "25": {
            "volt_mag": 0.0,
            "gic_blocker": 0.0
        },
        "4": {
            "volt_mag": -711.758883927318,
            "gic_blocker": 1.0
        },
        "13": {
            "volt_mag": -592.7115560192026,
            "gic_blocker": 0.0
        },
        "15": {
            "volt_mag": 0.0,
            "gic_blocker": 0.0
        },
        "2": {
            "volt_mag": -113.48755624118326,
            "gic_blocker": 0.0
        },
        "10": {
            "volt_mag": -919.2655372052334,
            "gic_blocker": 0.0
        },
        "18": {
            "volt_mag": 930.4766662839338,
            "gic_blocker": 0.0
        },
        "21": {
            "volt_mag": -77.56127706811648,
            "gic_blocker": 0.0
        },
        "26": {
            "volt_mag": -589.4544995509375,
            "gic_blocker": 0.0
        },
        "27": {
            "volt_mag": -820.7025522029014,
            "gic_blocker": 0.0
        }
    },
    "bus": {
        "5": {
            "qd": 3.5,
            "pd": 10.8
        },
        "16": {
            "qd": 2.0,
            "pd": 5.5
        },
        "20": {
            "qd": 0.0,
            "pd": 0.0
        },
        "12": {
            "qd": 0.0,
            "pd": 0.0
        },
        "8": {
            "qd": 0.0,
            "pd": 0.0
        },
        "17": {
            "qd": 0.0,
            "pd": 0.0
        },
        "1": {
            "qd": 0.0,
            "pd": 0.0
        },
        "19": {
            "qd": 0.0,
            "pd": 0.0
        },
        "6": {
            "qd": 1.275,
            "pd": 3.1500000000000004
        },
        "11": {
            "qd": 0.0,
            "pd": 0.0
        },
        "14": {
            "qd": 0.0,
            "pd": 0.0
        },
        "3": {
            "qd": 0.0,
            "pd": 0.0
        },
        "7": {
            "qd": 0.0,
            "pd": 0.0
        },
        "4": {
            "qd": 5.1,
            "pd": 13.5
        },
        "13": {
            "qd": 0.0,
            "pd": 0.0
        },
        "15": {
            "qd": 6.0,
            "pd": 13.799999999999999
        },
        "2": {
            "qd": 0.0,
            "pd": 0.0
        },
        "21": {
            "qd": 0.0,
            "pd": 0.0
        },
        "18": {
            "qd": 0.0,
            "pd": 0.0
        }
    }
}
