{
    "gmd_bus": {
        "5": {
            "volt_mag": -484.4312194250614,
            "gic_blocker": 1.0000000099655635
        },
        "16": {
            "volt_mag": 0.0,
            "gic_blocker": 0.0
        },
        "20": {
            "volt_mag": 0.0,
            "gic_blocker": 0.0
        },
        "12": {
            "volt_mag": -618.1807927379848,
            "gic_blocker": 0.0
        },
        "24": {
            "volt_mag": 0.0,
            "gic_blocker": 0.0
        },
        "8": {
            "volt_mag": 1266.823656364368,
            "gic_blocker": 1.0000000000003453
        },
        "17": {
            "volt_mag": 722.7343714025385,
            "gic_blocker": 0.0
        },
        "1": {
            "volt_mag": 0.0,
            "gic_blocker": 0.0
        },
        "19": {
            "volt_mag": 0.0,
            "gic_blocker": 0.0
        },
        "22": {
            "volt_mag": -1.1555426559183775e-5,
            "gic_blocker": 0.0
        },
        "23": {
            "volt_mag": -413.19344373914856,
            "gic_blocker": 0.0
        },
        "6": {
            "volt_mag": 450.82864306383374,
            "gic_blocker": 0.9999999999966117
        },
        "11": {
            "volt_mag": -618.1708120665949,
            "gic_blocker": 0.0
        },
        "9": {
            "volt_mag": 0.0,
            "gic_blocker": 0.0
        },
        "14": {
            "volt_mag": 450.8286430642156,
            "gic_blocker": 0.0
        },
        "3": {
            "volt_mag": -1.1182670872744516e-5,
            "gic_blocker": 0.0
        },
        "7": {
            "volt_mag": 0.0,
            "gic_blocker": 0.0
        },
        "25": {
            "volt_mag": 0.0,
            "gic_blocker": 0.0
        },
        "4": {
            "volt_mag": -618.1720596751857,
            "gic_blocker": 1.000000009587675
        },
        "13": {
            "volt_mag": -484.43161081330805,
            "gic_blocker": 0.0
        },
        "15": {
            "volt_mag": 0.0,
            "gic_blocker": 0.0
        },
        "2": {
            "volt_mag": -413.19344376747057,
            "gic_blocker": 1.0000000008225272
        },
        "10": {
            "volt_mag": -1017.352827792676,
            "gic_blocker": 0.0
        },
        "18": {
            "volt_mag": 1266.823656364295,
            "gic_blocker": 0.0
        },
        "21": {
            "volt_mag": 0.013176117065732107,
            "gic_blocker": 0.0
        },
        "26": {
            "volt_mag": -484.43063185991366,
            "gic_blocker": 0.0
        },
        "27": {
            "volt_mag": -484.3555621259313,
            "gic_blocker": 0.0
        }
    },
    "bus": {
        "5": {
            "qd": 2.8000000000000003,
            "pd": 9.600000000000001
        },
        "16": {
            "qd": 2.2,
            "pd": 4.5
        },
        "20": {
            "qd": 0.0,
            "pd": 0.0
        },
        "12": {
            "qd": 0.0,
            "pd": 0.0
        },
        "8": {
            "qd": 0.0,
            "pd": 0.0
        },
        "17": {
            "qd": 0.0,
            "pd": 0.0
        },
        "1": {
            "qd": 0.0,
            "pd": 0.0
        },
        "19": {
            "qd": 0.0,
            "pd": 0.0
        },
        "6": {
            "qd": 1.5,
            "pd": 2.4000000000000004
        },
        "11": {
            "qd": 0.0,
            "pd": 0.0
        },
        "14": {
            "qd": 0.0,
            "pd": 0.0
        },
        "3": {
            "qd": 0.0,
            "pd": 0.0
        },
        "7": {
            "qd": 0.0,
            "pd": 0.0
        },
        "4": {
            "qd": 6.300000000000001,
            "pd": 15.0
        },
        "13": {
            "qd": 0.0,
            "pd": 0.0
        },
        "15": {
            "qd": 4.5,
            "pd": 10.2
        },
        "2": {
            "qd": 0.0,
            "pd": 0.0
        },
        "21": {
            "qd": 0.0,
            "pd": 0.0
        },
        "18": {
            "qd": 0.0,
            "pd": 0.0
        }
    }
}
