{
    "gmd_bus": {
        "5": {
            "volt_mag": -108.16883433514582,
            "gic_blocker": -6.534214000329657e-9
        },
        "16": {
            "volt_mag": 0.0,
            "gic_blocker": 0.0
        },
        "20": {
            "volt_mag": 0.0,
            "gic_blocker": 0.0
        },
        "12": {
            "volt_mag": -343.5793138532742,
            "gic_blocker": 0.0
        },
        "24": {
            "volt_mag": 0.0,
            "gic_blocker": 0.0
        },
        "8": {
            "volt_mag": 1020.4308082227384,
            "gic_blocker": 1.0
        },
        "17": {
            "volt_mag": 476.34152326437294,
            "gic_blocker": 0.0
        },
        "1": {
            "volt_mag": 0.0,
            "gic_blocker": 0.0
        },
        "19": {
            "volt_mag": 0.0,
            "gic_blocker": 0.0
        },
        "22": {
            "volt_mag": 88.57356896894849,
            "gic_blocker": 0.0
        },
        "23": {
            "volt_mag": -46.35996005553205,
            "gic_blocker": 0.0
        },
        "6": {
            "volt_mag": 163.54863566871762,
            "gic_blocker": -8.371033279725762e-9
        },
        "11": {
            "volt_mag": -340.91149776554056,
            "gic_blocker": 0.0
        },
        "9": {
            "volt_mag": 0.0,
            "gic_blocker": 0.0
        },
        "14": {
            "volt_mag": 204.43579492816482,
            "gic_blocker": 0.0
        },
        "3": {
            "volt_mag": 88.57356871206116,
            "gic_blocker": 0.9999999129918772
        },
        "7": {
            "volt_mag": 0.0,
            "gic_blocker": 0.0
        },
        "25": {
            "volt_mag": 0.0,
            "gic_blocker": 0.0
        },
        "4": {
            "volt_mag": -339.8290205331907,
            "gic_blocker": -5.911864059814918e-9
        },
        "13": {
            "volt_mag": -113.94832283262745,
            "gic_blocker": 0.0
        },
        "15": {
            "volt_mag": 0.0,
            "gic_blocker": 0.0
        },
        "2": {
            "volt_mag": -42.79380949203803,
            "gic_blocker": 5.379683882012609e-8
        },
        "10": {
            "volt_mag": -695.3822106695307,
            "gic_blocker": 0.0
        },
        "18": {
            "volt_mag": 1020.4308082227384,
            "gic_blocker": 0.0
        },
        "21": {
            "volt_mag": 84.68084230625605,
            "gic_blocker": 0.0
        },
        "26": {
            "volt_mag": -110.31648487638697,
            "gic_blocker": 0.0
        },
        "27": {
            "volt_mag": -730.7484102640967,
            "gic_blocker": 0.0
        }
    },
    "bus": {
        "5": {
            "qd": 3.8500000000000005,
            "pd": 13.200000000000001
        },
        "16": {
            "qd": 1.9,
            "pd": 4.5
        },
        "20": {
            "qd": 0.0,
            "pd": 0.0
        },
        "12": {
            "qd": 0.0,
            "pd": 0.0
        },
        "8": {
            "qd": 0.0,
            "pd": 0.0
        },
        "17": {
            "qd": 0.0,
            "pd": 0.0
        },
        "1": {
            "qd": 0.0,
            "pd": 0.0
        },
        "19": {
            "qd": 0.0,
            "pd": 0.0
        },
        "6": {
            "qd": 1.7249999999999999,
            "pd": 3.3000000000000003
        },
        "11": {
            "qd": 0.0,
            "pd": 0.0
        },
        "14": {
            "qd": 0.0,
            "pd": 0.0
        },
        "3": {
            "qd": 0.0,
            "pd": 0.0
        },
        "7": {
            "qd": 0.0,
            "pd": 0.0
        },
        "4": {
            "qd": 6.0,
            "pd": 15.75
        },
        "13": {
            "qd": 0.0,
            "pd": 0.0
        },
        "15": {
            "qd": 5.0,
            "pd": 13.200000000000001
        },
        "2": {
            "qd": 0.0,
            "pd": 0.0
        },
        "21": {
            "qd": 0.0,
            "pd": 0.0
        },
        "18": {
            "qd": 0.0,
            "pd": 0.0
        }
    }
}
