{
    "gmd_bus": {
        "5": {
            "volt_mag": -484.43121948173444,
            "gic_blocker": 1.0000000099662762
        },
        "16": {
            "volt_mag": 0.0,
            "gic_blocker": 0.0
        },
        "20": {
            "volt_mag": 0.0,
            "gic_blocker": 0.0
        },
        "12": {
            "volt_mag": -618.1807927935515,
            "gic_blocker": 0.0
        },
        "24": {
            "volt_mag": 0.0,
            "gic_blocker": 0.0
        },
        "8": {
            "volt_mag": 1266.8236563176522,
            "gic_blocker": 1.0000000000001334
        },
        "17": {
            "volt_mag": 722.7343713579487,
            "gic_blocker": 0.0
        },
        "1": {
            "volt_mag": 0.0,
            "gic_blocker": 0.0
        },
        "19": {
            "volt_mag": 0.0,
            "gic_blocker": 0.0
        },
        "22": {
            "volt_mag": -1.1585786186052073e-5,
            "gic_blocker": 0.0
        },
        "23": {
            "volt_mag": -413.1934438701641,
            "gic_blocker": 0.0
        },
        "6": {
            "volt_mag": 450.82864302050945,
            "gic_blocker": 0.9999999999963244
        },
        "11": {
            "volt_mag": -618.170812122489,
            "gic_blocker": 0.0
        },
        "9": {
            "volt_mag": 0.0,
            "gic_blocker": 0.0
        },
        "14": {
            "volt_mag": 450.8286430209237,
            "gic_blocker": 0.0
        },
        "3": {
            "volt_mag": -1.1212051156834306e-5,
            "gic_blocker": 0.0
        },
        "7": {
            "volt_mag": 0.0,
            "gic_blocker": 0.0
        },
        "25": {
            "volt_mag": 0.0,
            "gic_blocker": 0.0
        },
        "4": {
            "volt_mag": -618.1720597310831,
            "gic_blocker": 1.0000000096048614
        },
        "13": {
            "volt_mag": -484.4316108698749,
            "gic_blocker": 0.0
        },
        "15": {
            "volt_mag": 0.0,
            "gic_blocker": 0.0
        },
        "2": {
            "volt_mag": -413.19344390063355,
            "gic_blocker": 1.0000000008848915
        },
        "10": {
            "volt_mag": -1017.3528278860673,
            "gic_blocker": 0.0
        },
        "18": {
            "volt_mag": 1266.823656317624,
            "gic_blocker": 0.0
        },
        "21": {
            "volt_mag": 0.013176086080281108,
            "gic_blocker": 0.0
        },
        "26": {
            "volt_mag": -484.43063191671155,
            "gic_blocker": 0.0
        },
        "27": {
            "volt_mag": -484.355562170521,
            "gic_blocker": 0.0
        }
    },
    "bus": {
        "5": {
            "qd": 2.975,
            "pd": 9.600000000000001
        },
        "16": {
            "qd": 2.0,
            "pd": 5.5
        },
        "20": {
            "qd": 0.0,
            "pd": 0.0
        },
        "12": {
            "qd": 0.0,
            "pd": 0.0
        },
        "8": {
            "qd": 0.0,
            "pd": 0.0
        },
        "17": {
            "qd": 0.0,
            "pd": 0.0
        },
        "1": {
            "qd": 0.0,
            "pd": 0.0
        },
        "19": {
            "qd": 0.0,
            "pd": 0.0
        },
        "6": {
            "qd": 1.4249999999999998,
            "pd": 3.1500000000000004
        },
        "11": {
            "qd": 0.0,
            "pd": 0.0
        },
        "14": {
            "qd": 0.0,
            "pd": 0.0
        },
        "3": {
            "qd": 0.0,
            "pd": 0.0
        },
        "7": {
            "qd": 0.0,
            "pd": 0.0
        },
        "4": {
            "qd": 5.1,
            "pd": 13.5
        },
        "13": {
            "qd": 0.0,
            "pd": 0.0
        },
        "15": {
            "qd": 4.25,
            "pd": 13.200000000000001
        },
        "2": {
            "qd": 0.0,
            "pd": 0.0
        },
        "21": {
            "qd": 0.0,
            "pd": 0.0
        },
        "18": {
            "qd": 0.0,
            "pd": 0.0
        }
    }
}
