{
    "gmd_bus": {
        "5": {
            "volt_mag": -484.4312194381362,
            "gic_blocker": 1.000000009964949
        },
        "16": {
            "volt_mag": 0.0,
            "gic_blocker": 0.0
        },
        "20": {
            "volt_mag": 0.0,
            "gic_blocker": 0.0
        },
        "12": {
            "volt_mag": -618.1807927503694,
            "gic_blocker": 0.0
        },
        "24": {
            "volt_mag": 0.0,
            "gic_blocker": 0.0
        },
        "8": {
            "volt_mag": 1266.8236563351427,
            "gic_blocker": 0.9999999999995074
        },
        "17": {
            "volt_mag": 722.7343713817173,
            "gic_blocker": 0.0
        },
        "1": {
            "volt_mag": 0.0,
            "gic_blocker": 0.0
        },
        "19": {
            "volt_mag": 0.0,
            "gic_blocker": 0.0
        },
        "22": {
            "volt_mag": -1.1563313351816724e-5,
            "gic_blocker": 0.0
        },
        "23": {
            "volt_mag": -413.19344376608467,
            "gic_blocker": 0.0
        },
        "6": {
            "volt_mag": 450.82864304790115,
            "gic_blocker": 0.9999999999944619
        },
        "11": {
            "volt_mag": -618.1708120790037,
            "gic_blocker": 0.0
        },
        "9": {
            "volt_mag": 0.0,
            "gic_blocker": 0.0
        },
        "14": {
            "volt_mag": 450.82864304852535,
            "gic_blocker": 0.0
        },
        "3": {
            "volt_mag": -1.1190303252718041e-5,
            "gic_blocker": 0.0
        },
        "7": {
            "volt_mag": 0.0,
            "gic_blocker": 0.0
        },
        "25": {
            "volt_mag": 0.0,
            "gic_blocker": 0.0
        },
        "4": {
            "volt_mag": -618.1720596875764,
            "gic_blocker": 1.0000000095818564
        },
        "13": {
            "volt_mag": -484.43161082638863,
            "gic_blocker": 0.0
        },
        "15": {
            "volt_mag": 0.0,
            "gic_blocker": 0.0
        },
        "2": {
            "volt_mag": -413.19344379481385,
            "gic_blocker": 1.0000000008343506
        },
        "10": {
            "volt_mag": -1017.3528278123362,
            "gic_blocker": 0.0
        },
        "18": {
            "volt_mag": 1266.8236563352466,
            "gic_blocker": 0.0
        },
        "21": {
            "volt_mag": 0.013176108958422203,
            "gic_blocker": 0.0
        },
        "26": {
            "volt_mag": -484.4306318730097,
            "gic_blocker": 0.0
        },
        "27": {
            "volt_mag": -484.3555621467524,
            "gic_blocker": 0.0
        }
    },
    "bus": {
        "5": {
            "qd": 2.8000000000000003,
            "pd": 13.200000000000001
        },
        "16": {
            "qd": 2.1,
            "pd": 5.75
        },
        "20": {
            "qd": 0.0,
            "pd": 0.0
        },
        "12": {
            "qd": 0.0,
            "pd": 0.0
        },
        "8": {
            "qd": 0.0,
            "pd": 0.0
        },
        "17": {
            "qd": 0.0,
            "pd": 0.0
        },
        "1": {
            "qd": 0.0,
            "pd": 0.0
        },
        "19": {
            "qd": 0.0,
            "pd": 0.0
        },
        "6": {
            "qd": 1.35,
            "pd": 3.1500000000000004
        },
        "11": {
            "qd": 0.0,
            "pd": 0.0
        },
        "14": {
            "qd": 0.0,
            "pd": 0.0
        },
        "3": {
            "qd": 0.0,
            "pd": 0.0
        },
        "7": {
            "qd": 0.0,
            "pd": 0.0
        },
        "4": {
            "qd": 6.6000000000000005,
            "pd": 12.0
        },
        "13": {
            "qd": 0.0,
            "pd": 0.0
        },
        "15": {
            "qd": 4.0,
            "pd": 12.0
        },
        "2": {
            "qd": 0.0,
            "pd": 0.0
        },
        "21": {
            "qd": 0.0,
            "pd": 0.0
        },
        "18": {
            "qd": 0.0,
            "pd": 0.0
        }
    }
}
