{
    "gmd_bus": {
        "5": {
            "volt_mag": -114.27849295369424,
            "gic_blocker": -7.452138571254217e-9
        },
        "16": {
            "volt_mag": 0.0,
            "gic_blocker": 0.0
        },
        "20": {
            "volt_mag": 0.0,
            "gic_blocker": 0.0
        },
        "12": {
            "volt_mag": -359.7399985981475,
            "gic_blocker": 0.0
        },
        "24": {
            "volt_mag": 0.0,
            "gic_blocker": 0.0
        },
        "8": {
            "volt_mag": 1010.5049667634531,
            "gic_blocker": 1.0
        },
        "17": {
            "volt_mag": 466.41568180508773,
            "gic_blocker": 0.0
        },
        "1": {
            "volt_mag": 0.0,
            "gic_blocker": 0.0
        },
        "19": {
            "volt_mag": 0.0,
            "gic_blocker": 0.0
        },
        "22": {
            "volt_mag": 38.824525407360674,
            "gic_blocker": 0.0
        },
        "23": {
            "volt_mag": -53.16051797261642,
            "gic_blocker": 0.0
        },
        "6": {
            "volt_mag": 155.60796250779435,
            "gic_blocker": -8.589192308349469e-9
        },
        "11": {
            "volt_mag": -356.93035925440853,
            "gic_blocker": 0.0
        },
        "9": {
            "volt_mag": 0.0,
            "gic_blocker": 0.0
        },
        "14": {
            "volt_mag": 194.50995346887962,
            "gic_blocker": 0.0
        },
        "3": {
            "volt_mag": 37.57212139226204,
            "gic_blocker": 0.0
        },
        "7": {
            "volt_mag": 0.0,
            "gic_blocker": 0.0
        },
        "25": {
            "volt_mag": 0.0,
            "gic_blocker": 0.0
        },
        "4": {
            "volt_mag": -355.7990680638918,
            "gic_blocker": -6.470697475861677e-9
        },
        "13": {
            "volt_mag": -120.250154795603,
            "gic_blocker": 0.0
        },
        "15": {
            "volt_mag": 0.0,
            "gic_blocker": 0.0
        },
        "2": {
            "volt_mag": -49.071247397085344,
            "gic_blocker": 0.0
        },
        "10": {
            "volt_mag": -706.7997192756977,
            "gic_blocker": 0.0
        },
        "18": {
            "volt_mag": 1010.5049667634531,
            "gic_blocker": 0.0
        },
        "21": {
            "volt_mag": 36.213140507831284,
            "gic_blocker": 0.0
        },
        "26": {
            "volt_mag": -116.74884934742515,
            "gic_blocker": 0.0
        },
        "27": {
            "volt_mag": -740.674251723382,
            "gic_blocker": 0.0
        }
    },
    "bus": {
        "5": {
            "qd": 3.3249999999999997,
            "pd": 14.399999999999999
        },
        "16": {
            "qd": 1.6,
            "pd": 5.75
        },
        "20": {
            "qd": 0.0,
            "pd": 0.0
        },
        "12": {
            "qd": 0.0,
            "pd": 0.0
        },
        "8": {
            "qd": 0.0,
            "pd": 0.0
        },
        "17": {
            "qd": 0.0,
            "pd": 0.0
        },
        "1": {
            "qd": 0.0,
            "pd": 0.0
        },
        "19": {
            "qd": 0.0,
            "pd": 0.0
        },
        "6": {
            "qd": 1.6500000000000001,
            "pd": 2.55
        },
        "11": {
            "qd": 0.0,
            "pd": 0.0
        },
        "14": {
            "qd": 0.0,
            "pd": 0.0
        },
        "3": {
            "qd": 0.0,
            "pd": 0.0
        },
        "7": {
            "qd": 0.0,
            "pd": 0.0
        },
        "4": {
            "qd": 5.4,
            "pd": 12.0
        },
        "13": {
            "qd": 0.0,
            "pd": 0.0
        },
        "15": {
            "qd": 5.75,
            "pd": 14.399999999999999
        },
        "2": {
            "qd": 0.0,
            "pd": 0.0
        },
        "21": {
            "qd": 0.0,
            "pd": 0.0
        },
        "18": {
            "qd": 0.0,
            "pd": 0.0
        }
    }
}
