{
    "gmd_bus": {
        "5": {
            "volt_mag": -484.43121940146676,
            "gic_blocker": 1.0000000099651944
        },
        "16": {
            "volt_mag": 0.0,
            "gic_blocker": 0.0
        },
        "20": {
            "volt_mag": 0.0,
            "gic_blocker": 0.0
        },
        "12": {
            "volt_mag": -618.1807927149331,
            "gic_blocker": 0.0
        },
        "24": {
            "volt_mag": 0.0,
            "gic_blocker": 0.0
        },
        "8": {
            "volt_mag": 1266.8236563678342,
            "gic_blocker": 0.9999999999997391
        },
        "17": {
            "volt_mag": 722.734371412085,
            "gic_blocker": 0.0
        },
        "1": {
            "volt_mag": 0.0,
            "gic_blocker": 0.0
        },
        "19": {
            "volt_mag": 0.0,
            "gic_blocker": 0.0
        },
        "22": {
            "volt_mag": -1.1543035765072615e-5,
            "gic_blocker": 0.0
        },
        "23": {
            "volt_mag": -413.1934436735317,
            "gic_blocker": 0.0
        },
        "6": {
            "volt_mag": 450.82864307690414,
            "gic_blocker": 0.9999999999949425
        },
        "11": {
            "volt_mag": -618.1708120433796,
            "gic_blocker": 0.0
        },
        "9": {
            "volt_mag": 0.0,
            "gic_blocker": 0.0
        },
        "14": {
            "volt_mag": 450.8286430774742,
            "gic_blocker": 0.0
        },
        "3": {
            "volt_mag": -1.117067978165953e-5,
            "gic_blocker": 0.0
        },
        "7": {
            "volt_mag": 0.0,
            "gic_blocker": 0.0
        },
        "25": {
            "volt_mag": 0.0,
            "gic_blocker": 0.0
        },
        "4": {
            "volt_mag": -618.1720596519785,
            "gic_blocker": 1.000000009582916
        },
        "13": {
            "volt_mag": -484.4316107897904,
            "gic_blocker": 0.0
        },
        "15": {
            "volt_mag": 0.0,
            "gic_blocker": 0.0
        },
        "2": {
            "volt_mag": -413.19344370067984,
            "gic_blocker": 1.0000000007884358
        },
        "10": {
            "volt_mag": -1017.3528277482958,
            "gic_blocker": 0.0
        },
        "18": {
            "volt_mag": 1266.8236563678893,
            "gic_blocker": 0.0
        },
        "21": {
            "volt_mag": 0.013176129630070922,
            "gic_blocker": 0.0
        },
        "26": {
            "volt_mag": -484.4306318362216,
            "gic_blocker": 0.0
        },
        "27": {
            "volt_mag": -484.3555621163846,
            "gic_blocker": 0.0
        }
    },
    "bus": {
        "5": {
            "qd": 2.8000000000000003,
            "pd": 9.600000000000001
        },
        "16": {
            "qd": 2.2,
            "pd": 5.5
        },
        "20": {
            "qd": 0.0,
            "pd": 0.0
        },
        "12": {
            "qd": 0.0,
            "pd": 0.0
        },
        "8": {
            "qd": 0.0,
            "pd": 0.0
        },
        "17": {
            "qd": 0.0,
            "pd": 0.0
        },
        "1": {
            "qd": 0.0,
            "pd": 0.0
        },
        "19": {
            "qd": 0.0,
            "pd": 0.0
        },
        "6": {
            "qd": 1.4249999999999998,
            "pd": 2.8499999999999996
        },
        "11": {
            "qd": 0.0,
            "pd": 0.0
        },
        "14": {
            "qd": 0.0,
            "pd": 0.0
        },
        "3": {
            "qd": 0.0,
            "pd": 0.0
        },
        "7": {
            "qd": 0.0,
            "pd": 0.0
        },
        "4": {
            "qd": 6.0,
            "pd": 18.0
        },
        "13": {
            "qd": 0.0,
            "pd": 0.0
        },
        "15": {
            "qd": 4.5,
            "pd": 9.600000000000001
        },
        "2": {
            "qd": 0.0,
            "pd": 0.0
        },
        "21": {
            "qd": 0.0,
            "pd": 0.0
        },
        "18": {
            "qd": 0.0,
            "pd": 0.0
        }
    }
}
