{
    "gmd_bus": {
        "5": {
            "volt_mag": -108.16883360476977,
            "gic_blocker": -5.79268834540698e-9
        },
        "16": {
            "volt_mag": 0.0,
            "gic_blocker": 0.0
        },
        "20": {
            "volt_mag": 0.0,
            "gic_blocker": 0.0
        },
        "12": {
            "volt_mag": -343.5793117501374,
            "gic_blocker": 0.0
        },
        "24": {
            "volt_mag": 0.0,
            "gic_blocker": 0.0
        },
        "8": {
            "volt_mag": 1020.4308096820398,
            "gic_blocker": 1.0
        },
        "17": {
            "volt_mag": 476.34152472367424,
            "gic_blocker": 0.0
        },
        "1": {
            "volt_mag": 0.0,
            "gic_blocker": 0.0
        },
        "19": {
            "volt_mag": 0.0,
            "gic_blocker": 0.0
        },
        "22": {
            "volt_mag": 88.57357619362891,
            "gic_blocker": 0.0
        },
        "23": {
            "volt_mag": -46.35996118389545,
            "gic_blocker": 0.0
        },
        "6": {
            "volt_mag": 163.5486368494175,
            "gic_blocker": -7.965684986332666e-9
        },
        "11": {
            "volt_mag": -340.91149568901557,
            "gic_blocker": 0.0
        },
        "9": {
            "volt_mag": 0.0,
            "gic_blocker": 0.0
        },
        "14": {
            "volt_mag": 204.43579638746613,
            "gic_blocker": 0.0
        },
        "3": {
            "volt_mag": 88.57357613064764,
            "gic_blocker": 0.9999999786681516
        },
        "7": {
            "volt_mag": 0.0,
            "gic_blocker": 0.0
        },
        "25": {
            "volt_mag": 0.0,
            "gic_blocker": 0.0
        },
        "4": {
            "volt_mag": -339.82901846282925,
            "gic_blocker": -5.30197081779473e-9
        },
        "13": {
            "volt_mag": -113.94832207464052,
            "gic_blocker": 0.0
        },
        "15": {
            "volt_mag": 0.0,
            "gic_blocker": 0.0
        },
        "2": {
            "volt_mag": -42.793810746374284,
            "gic_blocker": 1.1843259713862567e-7
        },
        "10": {
            "volt_mag": -695.3822101927384,
            "gic_blocker": 0.0
        },
        "18": {
            "volt_mag": 1020.4308096820398,
            "gic_blocker": 0.0
        },
        "21": {
            "volt_mag": 84.68084934163522,
            "gic_blocker": 0.0
        },
        "26": {
            "volt_mag": -110.31648410636865,
            "gic_blocker": 0.0
        },
        "27": {
            "volt_mag": -730.7484088047956,
            "gic_blocker": 0.0
        }
    },
    "bus": {
        "5": {
            "qd": 2.975,
            "pd": 13.200000000000001
        },
        "16": {
            "qd": 2.3,
            "pd": 5.5
        },
        "20": {
            "qd": 0.0,
            "pd": 0.0
        },
        "12": {
            "qd": 0.0,
            "pd": 0.0
        },
        "8": {
            "qd": 0.0,
            "pd": 0.0
        },
        "17": {
            "qd": 0.0,
            "pd": 0.0
        },
        "1": {
            "qd": 0.0,
            "pd": 0.0
        },
        "19": {
            "qd": 0.0,
            "pd": 0.0
        },
        "6": {
            "qd": 1.35,
            "pd": 2.8499999999999996
        },
        "11": {
            "qd": 0.0,
            "pd": 0.0
        },
        "14": {
            "qd": 0.0,
            "pd": 0.0
        },
        "3": {
            "qd": 0.0,
            "pd": 0.0
        },
        "7": {
            "qd": 0.0,
            "pd": 0.0
        },
        "4": {
            "qd": 6.6000000000000005,
            "pd": 16.5
        },
        "13": {
            "qd": 0.0,
            "pd": 0.0
        },
        "15": {
            "qd": 5.5,
            "pd": 13.799999999999999
        },
        "2": {
            "qd": 0.0,
            "pd": 0.0
        },
        "21": {
            "qd": 0.0,
            "pd": 0.0
        },
        "18": {
            "qd": 0.0,
            "pd": 0.0
        }
    }
}
