{
    "gmd_bus": {
        "5": {
            "volt_mag": -114.27850218972728,
            "gic_blocker": 8.824159866823537e-8
        },
        "16": {
            "volt_mag": 0.0,
            "gic_blocker": 0.0
        },
        "20": {
            "volt_mag": 0.0,
            "gic_blocker": 0.0
        },
        "12": {
            "volt_mag": -359.7400096333836,
            "gic_blocker": 0.0
        },
        "24": {
            "volt_mag": 0.0,
            "gic_blocker": 0.0
        },
        "8": {
            "volt_mag": 1010.5049704455718,
            "gic_blocker": 1.0
        },
        "17": {
            "volt_mag": 466.41568548720625,
            "gic_blocker": 1.0
        },
        "1": {
            "volt_mag": 0.0,
            "gic_blocker": 1.0
        },
        "19": {
            "volt_mag": 0.0,
            "gic_blocker": 0.0
        },
        "22": {
            "volt_mag": 38.824523679419435,
            "gic_blocker": 1.0
        },
        "23": {
            "volt_mag": -53.16051958353657,
            "gic_blocker": 0.0
        },
        "6": {
            "volt_mag": 155.6079670292477,
            "gic_blocker": 4.2043128582338065e-8
        },
        "11": {
            "volt_mag": -356.93037048152377,
            "gic_blocker": 1.0
        },
        "9": {
            "volt_mag": 0.0,
            "gic_blocker": 0.0
        },
        "14": {
            "volt_mag": 194.50995715099816,
            "gic_blocker": 0.0
        },
        "3": {
            "volt_mag": 37.57211972006085,
            "gic_blocker": 0.0
        },
        "7": {
            "volt_mag": 0.0,
            "gic_blocker": 0.0
        },
        "25": {
            "volt_mag": 0.0,
            "gic_blocker": 0.0
        },
        "4": {
            "volt_mag": -355.7990794019071,
            "gic_blocker": 1.1638063310603473e-7
        },
        "13": {
            "volt_mag": -120.25016397671996,
            "gic_blocker": 0.0
        },
        "15": {
            "volt_mag": 0.0,
            "gic_blocker": 0.0
        },
        "2": {
            "volt_mag": -49.07124888408857,
            "gic_blocker": 0.0
        },
        "10": {
            "volt_mag": -706.799725702851,
            "gic_blocker": 0.0
        },
        "18": {
            "volt_mag": 1010.5049704455718,
            "gic_blocker": 0.0
        },
        "21": {
            "volt_mag": 36.21313875053699,
            "gic_blocker": 0.0
        },
        "26": {
            "volt_mag": -116.74885849586188,
            "gic_blocker": 1.0
        },
        "27": {
            "volt_mag": -740.6742480412634,
            "gic_blocker": 0.0
        }
    },
    "bus": {
        "5": {
            "qd": 3.6750000000000003,
            "pd": 13.799999999999999
        },
        "16": {
            "qd": 2.1,
            "pd": 5.25
        },
        "20": {
            "qd": 0.0,
            "pd": 0.0
        },
        "12": {
            "qd": 0.0,
            "pd": 0.0
        },
        "8": {
            "qd": 0.0,
            "pd": 0.0
        },
        "17": {
            "qd": 0.0,
            "pd": 0.0
        },
        "1": {
            "qd": 0.0,
            "pd": 0.0
        },
        "19": {
            "qd": 0.0,
            "pd": 0.0
        },
        "6": {
            "qd": 1.5750000000000002,
            "pd": 3.4499999999999997
        },
        "11": {
            "qd": 0.0,
            "pd": 0.0
        },
        "14": {
            "qd": 0.0,
            "pd": 0.0
        },
        "3": {
            "qd": 0.0,
            "pd": 0.0
        },
        "7": {
            "qd": 0.0,
            "pd": 0.0
        },
        "4": {
            "qd": 5.699999999999999,
            "pd": 15.75
        },
        "13": {
            "qd": 0.0,
            "pd": 0.0
        },
        "15": {
            "qd": 5.0,
            "pd": 10.8
        },
        "2": {
            "qd": 0.0,
            "pd": 0.0
        },
        "21": {
            "qd": 0.0,
            "pd": 0.0
        },
        "18": {
            "qd": 0.0,
            "pd": 0.0
        }
    }
}
