{
    "gmd_bus": {
        "5": {
            "volt_mag": -484.43121940266354,
            "gic_blocker": 1.0000000099627175
        },
        "16": {
            "volt_mag": 0.0,
            "gic_blocker": 0.0
        },
        "20": {
            "volt_mag": 0.0,
            "gic_blocker": 0.0
        },
        "12": {
            "volt_mag": -618.1807927163102,
            "gic_blocker": 0.0
        },
        "24": {
            "volt_mag": 0.0,
            "gic_blocker": 0.0
        },
        "8": {
            "volt_mag": 1266.823656362501,
            "gic_blocker": 0.9999999999996094
        },
        "17": {
            "volt_mag": 722.7343714080523,
            "gic_blocker": 0.0
        },
        "1": {
            "volt_mag": 0.0,
            "gic_blocker": 0.0
        },
        "19": {
            "volt_mag": 0.0,
            "gic_blocker": 0.0
        },
        "22": {
            "volt_mag": -1.1545433727719759e-5,
            "gic_blocker": 0.0
        },
        "23": {
            "volt_mag": -413.1934436949891,
            "gic_blocker": 0.0
        },
        "6": {
            "volt_mag": 450.8286430735827,
            "gic_blocker": 0.9999999999942071
        },
        "11": {
            "volt_mag": -618.170812044749,
            "gic_blocker": 0.0
        },
        "9": {
            "volt_mag": 0.0,
            "gic_blocker": 0.0
        },
        "14": {
            "volt_mag": 450.8286430742356,
            "gic_blocker": 0.0
        },
        "3": {
            "volt_mag": -1.1173000390674768e-5,
            "gic_blocker": 0.0
        },
        "7": {
            "volt_mag": 0.0,
            "gic_blocker": 0.0
        },
        "25": {
            "volt_mag": 0.0,
            "gic_blocker": 0.0
        },
        "4": {
            "volt_mag": -618.1720596533036,
            "gic_blocker": 1.0000000095652897
        },
        "13": {
            "volt_mag": -484.4316107910036,
            "gic_blocker": 0.0
        },
        "15": {
            "volt_mag": 0.0,
            "gic_blocker": 0.0
        },
        "2": {
            "volt_mag": -413.1934437226296,
            "gic_blocker": 1.000000000802734
        },
        "10": {
            "volt_mag": -1017.3528277596922,
            "gic_blocker": 0.0
        },
        "18": {
            "volt_mag": 1266.8236563625835,
            "gic_blocker": 0.0
        },
        "21": {
            "volt_mag": 0.013176127230427735,
            "gic_blocker": 0.0
        },
        "26": {
            "volt_mag": -484.4306318375137,
            "gic_blocker": 0.0
        },
        "27": {
            "volt_mag": -484.3555621204172,
            "gic_blocker": 0.0
        }
    },
    "bus": {
        "5": {
            "qd": 4.2,
            "pd": 9.600000000000001
        },
        "16": {
            "qd": 2.3,
            "pd": 4.75
        },
        "20": {
            "qd": 0.0,
            "pd": 0.0
        },
        "12": {
            "qd": 0.0,
            "pd": 0.0
        },
        "8": {
            "qd": 0.0,
            "pd": 0.0
        },
        "17": {
            "qd": 0.0,
            "pd": 0.0
        },
        "1": {
            "qd": 0.0,
            "pd": 0.0
        },
        "19": {
            "qd": 0.0,
            "pd": 0.0
        },
        "6": {
            "qd": 1.35,
            "pd": 3.3000000000000003
        },
        "11": {
            "qd": 0.0,
            "pd": 0.0
        },
        "14": {
            "qd": 0.0,
            "pd": 0.0
        },
        "3": {
            "qd": 0.0,
            "pd": 0.0
        },
        "7": {
            "qd": 0.0,
            "pd": 0.0
        },
        "4": {
            "qd": 6.300000000000001,
            "pd": 15.0
        },
        "13": {
            "qd": 0.0,
            "pd": 0.0
        },
        "15": {
            "qd": 4.5,
            "pd": 12.0
        },
        "2": {
            "qd": 0.0,
            "pd": 0.0
        },
        "21": {
            "qd": 0.0,
            "pd": 0.0
        },
        "18": {
            "qd": 0.0,
            "pd": 0.0
        }
    }
}
