{
    "gmd_bus": {
        "5": {
            "volt_mag": -121.88679076205877,
            "gic_blocker": 0.0
        },
        "16": {
            "volt_mag": 0.0,
            "gic_blocker": 0.0
        },
        "20": {
            "volt_mag": 0.0,
            "gic_blocker": 0.0
        },
        "12": {
            "volt_mag": -374.1543467581076,
            "gic_blocker": 0.0
        },
        "24": {
            "volt_mag": 0.0,
            "gic_blocker": 0.0
        },
        "8": {
            "volt_mag": 68.88654051739024,
            "gic_blocker": 0.0
        },
        "17": {
            "volt_mag": 70.14903454021989,
            "gic_blocker": 0.0
        },
        "1": {
            "volt_mag": 0.0,
            "gic_blocker": 0.0
        },
        "19": {
            "volt_mag": 0.0,
            "gic_blocker": 0.0
        },
        "22": {
            "volt_mag": 22.870582215547756,
            "gic_blocker": 0.0
        },
        "23": {
            "volt_mag": -56.373609848439145,
            "gic_blocker": 0.0
        },
        "6": {
            "volt_mag": 104.95593478008755,
            "gic_blocker": 0.0
        },
        "11": {
            "volt_mag": -371.20866345250784,
            "gic_blocker": 0.0
        },
        "9": {
            "volt_mag": 0.0,
            "gic_blocker": 0.0
        },
        "14": {
            "volt_mag": 131.1949184751094,
            "gic_blocker": 0.0
        },
        "3": {
            "volt_mag": 22.13282151676623,
            "gic_blocker": 0.0
        },
        "7": {
            "volt_mag": 0.0,
            "gic_blocker": 0.0
        },
        "25": {
            "volt_mag": 0.0,
            "gic_blocker": 0.0
        },
        "4": {
            "volt_mag": -370.03506112969774,
            "gic_blocker": 0.0
        },
        "13": {
            "volt_mag": -128.3374265891275,
            "gic_blocker": 0.0
        },
        "15": {
            "volt_mag": 0.0,
            "gic_blocker": 0.0
        },
        "2": {
            "volt_mag": -52.03717836166473,
            "gic_blocker": 0.0
        },
        "10": {
            "volt_mag": -715.5547787444036,
            "gic_blocker": 0.0
        },
        "18": {
            "volt_mag": 80.36763048881105,
            "gic_blocker": 0.0
        },
        "21": {
            "volt_mag": 19.343757656245625,
            "gic_blocker": 0.0
        },
        "26": {
            "volt_mag": -124.39951585576273,
            "gic_blocker": 0.0
        },
        "27": {
            "volt_mag": -1136.9408989882497,
            "gic_blocker": 0.0
        }
    },
    "bus": {
        "5": {
            "qd": 2.8000000000000003,
            "pd": 12.600000000000001
        },
        "16": {
            "qd": 2.1,
            "pd": 5.5
        },
        "20": {
            "qd": 0.0,
            "pd": 0.0
        },
        "12": {
            "qd": 0.0,
            "pd": 0.0
        },
        "8": {
            "qd": 0.0,
            "pd": 0.0
        },
        "17": {
            "qd": 0.0,
            "pd": 0.0
        },
        "1": {
            "qd": 0.0,
            "pd": 0.0
        },
        "19": {
            "qd": 0.0,
            "pd": 0.0
        },
        "6": {
            "qd": 1.35,
            "pd": 3.4499999999999997
        },
        "11": {
            "qd": 0.0,
            "pd": 0.0
        },
        "14": {
            "qd": 0.0,
            "pd": 0.0
        },
        "3": {
            "qd": 0.0,
            "pd": 0.0
        },
        "7": {
            "qd": 0.0,
            "pd": 0.0
        },
        "4": {
            "qd": 6.0,
            "pd": 15.75
        },
        "13": {
            "qd": 0.0,
            "pd": 0.0
        },
        "15": {
            "qd": 4.0,
            "pd": 13.200000000000001
        },
        "2": {
            "qd": 0.0,
            "pd": 0.0
        },
        "21": {
            "qd": 0.0,
            "pd": 0.0
        },
        "18": {
            "qd": 0.0,
            "pd": 0.0
        }
    }
}
