{
    "gmd_bus": {
        "5": {
            "volt_mag": -484.43121940881696,
            "gic_blocker": 1.0000000099640278
        },
        "16": {
            "volt_mag": 0.0,
            "gic_blocker": 0.0
        },
        "20": {
            "volt_mag": 0.0,
            "gic_blocker": 0.0
        },
        "12": {
            "volt_mag": -618.1807927221743,
            "gic_blocker": 0.0
        },
        "24": {
            "volt_mag": 0.0,
            "gic_blocker": 0.0
        },
        "8": {
            "volt_mag": 1266.823656368756,
            "gic_blocker": 1.0000000000000477
        },
        "17": {
            "volt_mag": 722.7343714099112,
            "gic_blocker": 0.0
        },
        "1": {
            "volt_mag": 0.0,
            "gic_blocker": 0.0
        },
        "19": {
            "volt_mag": 0.0,
            "gic_blocker": 0.0
        },
        "22": {
            "volt_mag": -1.154775134168588e-5,
            "gic_blocker": 0.0
        },
        "23": {
            "volt_mag": -413.1934437068375,
            "gic_blocker": 0.0
        },
        "6": {
            "volt_mag": 450.8286430729104,
            "gic_blocker": 0.9999999999955647
        },
        "11": {
            "volt_mag": -618.1708120506706,
            "gic_blocker": 0.0
        },
        "9": {
            "volt_mag": 0.0,
            "gic_blocker": 0.0
        },
        "14": {
            "volt_mag": 450.8286430734104,
            "gic_blocker": 0.0
        },
        "3": {
            "volt_mag": -1.1175243242901855e-5,
            "gic_blocker": 0.0
        },
        "7": {
            "volt_mag": 0.0,
            "gic_blocker": 0.0
        },
        "25": {
            "volt_mag": 0.0,
            "gic_blocker": 0.0
        },
        "4": {
            "volt_mag": -618.1720596592406,
            "gic_blocker": 1.00000000957406
        },
        "13": {
            "volt_mag": -484.4316107971172,
            "gic_blocker": 0.0
        },
        "15": {
            "volt_mag": 0.0,
            "gic_blocker": 0.0
        },
        "2": {
            "volt_mag": -413.19344373466333,
            "gic_blocker": 1.0000000008081162
        },
        "10": {
            "volt_mag": -1017.3528277685722,
            "gic_blocker": 0.0
        },
        "18": {
            "volt_mag": 1266.823656368746,
            "gic_blocker": 0.0
        },
        "21": {
            "volt_mag": 0.01317612489036021,
            "gic_blocker": 0.0
        },
        "26": {
            "volt_mag": -484.4306318436634,
            "gic_blocker": 0.0
        },
        "27": {
            "volt_mag": -484.3555621185587,
            "gic_blocker": 0.0
        }
    },
    "bus": {
        "5": {
            "qd": 3.5,
            "pd": 9.600000000000001
        },
        "16": {
            "qd": 1.8,
            "pd": 4.5
        },
        "20": {
            "qd": 0.0,
            "pd": 0.0
        },
        "12": {
            "qd": 0.0,
            "pd": 0.0
        },
        "8": {
            "qd": 0.0,
            "pd": 0.0
        },
        "17": {
            "qd": 0.0,
            "pd": 0.0
        },
        "1": {
            "qd": 0.0,
            "pd": 0.0
        },
        "19": {
            "qd": 0.0,
            "pd": 0.0
        },
        "6": {
            "qd": 1.35,
            "pd": 2.7
        },
        "11": {
            "qd": 0.0,
            "pd": 0.0
        },
        "14": {
            "qd": 0.0,
            "pd": 0.0
        },
        "3": {
            "qd": 0.0,
            "pd": 0.0
        },
        "7": {
            "qd": 0.0,
            "pd": 0.0
        },
        "4": {
            "qd": 6.6000000000000005,
            "pd": 13.5
        },
        "13": {
            "qd": 0.0,
            "pd": 0.0
        },
        "15": {
            "qd": 5.0,
            "pd": 12.0
        },
        "2": {
            "qd": 0.0,
            "pd": 0.0
        },
        "21": {
            "qd": 0.0,
            "pd": 0.0
        },
        "18": {
            "qd": 0.0,
            "pd": 0.0
        }
    }
}
