{
    "gmd_bus": {
        "5": {
            "volt_mag": -108.16883353228889,
            "gic_blocker": -6.596657426890906e-9
        },
        "16": {
            "volt_mag": 0.0,
            "gic_blocker": 0.0
        },
        "20": {
            "volt_mag": 0.0,
            "gic_blocker": 0.0
        },
        "12": {
            "volt_mag": -343.57931175344396,
            "gic_blocker": 0.0
        },
        "24": {
            "volt_mag": 0.0,
            "gic_blocker": 0.0
        },
        "8": {
            "volt_mag": 1020.4308095213445,
            "gic_blocker": 1.0
        },
        "17": {
            "volt_mag": 476.3415245629789,
            "gic_blocker": 0.0
        },
        "1": {
            "volt_mag": 0.0,
            "gic_blocker": 0.0
        },
        "19": {
            "volt_mag": 0.0,
            "gic_blocker": 1.0
        },
        "22": {
            "volt_mag": 88.57357548072918,
            "gic_blocker": 0.0
        },
        "23": {
            "volt_mag": -46.35995912383337,
            "gic_blocker": 0.0
        },
        "6": {
            "volt_mag": 163.54863670761287,
            "gic_blocker": -8.370714799182351e-9
        },
        "11": {
            "volt_mag": -340.91149568480006,
            "gic_blocker": 0.0
        },
        "9": {
            "volt_mag": 0.0,
            "gic_blocker": 0.0
        },
        "14": {
            "volt_mag": 204.43579622677083,
            "gic_blocker": 0.0
        },
        "3": {
            "volt_mag": 88.57357538773732,
            "gic_blocker": 0.9999999685035169
        },
        "7": {
            "volt_mag": 0.0,
            "gic_blocker": 0.0
        },
        "25": {
            "volt_mag": 0.0,
            "gic_blocker": 0.0
        },
        "4": {
            "volt_mag": -339.82901845920696,
            "gic_blocker": -5.557740178983887e-9
        },
        "13": {
            "volt_mag": -113.94832200495094,
            "gic_blocker": 0.0
        },
        "15": {
            "volt_mag": 0.0,
            "gic_blocker": 0.0
        },
        "2": {
            "volt_mag": -42.79380862768164,
            "gic_blocker": 5.2482423429572335e-8
        },
        "10": {
            "volt_mag": -695.3822091623389,
            "gic_blocker": 0.0
        },
        "18": {
            "volt_mag": 1020.4308095213445,
            "gic_blocker": 0.0
        },
        "21": {
            "volt_mag": 84.68084865007938,
            "gic_blocker": 0.0
        },
        "26": {
            "volt_mag": -110.31648403114919,
            "gic_blocker": 0.0
        },
        "27": {
            "volt_mag": -730.7484089654909,
            "gic_blocker": 0.0
        }
    },
    "bus": {
        "5": {
            "qd": 3.6750000000000003,
            "pd": 12.600000000000001
        },
        "16": {
            "qd": 2.1,
            "pd": 6.0
        },
        "20": {
            "qd": 0.0,
            "pd": 0.0
        },
        "12": {
            "qd": 0.0,
            "pd": 0.0
        },
        "8": {
            "qd": 0.0,
            "pd": 0.0
        },
        "17": {
            "qd": 0.0,
            "pd": 0.0
        },
        "1": {
            "qd": 0.0,
            "pd": 0.0
        },
        "19": {
            "qd": 0.0,
            "pd": 0.0
        },
        "6": {
            "qd": 1.35,
            "pd": 3.1500000000000004
        },
        "11": {
            "qd": 0.0,
            "pd": 0.0
        },
        "14": {
            "qd": 0.0,
            "pd": 0.0
        },
        "3": {
            "qd": 0.0,
            "pd": 0.0
        },
        "7": {
            "qd": 0.0,
            "pd": 0.0
        },
        "4": {
            "qd": 7.199999999999999,
            "pd": 15.0
        },
        "13": {
            "qd": 0.0,
            "pd": 0.0
        },
        "15": {
            "qd": 4.25,
            "pd": 11.399999999999999
        },
        "2": {
            "qd": 0.0,
            "pd": 0.0
        },
        "21": {
            "qd": 0.0,
            "pd": 0.0
        },
        "18": {
            "qd": 0.0,
            "pd": 0.0
        }
    }
}
