{
    "gmd_bus": {
        "5": {
            "volt_mag": -484.4312193988672,
            "gic_blocker": 1.0000000099643915
        },
        "16": {
            "volt_mag": 0.0,
            "gic_blocker": 0.0
        },
        "20": {
            "volt_mag": 0.0,
            "gic_blocker": 0.0
        },
        "12": {
            "volt_mag": -618.1807927121998,
            "gic_blocker": 0.0
        },
        "24": {
            "volt_mag": 0.0,
            "gic_blocker": 0.0
        },
        "8": {
            "volt_mag": 1266.8236563548855,
            "gic_blocker": 0.9999999999991052
        },
        "17": {
            "volt_mag": 722.7343714054941,
            "gic_blocker": 0.0
        },
        "1": {
            "volt_mag": 0.0,
            "gic_blocker": 0.0
        },
        "19": {
            "volt_mag": 0.0,
            "gic_blocker": 0.0
        },
        "22": {
            "volt_mag": -1.1542420342765141e-5,
            "gic_blocker": 0.0
        },
        "23": {
            "volt_mag": -413.1934436651738,
            "gic_blocker": 0.0
        },
        "6": {
            "volt_mag": 450.8286430740066,
            "gic_blocker": 0.9999999999932722
        },
        "11": {
            "volt_mag": -618.1708120405941,
            "gic_blocker": 0.0
        },
        "9": {
            "volt_mag": 0.0,
            "gic_blocker": 0.0
        },
        "14": {
            "volt_mag": 450.82864307476495,
            "gic_blocker": 0.0
        },
        "3": {
            "volt_mag": -1.1170084211684075e-5,
            "gic_blocker": 0.0
        },
        "7": {
            "volt_mag": 0.0,
            "gic_blocker": 0.0
        },
        "25": {
            "volt_mag": 0.0,
            "gic_blocker": 0.0
        },
        "4": {
            "volt_mag": -618.1720596491796,
            "gic_blocker": 1.0000000095751347
        },
        "13": {
            "volt_mag": -484.4316107872234,
            "gic_blocker": 0.0
        },
        "15": {
            "volt_mag": 0.0,
            "gic_blocker": 0.0
        },
        "2": {
            "volt_mag": -413.193443692158,
            "gic_blocker": 1.000000000783673
        },
        "10": {
            "volt_mag": -1017.3528277427288,
            "gic_blocker": 0.0
        },
        "18": {
            "volt_mag": 1266.8236563550743,
            "gic_blocker": 0.0
        },
        "21": {
            "volt_mag": 0.013176130210705184,
            "gic_blocker": 0.0
        },
        "26": {
            "volt_mag": -484.4306318336119,
            "gic_blocker": 0.0
        },
        "27": {
            "volt_mag": -484.35556212297564,
            "gic_blocker": 0.0
        }
    },
    "bus": {
        "5": {
            "qd": 2.975,
            "pd": 13.200000000000001
        },
        "16": {
            "qd": 1.6,
            "pd": 5.0
        },
        "20": {
            "qd": 0.0,
            "pd": 0.0
        },
        "12": {
            "qd": 0.0,
            "pd": 0.0
        },
        "8": {
            "qd": 0.0,
            "pd": 0.0
        },
        "17": {
            "qd": 0.0,
            "pd": 0.0
        },
        "1": {
            "qd": 0.0,
            "pd": 0.0
        },
        "19": {
            "qd": 0.0,
            "pd": 0.0
        },
        "6": {
            "qd": 1.2000000000000002,
            "pd": 2.4000000000000004
        },
        "11": {
            "qd": 0.0,
            "pd": 0.0
        },
        "14": {
            "qd": 0.0,
            "pd": 0.0
        },
        "3": {
            "qd": 0.0,
            "pd": 0.0
        },
        "7": {
            "qd": 0.0,
            "pd": 0.0
        },
        "4": {
            "qd": 6.8999999999999995,
            "pd": 13.5
        },
        "13": {
            "qd": 0.0,
            "pd": 0.0
        },
        "15": {
            "qd": 4.5,
            "pd": 11.399999999999999
        },
        "2": {
            "qd": 0.0,
            "pd": 0.0
        },
        "21": {
            "qd": 0.0,
            "pd": 0.0
        },
        "18": {
            "qd": 0.0,
            "pd": 0.0
        }
    }
}
