{
    "gmd_bus": {
        "5": {
            "volt_mag": -108.16883510477125,
            "gic_blocker": -6.752047677295e-9
        },
        "16": {
            "volt_mag": 0.0,
            "gic_blocker": 0.0
        },
        "20": {
            "volt_mag": 0.0,
            "gic_blocker": 0.0
        },
        "12": {
            "volt_mag": -343.57931592322905,
            "gic_blocker": 0.0
        },
        "24": {
            "volt_mag": 0.0,
            "gic_blocker": 0.0
        },
        "8": {
            "volt_mag": 1020.4308069258517,
            "gic_blocker": 1.0
        },
        "17": {
            "volt_mag": 476.3415219674862,
            "gic_blocker": 0.0
        },
        "1": {
            "volt_mag": 0.0,
            "gic_blocker": 0.0
        },
        "19": {
            "volt_mag": 0.0,
            "gic_blocker": 0.0
        },
        "22": {
            "volt_mag": 88.57356250531772,
            "gic_blocker": 0.0
        },
        "23": {
            "volt_mag": -46.35996081915362,
            "gic_blocker": 0.0
        },
        "6": {
            "volt_mag": 163.54863462798195,
            "gic_blocker": -8.469665569115246e-9
        },
        "11": {
            "volt_mag": -340.91149981645685,
            "gic_blocker": 0.0
        },
        "9": {
            "volt_mag": 0.0,
            "gic_blocker": 0.0
        },
        "14": {
            "volt_mag": 204.43579363127802,
            "gic_blocker": 0.0
        },
        "3": {
            "volt_mag": 88.57356208488297,
            "gic_blocker": 0.9999998575981002
        },
        "7": {
            "volt_mag": 0.0,
            "gic_blocker": 0.0
        },
        "25": {
            "volt_mag": 0.0,
            "gic_blocker": 0.0
        },
        "4": {
            "volt_mag": -339.8290225776552,
            "gic_blocker": -6.1328994025001025e-9
        },
        "13": {
            "volt_mag": -113.94832362733518,
            "gic_blocker": 0.0
        },
        "15": {
            "volt_mag": 0.0,
            "gic_blocker": 0.0
        },
        "2": {
            "volt_mag": -42.79381018508274,
            "gic_blocker": 5.020104794919183e-8
        },
        "10": {
            "volt_mag": -695.3822120778887,
            "gic_blocker": 0.0
        },
        "18": {
            "volt_mag": 1020.4308069258517,
            "gic_blocker": 0.0
        },
        "21": {
            "volt_mag": 84.68083600939502,
            "gic_blocker": 0.0
        },
        "26": {
            "volt_mag": -110.31648568770773,
            "gic_blocker": 0.0
        },
        "27": {
            "volt_mag": -730.7484115609834,
            "gic_blocker": 0.0
        }
    },
    "bus": {
        "5": {
            "qd": 4.2,
            "pd": 13.200000000000001
        },
        "16": {
            "qd": 2.1,
            "pd": 5.75
        },
        "20": {
            "qd": 0.0,
            "pd": 0.0
        },
        "12": {
            "qd": 0.0,
            "pd": 0.0
        },
        "8": {
            "qd": 0.0,
            "pd": 0.0
        },
        "17": {
            "qd": 0.0,
            "pd": 0.0
        },
        "1": {
            "qd": 0.0,
            "pd": 0.0
        },
        "19": {
            "qd": 0.0,
            "pd": 0.0
        },
        "6": {
            "qd": 1.7999999999999998,
            "pd": 2.7
        },
        "11": {
            "qd": 0.0,
            "pd": 0.0
        },
        "14": {
            "qd": 0.0,
            "pd": 0.0
        },
        "3": {
            "qd": 0.0,
            "pd": 0.0
        },
        "7": {
            "qd": 0.0,
            "pd": 0.0
        },
        "4": {
            "qd": 5.699999999999999,
            "pd": 17.25
        },
        "13": {
            "qd": 0.0,
            "pd": 0.0
        },
        "15": {
            "qd": 4.5,
            "pd": 12.0
        },
        "2": {
            "qd": 0.0,
            "pd": 0.0
        },
        "21": {
            "qd": 0.0,
            "pd": 0.0
        },
        "18": {
            "qd": 0.0,
            "pd": 0.0
        }
    }
}
