{
    "gmd_bus": {
        "5": {
            "volt_mag": -49.35152205023723,
            "gic_blocker": 0.0
        },
        "16": {
            "volt_mag": 0.0,
            "gic_blocker": 0.0
        },
        "20": {
            "volt_mag": 0.0,
            "gic_blocker": 0.0
        },
        "12": {
            "volt_mag": -236.73219404200594,
            "gic_blocker": 0.0
        },
        "24": {
            "volt_mag": 0.0,
            "gic_blocker": 0.0
        },
        "8": {
            "volt_mag": 1550.816869740144,
            "gic_blocker": 1.0
        },
        "17": {
            "volt_mag": 1006.7275847817785,
            "gic_blocker": 0.0
        },
        "1": {
            "volt_mag": 0.0,
            "gic_blocker": 0.0
        },
        "19": {
            "volt_mag": 0.0,
            "gic_blocker": 0.0
        },
        "22": {
            "volt_mag": 174.97078676969673,
            "gic_blocker": 0.0
        },
        "23": {
            "volt_mag": -25.740937233121457,
            "gic_blocker": 0.0
        },
        "6": {
            "volt_mag": 734.8218564455703,
            "gic_blocker": 1.0
        },
        "11": {
            "volt_mag": -235.08351397510128,
            "gic_blocker": 0.0
        },
        "9": {
            "volt_mag": 0.0,
            "gic_blocker": 0.0
        },
        "14": {
            "volt_mag": 734.8218564455703,
            "gic_blocker": 0.0
        },
        "3": {
            "volt_mag": 169.3265679781957,
            "gic_blocker": 0.0
        },
        "7": {
            "volt_mag": 0.0,
            "gic_blocker": 0.0
        },
        "25": {
            "volt_mag": 0.0,
            "gic_blocker": 0.0
        },
        "4": {
            "volt_mag": -234.31329360588828,
            "gic_blocker": 0.0
        },
        "13": {
            "volt_mag": -51.235760609042146,
            "gic_blocker": 0.0
        },
        "15": {
            "volt_mag": 0.0,
            "gic_blocker": 0.0
        },
        "2": {
            "volt_mag": -23.76086515654355,
            "gic_blocker": 0.0
        },
        "10": {
            "volt_mag": -632.0866185636403,
            "gic_blocker": 0.0
        },
        "18": {
            "volt_mag": 1550.816869740144,
            "gic_blocker": 0.0
        },
        "21": {
            "volt_mag": 180.17149487267466,
            "gic_blocker": 0.0
        },
        "26": {
            "volt_mag": -51.46031634639463,
            "gic_blocker": 0.0
        },
        "27": {
            "volt_mag": -200.36234874669125,
            "gic_blocker": 0.0
        }
    },
    "bus": {
        "5": {
            "qd": 3.3249999999999997,
            "pd": 12.600000000000001
        },
        "16": {
            "qd": 2.0,
            "pd": 5.5
        },
        "20": {
            "qd": 0.0,
            "pd": 0.0
        },
        "12": {
            "qd": 0.0,
            "pd": 0.0
        },
        "8": {
            "qd": 0.0,
            "pd": 0.0
        },
        "17": {
            "qd": 0.0,
            "pd": 0.0
        },
        "1": {
            "qd": 0.0,
            "pd": 0.0
        },
        "19": {
            "qd": 0.0,
            "pd": 0.0
        },
        "6": {
            "qd": 1.5,
            "pd": 3.5999999999999996
        },
        "11": {
            "qd": 0.0,
            "pd": 0.0
        },
        "14": {
            "qd": 0.0,
            "pd": 0.0
        },
        "3": {
            "qd": 0.0,
            "pd": 0.0
        },
        "7": {
            "qd": 0.0,
            "pd": 0.0
        },
        "4": {
            "qd": 5.699999999999999,
            "pd": 14.25
        },
        "13": {
            "qd": 0.0,
            "pd": 0.0
        },
        "15": {
            "qd": 6.0,
            "pd": 10.8
        },
        "2": {
            "qd": 0.0,
            "pd": 0.0
        },
        "21": {
            "qd": 0.0,
            "pd": 0.0
        },
        "18": {
            "qd": 0.0,
            "pd": 0.0
        }
    }
}
