{
    "gmd_bus": {
        "5": {
            "volt_mag": -484.43121942590324,
            "gic_blocker": 1.0000000099633664
        },
        "16": {
            "volt_mag": 0.0,
            "gic_blocker": 0.0
        },
        "20": {
            "volt_mag": 0.0,
            "gic_blocker": 0.0
        },
        "12": {
            "volt_mag": -618.1807927393012,
            "gic_blocker": 0.0
        },
        "24": {
            "volt_mag": 0.0,
            "gic_blocker": 0.0
        },
        "8": {
            "volt_mag": 1266.8236563505814,
            "gic_blocker": 0.999999999999828
        },
        "17": {
            "volt_mag": 722.7343713939404,
            "gic_blocker": 0.0
        },
        "1": {
            "volt_mag": 0.0,
            "gic_blocker": 0.0
        },
        "19": {
            "volt_mag": 0.0,
            "gic_blocker": 0.0
        },
        "22": {
            "volt_mag": -1.1557491963452541e-5,
            "gic_blocker": 0.0
        },
        "23": {
            "volt_mag": -413.193443749454,
            "gic_blocker": 0.0
        },
        "6": {
            "volt_mag": 450.82864305821664,
            "gic_blocker": 0.9999999999949561
        },
        "11": {
            "volt_mag": -618.170812067896,
            "gic_blocker": 0.0
        },
        "9": {
            "volt_mag": 0.0,
            "gic_blocker": 0.0
        },
        "14": {
            "volt_mag": 450.82864305878513,
            "gic_blocker": 0.0
        },
        "3": {
            "volt_mag": -1.1184669651070742e-5,
            "gic_blocker": 0.0
        },
        "7": {
            "volt_mag": 0.0,
            "gic_blocker": 0.0
        },
        "25": {
            "volt_mag": 0.0,
            "gic_blocker": 0.0
        },
        "4": {
            "volt_mag": -618.1720596764612,
            "gic_blocker": 1.0000000095770174
        },
        "13": {
            "volt_mag": -484.4316108141879,
            "gic_blocker": 0.0
        },
        "15": {
            "volt_mag": 0.0,
            "gic_blocker": 0.0
        },
        "2": {
            "volt_mag": -413.1934437779961,
            "gic_blocker": 1.0000000008289203
        },
        "10": {
            "volt_mag": -1017.3528277984716,
            "gic_blocker": 0.0
        },
        "18": {
            "volt_mag": 1266.8236563506177,
            "gic_blocker": 0.0
        },
        "21": {
            "volt_mag": 0.013176114944667468,
            "gic_blocker": 0.0
        },
        "26": {
            "volt_mag": -484.43063186080485,
            "gic_blocker": 0.0
        },
        "27": {
            "volt_mag": -484.3555621345294,
            "gic_blocker": 0.0
        }
    },
    "bus": {
        "5": {
            "qd": 4.0249999999999995,
            "pd": 12.600000000000001
        },
        "16": {
            "qd": 1.8,
            "pd": 4.75
        },
        "20": {
            "qd": 0.0,
            "pd": 0.0
        },
        "12": {
            "qd": 0.0,
            "pd": 0.0
        },
        "8": {
            "qd": 0.0,
            "pd": 0.0
        },
        "17": {
            "qd": 0.0,
            "pd": 0.0
        },
        "1": {
            "qd": 0.0,
            "pd": 0.0
        },
        "19": {
            "qd": 0.0,
            "pd": 0.0
        },
        "6": {
            "qd": 1.2000000000000002,
            "pd": 3.0
        },
        "11": {
            "qd": 0.0,
            "pd": 0.0
        },
        "14": {
            "qd": 0.0,
            "pd": 0.0
        },
        "3": {
            "qd": 0.0,
            "pd": 0.0
        },
        "7": {
            "qd": 0.0,
            "pd": 0.0
        },
        "4": {
            "qd": 6.0,
            "pd": 12.0
        },
        "13": {
            "qd": 0.0,
            "pd": 0.0
        },
        "15": {
            "qd": 5.25,
            "pd": 10.2
        },
        "2": {
            "qd": 0.0,
            "pd": 0.0
        },
        "21": {
            "qd": 0.0,
            "pd": 0.0
        },
        "18": {
            "qd": 0.0,
            "pd": 0.0
        }
    }
}
