{
    "gmd_bus": {
        "5": {
            "volt_mag": -119.97837284814187,
            "gic_blocker": 0.0
        },
        "16": {
            "volt_mag": 0.0,
            "gic_blocker": 1.0
        },
        "20": {
            "volt_mag": 0.0,
            "gic_blocker": 0.0
        },
        "12": {
            "volt_mag": -369.9238976989732,
            "gic_blocker": 0.0
        },
        "24": {
            "volt_mag": 0.0,
            "gic_blocker": 0.0
        },
        "8": {
            "volt_mag": 1011.7583972248092,
            "gic_blocker": 1.0
        },
        "17": {
            "volt_mag": 467.66911226644373,
            "gic_blocker": 0.0
        },
        "1": {
            "volt_mag": 0.0,
            "gic_blocker": 1.0
        },
        "19": {
            "volt_mag": 0.0,
            "gic_blocker": 1.0
        },
        "22": {
            "volt_mag": 52.57529558216726,
            "gic_blocker": 1.0
        },
        "23": {
            "volt_mag": -215.45886289337778,
            "gic_blocker": 0.0
        },
        "6": {
            "volt_mag": 156.61070714418844,
            "gic_blocker": 0.0
        },
        "11": {
            "volt_mag": -367.5536806966037,
            "gic_blocker": 0.0
        },
        "9": {
            "volt_mag": 0.0,
            "gic_blocker": 0.0
        },
        "14": {
            "volt_mag": 195.76338393023553,
            "gic_blocker": 0.0
        },
        "3": {
            "volt_mag": 52.575294856323495,
            "gic_blocker": 0.9999995858261304
        },
        "7": {
            "volt_mag": 0.0,
            "gic_blocker": 0.0
        },
        "25": {
            "volt_mag": 0.0,
            "gic_blocker": 0.0
        },
        "4": {
            "volt_mag": -366.3236101259571,
            "gic_blocker": 4.3210134601272373e-7
        },
        "13": {
            "volt_mag": -125.97892744831982,
            "gic_blocker": 0.0
        },
        "15": {
            "volt_mag": 0.0,
            "gic_blocker": 0.0
        },
        "2": {
            "volt_mag": -215.45886289337778,
            "gic_blocker": 1.0
        },
        "10": {
            "volt_mag": -793.1322317943346,
            "gic_blocker": 0.0
        },
        "18": {
            "volt_mag": 1011.7583972248092,
            "gic_blocker": 0.0
        },
        "21": {
            "volt_mag": 49.36536026191,
            "gic_blocker": 1.0
        },
        "26": {
            "volt_mag": -122.97537800766834,
            "gic_blocker": 0.0
        },
        "27": {
            "volt_mag": -739.4208212620259,
            "gic_blocker": 0.0
        }
    },
    "bus": {
        "5": {
            "qd": 4.0249999999999995,
            "pd": 11.399999999999999
        },
        "16": {
            "qd": 1.8,
            "pd": 4.0
        },
        "20": {
            "qd": 0.0,
            "pd": 0.0
        },
        "12": {
            "qd": 0.0,
            "pd": 0.0
        },
        "8": {
            "qd": 0.0,
            "pd": 0.0
        },
        "17": {
            "qd": 0.0,
            "pd": 0.0
        },
        "1": {
            "qd": 0.0,
            "pd": 0.0
        },
        "19": {
            "qd": 0.0,
            "pd": 0.0
        },
        "6": {
            "qd": 1.7999999999999998,
            "pd": 2.7
        },
        "11": {
            "qd": 0.0,
            "pd": 0.0
        },
        "14": {
            "qd": 0.0,
            "pd": 0.0
        },
        "3": {
            "qd": 0.0,
            "pd": 0.0
        },
        "7": {
            "qd": 0.0,
            "pd": 0.0
        },
        "4": {
            "qd": 6.0,
            "pd": 17.25
        },
        "13": {
            "qd": 0.0,
            "pd": 0.0
        },
        "15": {
            "qd": 5.5,
            "pd": 13.799999999999999
        },
        "2": {
            "qd": 0.0,
            "pd": 0.0
        },
        "21": {
            "qd": 0.0,
            "pd": 0.0
        },
        "18": {
            "qd": 0.0,
            "pd": 0.0
        }
    }
}
