{
    "gmd_bus": {
        "5": {
            "volt_mag": -484.43121939066947,
            "gic_blocker": 1.0000000099646393
        },
        "16": {
            "volt_mag": 0.0,
            "gic_blocker": 0.0
        },
        "20": {
            "volt_mag": 0.0,
            "gic_blocker": 0.0
        },
        "12": {
            "volt_mag": -618.1807927026982,
            "gic_blocker": 0.0
        },
        "24": {
            "volt_mag": 0.0,
            "gic_blocker": 0.0
        },
        "8": {
            "volt_mag": 1266.823656369843,
            "gic_blocker": 0.9999999999994997
        },
        "17": {
            "volt_mag": 722.7343714164952,
            "gic_blocker": 0.0
        },
        "1": {
            "volt_mag": 0.0,
            "gic_blocker": 0.0
        },
        "19": {
            "volt_mag": 0.0,
            "gic_blocker": 0.0
        },
        "22": {
            "volt_mag": -1.153799758437135e-5,
            "gic_blocker": 0.0
        },
        "23": {
            "volt_mag": -413.19344365619907,
            "gic_blocker": 0.0
        },
        "6": {
            "volt_mag": 450.828643082667,
            "gic_blocker": 0.999999999993937
        },
        "11": {
            "volt_mag": -618.1708120310143,
            "gic_blocker": 0.0
        },
        "9": {
            "volt_mag": 0.0,
            "gic_blocker": 0.0
        },
        "14": {
            "volt_mag": 450.82864308335036,
            "gic_blocker": 0.0
        },
        "3": {
            "volt_mag": -1.116580412291244e-5,
            "gic_blocker": 0.0
        },
        "7": {
            "volt_mag": 0.0,
            "gic_blocker": 0.0
        },
        "25": {
            "volt_mag": 0.0,
            "gic_blocker": 0.0
        },
        "4": {
            "volt_mag": -618.1720596395612,
            "gic_blocker": 1.0000000095563866
        },
        "13": {
            "volt_mag": -484.43161077900146,
            "gic_blocker": 0.0
        },
        "15": {
            "volt_mag": 0.0,
            "gic_blocker": 0.0
        },
        "2": {
            "volt_mag": -413.1934436831329,
            "gic_blocker": 1.0000000007822136
        },
        "10": {
            "volt_mag": -1017.3528277334511,
            "gic_blocker": 0.0
        },
        "18": {
            "volt_mag": 1266.8236563699488,
            "gic_blocker": 0.0
        },
        "21": {
            "volt_mag": 0.01317613479039512,
            "gic_blocker": 0.0
        },
        "26": {
            "volt_mag": -484.4306318254385,
            "gic_blocker": 0.0
        },
        "27": {
            "volt_mag": -484.35556211197445,
            "gic_blocker": 0.0
        }
    },
    "bus": {
        "5": {
            "qd": 3.15,
            "pd": 13.799999999999999
        },
        "16": {
            "qd": 2.3,
            "pd": 4.25
        },
        "20": {
            "qd": 0.0,
            "pd": 0.0
        },
        "12": {
            "qd": 0.0,
            "pd": 0.0
        },
        "8": {
            "qd": 0.0,
            "pd": 0.0
        },
        "17": {
            "qd": 0.0,
            "pd": 0.0
        },
        "1": {
            "qd": 0.0,
            "pd": 0.0
        },
        "19": {
            "qd": 0.0,
            "pd": 0.0
        },
        "6": {
            "qd": 1.5750000000000002,
            "pd": 3.4499999999999997
        },
        "11": {
            "qd": 0.0,
            "pd": 0.0
        },
        "14": {
            "qd": 0.0,
            "pd": 0.0
        },
        "3": {
            "qd": 0.0,
            "pd": 0.0
        },
        "7": {
            "qd": 0.0,
            "pd": 0.0
        },
        "4": {
            "qd": 6.8999999999999995,
            "pd": 14.25
        },
        "13": {
            "qd": 0.0,
            "pd": 0.0
        },
        "15": {
            "qd": 4.75,
            "pd": 10.2
        },
        "2": {
            "qd": 0.0,
            "pd": 0.0
        },
        "21": {
            "qd": 0.0,
            "pd": 0.0
        },
        "18": {
            "qd": 0.0,
            "pd": 0.0
        }
    }
}
