{
    "gmd_bus": {
        "5": {
            "volt_mag": -108.16884772508912,
            "gic_blocker": 1.3622775086885351e-8
        },
        "16": {
            "volt_mag": 0.0,
            "gic_blocker": 0.0
        },
        "20": {
            "volt_mag": 0.0,
            "gic_blocker": 0.0
        },
        "12": {
            "volt_mag": -343.5793462251347,
            "gic_blocker": 0.0
        },
        "24": {
            "volt_mag": 0.0,
            "gic_blocker": 0.0
        },
        "8": {
            "volt_mag": 1020.4307910690258,
            "gic_blocker": 1.0
        },
        "17": {
            "volt_mag": 476.3415061106604,
            "gic_blocker": 0.0
        },
        "1": {
            "volt_mag": 0.0,
            "gic_blocker": 0.0
        },
        "19": {
            "volt_mag": 0.0,
            "gic_blocker": 0.0
        },
        "22": {
            "volt_mag": 88.57347951121695,
            "gic_blocker": 1.0
        },
        "23": {
            "volt_mag": -46.359985876236706,
            "gic_blocker": 0.0
        },
        "6": {
            "volt_mag": 163.54862226436677,
            "gic_blocker": 1.3697742996073877e-9
        },
        "11": {
            "volt_mag": -340.91152995517575,
            "gic_blocker": 0.0
        },
        "9": {
            "volt_mag": 0.0,
            "gic_blocker": 0.0
        },
        "14": {
            "volt_mag": 204.4357777744523,
            "gic_blocker": 0.0
        },
        "3": {
            "volt_mag": 88.57347709578396,
            "gic_blocker": 0.9999991818883757
        },
        "7": {
            "volt_mag": 0.0,
            "gic_blocker": 0.0
        },
        "25": {
            "volt_mag": 0.0,
            "gic_blocker": 0.0
        },
        "4": {
            "volt_mag": -339.82905264898613,
            "gic_blocker": 2.0358693051881624e-8
        },
        "13": {
            "volt_mag": -113.94833656288935,
            "gic_blocker": 0.0
        },
        "15": {
            "volt_mag": 0.0,
            "gic_blocker": 0.0
        },
        "2": {
            "volt_mag": -42.79383467068866,
            "gic_blocker": 4.62126707495306e-7
        },
        "10": {
            "volt_mag": -695.3822396800888,
            "gic_blocker": 0.0
        },
        "18": {
            "volt_mag": 1020.4307910690258,
            "gic_blocker": 0.0
        },
        "21": {
            "volt_mag": 84.68075511779205,
            "gic_blocker": 0.0
        },
        "26": {
            "volt_mag": -110.31649887681087,
            "gic_blocker": 0.0
        },
        "27": {
            "volt_mag": -730.7484274178092,
            "gic_blocker": 0.0
        }
    },
    "bus": {
        "5": {
            "qd": 3.5,
            "pd": 13.799999999999999
        },
        "16": {
            "qd": 1.7,
            "pd": 5.75
        },
        "20": {
            "qd": 0.0,
            "pd": 0.0
        },
        "12": {
            "qd": 0.0,
            "pd": 0.0
        },
        "8": {
            "qd": 0.0,
            "pd": 0.0
        },
        "17": {
            "qd": 0.0,
            "pd": 0.0
        },
        "1": {
            "qd": 0.0,
            "pd": 0.0
        },
        "19": {
            "qd": 0.0,
            "pd": 0.0
        },
        "6": {
            "qd": 1.7249999999999999,
            "pd": 2.55
        },
        "11": {
            "qd": 0.0,
            "pd": 0.0
        },
        "14": {
            "qd": 0.0,
            "pd": 0.0
        },
        "3": {
            "qd": 0.0,
            "pd": 0.0
        },
        "7": {
            "qd": 0.0,
            "pd": 0.0
        },
        "4": {
            "qd": 6.6000000000000005,
            "pd": 12.75
        },
        "13": {
            "qd": 0.0,
            "pd": 0.0
        },
        "15": {
            "qd": 5.0,
            "pd": 12.600000000000001
        },
        "2": {
            "qd": 0.0,
            "pd": 0.0
        },
        "21": {
            "qd": 0.0,
            "pd": 0.0
        },
        "18": {
            "qd": 0.0,
            "pd": 0.0
        }
    }
}
