{
    "gmd_bus": {
        "5": {
            "volt_mag": -484.4312194567022,
            "gic_blocker": 1.000000009965492
        },
        "16": {
            "volt_mag": 0.0,
            "gic_blocker": 0.0
        },
        "20": {
            "volt_mag": 0.0,
            "gic_blocker": 0.0
        },
        "12": {
            "volt_mag": -618.180792769402,
            "gic_blocker": 0.0
        },
        "24": {
            "volt_mag": 0.0,
            "gic_blocker": 0.0
        },
        "8": {
            "volt_mag": 1266.8236563186126,
            "gic_blocker": 0.9999999999993804
        },
        "17": {
            "volt_mag": 722.7343713664609,
            "gic_blocker": 0.0
        },
        "1": {
            "volt_mag": 0.0,
            "gic_blocker": 0.0
        },
        "19": {
            "volt_mag": 0.0,
            "gic_blocker": 0.0
        },
        "22": {
            "volt_mag": -1.1572884789923393e-5,
            "gic_blocker": 0.0
        },
        "23": {
            "volt_mag": -413.19344380061574,
            "gic_blocker": 0.0
        },
        "6": {
            "volt_mag": 450.82864303339863,
            "gic_blocker": 0.9999999999942514
        },
        "11": {
            "volt_mag": -618.1708120981688,
            "gic_blocker": 0.0
        },
        "9": {
            "volt_mag": 0.0,
            "gic_blocker": 0.0
        },
        "14": {
            "volt_mag": 450.82864303404654,
            "gic_blocker": 0.0
        },
        "3": {
            "volt_mag": -1.1199565934764223e-5,
            "gic_blocker": 0.0
        },
        "7": {
            "volt_mag": 0.0,
            "gic_blocker": 0.0
        },
        "25": {
            "volt_mag": 0.0,
            "gic_blocker": 0.0
        },
        "4": {
            "volt_mag": -618.1720597067734,
            "gic_blocker": 1.000000009600657
        },
        "13": {
            "volt_mag": -484.43161084493556,
            "gic_blocker": 0.0
        },
        "15": {
            "volt_mag": 0.0,
            "gic_blocker": 0.0
        },
        "2": {
            "volt_mag": -413.1934438298366,
            "gic_blocker": 1.000000000848631
        },
        "10": {
            "volt_mag": -1017.3528278391711,
            "gic_blocker": 0.0
        },
        "18": {
            "volt_mag": 1266.8236563187434,
            "gic_blocker": 0.0
        },
        "21": {
            "volt_mag": 0.013176099151030097,
            "gic_blocker": 0.0
        },
        "26": {
            "volt_mag": -484.430631891578,
            "gic_blocker": 0.0
        },
        "27": {
            "volt_mag": -484.3555621620089,
            "gic_blocker": 0.0
        }
    },
    "bus": {
        "5": {
            "qd": 3.3249999999999997,
            "pd": 13.200000000000001
        },
        "16": {
            "qd": 1.7,
            "pd": 4.5
        },
        "20": {
            "qd": 0.0,
            "pd": 0.0
        },
        "12": {
            "qd": 0.0,
            "pd": 0.0
        },
        "8": {
            "qd": 0.0,
            "pd": 0.0
        },
        "17": {
            "qd": 0.0,
            "pd": 0.0
        },
        "1": {
            "qd": 0.0,
            "pd": 0.0
        },
        "19": {
            "qd": 0.0,
            "pd": 0.0
        },
        "6": {
            "qd": 1.275,
            "pd": 2.55
        },
        "11": {
            "qd": 0.0,
            "pd": 0.0
        },
        "14": {
            "qd": 0.0,
            "pd": 0.0
        },
        "3": {
            "qd": 0.0,
            "pd": 0.0
        },
        "7": {
            "qd": 0.0,
            "pd": 0.0
        },
        "4": {
            "qd": 5.4,
            "pd": 12.0
        },
        "13": {
            "qd": 0.0,
            "pd": 0.0
        },
        "15": {
            "qd": 4.25,
            "pd": 12.0
        },
        "2": {
            "qd": 0.0,
            "pd": 0.0
        },
        "21": {
            "qd": 0.0,
            "pd": 0.0
        },
        "18": {
            "qd": 0.0,
            "pd": 0.0
        }
    }
}
